-- phpMyAdmin SQL Dump
-- version 4.5.2
-- http://www.phpmyadmin.net
--
-- Servidor: localhost
-- Tiempo de generación: 14-07-2016 a las 21:18:15
-- Versión del servidor: 10.1.13-MariaDB
-- Versión de PHP: 5.6.21

SET SQL_MODE = "NO_AUTO_VALUE_ON_ZERO";
SET time_zone = "+00:00";


/*!40101 SET @OLD_CHARACTER_SET_CLIENT=@@CHARACTER_SET_CLIENT */;
/*!40101 SET @OLD_CHARACTER_SET_RESULTS=@@CHARACTER_SET_RESULTS */;
/*!40101 SET @OLD_COLLATION_CONNECTION=@@COLLATION_CONNECTION */;
/*!40101 SET NAMES utf8mb4 */;

--
-- Base de datos: `movsens`
--

-- --------------------------------------------------------

--
-- Estructura de tabla para la tabla `AuthAssignment`
--

CREATE TABLE `AuthAssignment` (
  `itemname` varchar(64) NOT NULL,
  `userid` varchar(64) NOT NULL,
  `bizrule` mediumtext,
  `data` text
) ENGINE=InnoDB DEFAULT CHARSET=utf8;

--
-- Volcado de datos para la tabla `AuthAssignment`
--

INSERT INTO `AuthAssignment` (`itemname`, `userid`, `bizrule`, `data`) VALUES
('createCepa', 'Biólogo', NULL, 'N;'),
('createCepa', 'Prueba #2', NULL, 'N;'),
('createCepa', 'Rol prueba permisos', NULL, 'N;'),
('createCepa', 'superusuario', NULL, 'N;'),
('createCepa', 'Todos', NULL, 'N;'),
('createClientes', 'superusuario', NULL, 'N;'),
('createClientes', 'Tecnico cepas', NULL, 'N;'),
('createClientes', 'Todos', NULL, 'N;'),
('createEspecie', 'Rol prueba permisos', NULL, 'N;'),
('createEspecie', 'superusuario', NULL, 'N;'),
('createEspecie', 'Tecnico cepas', NULL, 'N;'),
('createEspecie', 'Todos', NULL, 'N;'),
('createEstacion', 'superusuario', NULL, 'N;'),
('createEstacion', 'Tecnico cepas', NULL, 'N;'),
('createEstacion', 'Todos', NULL, 'N;'),
('createPersonal', 'Rol prueba permisos', NULL, 'N;'),
('createPersonal', 'superusuario', NULL, 'N;'),
('createPersonal', 'Todos', NULL, 'N;'),
('createRoles', 'superusuario', NULL, 'N;'),
('createRoles', 'Todos', NULL, 'N;'),
('createSolicitudes', 'Biólogo', NULL, 'N;'),
('createSolicitudes', 'Rol prueba permisos', NULL, 'N;'),
('createSolicitudes', 'superusuario', NULL, 'N;'),
('createSolicitudes', 'Todos', NULL, 'N;'),
('createUsuarios', 'superusuario', NULL, 'N;'),
('createUsuarios', 'Todos', NULL, 'N;'),
('createViajes', 'Biólogo', NULL, 'N;'),
('createViajes', 'Chofer', NULL, 'N;'),
('createViajes', 'Rol prueba permisos', NULL, 'N;'),
('createViajes', 'superusuario', NULL, 'N;'),
('createViajes', 'Tecnico cepas', NULL, 'N;'),
('createViajes', 'Todos', NULL, 'N;'),
('deleteCepa', 'Biólogo', NULL, 'N;'),
('deleteCepa', 'Prueba #2', NULL, 'N;'),
('deleteCepa', 'Rol prueba permisos', NULL, 'N;'),
('deleteCepa', 'superusuario', NULL, 'N;'),
('deleteCepa', 'Todos', NULL, 'N;'),
('deleteClientes', 'Prueba #2', NULL, 'N;'),
('deleteClientes', 'superusuario', NULL, 'N;'),
('deleteClientes', 'Todos', NULL, 'N;'),
('deleteEspecie', 'Prueba #2', NULL, 'N;'),
('deleteEspecie', 'Rol prueba permisos', NULL, 'N;'),
('deleteEspecie', 'superusuario', NULL, 'N;'),
('deleteEspecie', 'Todos', NULL, 'N;'),
('deleteEstacion', 'superusuario', NULL, 'N;'),
('deleteEstacion', 'Tecnico cepas', NULL, 'N;'),
('deleteEstacion', 'Todos', NULL, 'N;'),
('deletePersonal', 'Rol prueba permisos', NULL, 'N;'),
('deletePersonal', 'superusuario', NULL, 'N;'),
('deletePersonal', 'Todos', NULL, 'N;'),
('deleteRoles', 'superusuario', NULL, 'N;'),
('deleteRoles', 'Todos', NULL, 'N;'),
('deleteSolicitudes', 'Biólogo', NULL, 'N;'),
('deleteSolicitudes', 'Prueba #2', NULL, 'N;'),
('deleteSolicitudes', 'Rol prueba permisos', NULL, 'N;'),
('deleteSolicitudes', 'superusuario', NULL, 'N;'),
('deleteSolicitudes', 'Tecnico cepas', NULL, 'N;'),
('deleteSolicitudes', 'Todos', NULL, 'N;'),
('deleteUsuarios', 'Prueba #2', NULL, 'N;'),
('deleteUsuarios', 'superusuario', NULL, 'N;'),
('deleteUsuarios', 'Todos', NULL, 'N;'),
('deleteViajes', 'Biólogo', NULL, 'N;'),
('deleteViajes', 'Chofer', NULL, 'N;'),
('deleteViajes', 'Rol prueba permisos', NULL, 'N;'),
('deleteViajes', 'superusuario', NULL, 'N;'),
('deleteViajes', 'Todos', NULL, 'N;'),
('readCepa', 'Biólogo', NULL, 'N;'),
('readCepa', 'Prueba #2', NULL, 'N;'),
('readCepa', 'Rol prueba permisos', NULL, 'N;'),
('readCepa', 'superusuario', NULL, 'N;'),
('readCepa', 'Todos', NULL, 'N;'),
('readClientes', 'superusuario', NULL, 'N;'),
('readClientes', 'Tecnico cepas', NULL, 'N;'),
('readClientes', 'Todos', NULL, 'N;'),
('readEspecie', 'Prueba #2', NULL, 'N;'),
('readEspecie', 'Rol prueba permisos', NULL, 'N;'),
('readEspecie', 'superusuario', NULL, 'N;'),
('readEspecie', 'Tecnico cepas', NULL, 'N;'),
('readEspecie', 'Todos', NULL, 'N;'),
('readEstacion', 'Prueba #2', NULL, 'N;'),
('readEstacion', 'superusuario', NULL, 'N;'),
('readEstacion', 'Tecnico cepas', NULL, 'N;'),
('readEstacion', 'Todos', NULL, 'N;'),
('readPersonal', 'Rol prueba permisos', NULL, 'N;'),
('readPersonal', 'superusuario', NULL, 'N;'),
('readPersonal', 'Tecnico cepas', NULL, 'N;'),
('readPersonal', 'Todos', NULL, 'N;'),
('readRoles', 'Prueba #2', NULL, 'N;'),
('readRoles', 'superusuario', NULL, 'N;'),
('readRoles', 'Tecnico cepas', NULL, 'N;'),
('readRoles', 'Todos', NULL, 'N;'),
('readSolicitudes', 'Biólogo', NULL, 'N;'),
('readSolicitudes', 'Prueba #2', NULL, 'N;'),
('readSolicitudes', 'Rol prueba permisos', NULL, 'N;'),
('readSolicitudes', 'superusuario', NULL, 'N;'),
('readSolicitudes', 'Tecnico cepas', NULL, 'N;'),
('readSolicitudes', 'Todos', NULL, 'N;'),
('readUsuarios', 'superusuario', NULL, 'N;'),
('readUsuarios', 'Tecnico cepas', NULL, 'N;'),
('readUsuarios', 'Todos', NULL, 'N;'),
('readViajes', 'Biólogo', NULL, 'N;'),
('readViajes', 'Chofer', NULL, 'N;'),
('readViajes', 'Prueba #2', NULL, 'N;'),
('readViajes', 'Rol prueba permisos', NULL, 'N;'),
('readViajes', 'superusuario', NULL, 'N;'),
('readViajes', 'Tecnico cepas', NULL, 'N;'),
('readViajes', 'Todos', NULL, 'N;'),
('updateCepa', 'Biólogo', NULL, 'N;'),
('updateCepa', 'Rol prueba permisos', NULL, 'N;'),
('updateCepa', 'superusuario', NULL, 'N;'),
('updateCepa', 'Tecnico cepas', NULL, 'N;'),
('updateCepa', 'Todos', NULL, 'N;'),
('updateClientes', 'superusuario', NULL, 'N;'),
('updateClientes', 'Todos', NULL, 'N;'),
('updateEspecie', 'Rol prueba permisos', NULL, 'N;'),
('updateEspecie', 'superusuario', NULL, 'N;'),
('updateEspecie', 'Todos', NULL, 'N;'),
('updateEstacion', 'superusuario', NULL, 'N;'),
('updateEstacion', 'Tecnico cepas', NULL, 'N;'),
('updateEstacion', 'Todos', NULL, 'N;'),
('updatePersonal', 'Prueba #2', NULL, 'N;'),
('updatePersonal', 'Rol prueba permisos', NULL, 'N;'),
('updatePersonal', 'superusuario', NULL, 'N;'),
('updatePersonal', 'Todos', NULL, 'N;'),
('updateRoles', 'Prueba #2', NULL, 'N;'),
('updateRoles', 'superusuario', NULL, 'N;'),
('updateRoles', 'Tecnico cepas', NULL, 'N;'),
('updateRoles', 'Todos', NULL, 'N;'),
('updateSolicitudes', 'Biólogo', NULL, 'N;'),
('updateSolicitudes', 'Rol prueba permisos', NULL, 'N;'),
('updateSolicitudes', 'superusuario', NULL, 'N;'),
('updateSolicitudes', 'Todos', NULL, 'N;'),
('updateUsuarios', 'Prueba #2', NULL, 'N;'),
('updateUsuarios', 'superusuario', NULL, 'N;'),
('updateUsuarios', 'Todos', NULL, 'N;'),
('updateViajes', 'Biólogo', NULL, 'N;'),
('updateViajes', 'Chofer', NULL, 'N;'),
('updateViajes', 'Prueba #2', NULL, 'N;'),
('updateViajes', 'Rol prueba permisos', NULL, 'N;'),
('updateViajes', 'superusuario', NULL, 'N;'),
('updateViajes', 'Todos', NULL, 'N;');

-- --------------------------------------------------------

--
-- Estructura de tabla para la tabla `AuthItem`
--

CREATE TABLE `AuthItem` (
  `name` varchar(64) NOT NULL,
  `type` int(11) NOT NULL,
  `description` mediumtext,
  `bizrule` mediumtext,
  `data` text
) ENGINE=InnoDB DEFAULT CHARSET=utf8;

--
-- Volcado de datos para la tabla `AuthItem`
--

INSERT INTO `AuthItem` (`name`, `type`, `description`, `bizrule`, `data`) VALUES
('create', 0, 'create a post', NULL, 'N;'),
('createCepa', 2, '', NULL, 'N;'),
('createClientes', 2, '', NULL, 'N;'),
('createEspecie', 2, '', NULL, 'N;'),
('createEstacion', 2, '', NULL, 'N;'),
('createPersonal', 2, '', NULL, 'N;'),
('createRoles', 2, '', NULL, 'N;'),
('createSolicitudes', 2, '', NULL, 'N;'),
('createUsuarios', 2, '', NULL, 'N;'),
('createViajes', 2, '', NULL, 'N;'),
('delete', 0, 'delete a post', NULL, 'N;'),
('deleteCepa', 2, '', NULL, 'N;'),
('deleteClientes', 2, '', NULL, 'N;'),
('deleteEspecie', 2, '', NULL, 'N;'),
('deleteEstacion', 2, '', NULL, 'N;'),
('deletePersonal', 2, '', NULL, 'N;'),
('deleteRoles', 2, '', NULL, 'N;'),
('deleteSolicitudes', 2, '', NULL, 'N;'),
('deleteUsuarios', 2, '', NULL, 'N;'),
('deleteViajes', 2, '', NULL, 'N;'),
('read', 0, 'read a post', NULL, 'N;'),
('readCepa', 2, '', NULL, 'N;'),
('readClientes', 2, '', NULL, 'N;'),
('readEspecie', 2, '', NULL, 'N;'),
('readEstacion', 2, '', NULL, 'N;'),
('readPersonal', 2, '', NULL, 'N;'),
('readRoles', 2, '', NULL, 'N;'),
('readSolicitudes', 2, '', NULL, 'N;'),
('readUsuarios', 2, '', NULL, 'N;'),
('readViajes', 2, '', NULL, 'N;'),
('update', 0, 'update a post', NULL, 'N;'),
('updateCepa', 2, '', NULL, 'N;'),
('updateClientes', 2, '', NULL, 'N;'),
('updateEspecie', 2, '', NULL, 'N;'),
('updateEstacion', 2, '', NULL, 'N;'),
('updatePersonal', 2, '', NULL, 'N;'),
('updateRoles', 2, '', NULL, 'N;'),
('updateSolicitudes', 2, '', NULL, 'N;'),
('updateUsuarios', 2, '', NULL, 'N;'),
('updateViajes', 2, '', NULL, 'N;');

-- --------------------------------------------------------

--
-- Estructura de tabla para la tabla `AuthItemChild`
--

CREATE TABLE `AuthItemChild` (
  `parent` varchar(64) NOT NULL,
  `child` varchar(64) NOT NULL
) ENGINE=InnoDB DEFAULT CHARSET=utf8;

--
-- Volcado de datos para la tabla `AuthItemChild`
--

INSERT INTO `AuthItemChild` (`parent`, `child`) VALUES
('createCepa', 'create'),
('createClientes', 'create'),
('createEspecie', 'create'),
('createEstacion', 'create'),
('createPersonal', 'create'),
('createRoles', 'create'),
('createSolicitudes', 'create'),
('createUsuarios', 'create'),
('createViajes', 'create'),
('deleteCepa', 'delete'),
('deleteClientes', 'delete'),
('deleteEspecie', 'delete'),
('deleteEstacion', 'delete'),
('deletePersonal', 'delete'),
('deleteRoles', 'delete'),
('deleteSolicitudes', 'delete'),
('deleteUsuarios', 'delete'),
('deleteViajes', 'delete'),
('readCepa', 'read'),
('readClientes', 'read'),
('readEspecie', 'read'),
('readEstacion', 'read'),
('readPersonal', 'read'),
('readRoles', 'read'),
('readSolicitudes', 'read'),
('readUsuarios', 'read'),
('readViajes', 'read'),
('updateCepa', 'update'),
('updateClientes', 'update'),
('updateEspecie', 'update'),
('updateEstacion', 'update'),
('updatePersonal', 'update'),
('updateRoles', 'update'),
('updateSolicitudes', 'update'),
('updateUsuarios', 'update'),
('updateViajes', 'update');

-- --------------------------------------------------------

--
-- Estructura de tabla para la tabla `cepa`
--

CREATE TABLE `cepa` (
  `id` int(11) NOT NULL,
  `id_especie` int(11) NOT NULL,
  `nombre_cepa` varchar(50) CHARACTER SET utf8 COLLATE utf8_spanish2_ci NOT NULL,
  `temp_min` float(5,2) NOT NULL DEFAULT '0.00',
  `temp_max` float(5,2) NOT NULL DEFAULT '0.00',
  `ph_min` float(5,2) NOT NULL DEFAULT '0.00',
  `ph_max` float(5,2) NOT NULL DEFAULT '0.00',
  `ox_min` float(5,2) NOT NULL DEFAULT '0.00',
  `ox_max` float(5,2) NOT NULL DEFAULT '0.00',
  `cond_min` float(5,2) NOT NULL DEFAULT '0.00',
  `cond_max` float(5,2) NOT NULL DEFAULT '0.00',
  `orp_min` float(5,2) NOT NULL,
  `orp_max` float(5,2) NOT NULL,
  `od_min` float(5,2) NOT NULL DEFAULT '0.00',
  `od_max` float(5,2) NOT NULL DEFAULT '0.00'
) ENGINE=InnoDB DEFAULT CHARSET=latin1;

--
-- Volcado de datos para la tabla `cepa`
--

INSERT INTO `cepa` (`id`, `id_especie`, `nombre_cepa`, `temp_min`, `temp_max`, `ph_min`, `ph_max`, `ox_min`, `ox_max`, `cond_min`, `cond_max`, `orp_min`, `orp_max`, `od_min`, `od_max`) VALUES
(4, 6, 'Larva en Reflexión', 10.00, 50.00, 2.18, 6.21, 0.00, 0.00, 0.00, 0.00, 0.00, 0.00, 90.00, 120.00),
(6, 12, 'Larva en Posflexión', 120.00, 285.00, 0.00, 0.00, 210.00, 350.00, 0.30, 1.30, 0.00, 0.00, 0.00, 0.00),
(8, 11, 'Larva en gestación', 21.00, 21.00, 21.00, 21.00, 21.00, 212.00, 212.00, 12.00, 12.00, 21.00, 0.00, 0.00),
(9, 8, 'prueba de nuevo diseño', 10.00, 15.00, 1.00, 5.00, 102.00, 104.00, 45.00, 95.00, 45.00, 26.00, 0.00, 0.00);

-- --------------------------------------------------------

--
-- Estructura de tabla para la tabla `clientes`
--

CREATE TABLE `clientes` (
  `id` int(11) NOT NULL,
  `nombre_empresa` varchar(150) CHARACTER SET utf8 COLLATE utf8_spanish2_ci NOT NULL,
  `nombre_contacto` varchar(50) CHARACTER SET utf8 COLLATE utf8_spanish2_ci NOT NULL,
  `apellido_contacto` varchar(50) CHARACTER SET utf8 COLLATE utf8_spanish2_ci NOT NULL,
  `correo` varchar(100) CHARACTER SET utf8 COLLATE utf8_spanish2_ci NOT NULL,
  `rfc` varchar(15) CHARACTER SET utf8 COLLATE utf8_spanish2_ci NOT NULL,
  `tel` varchar(12) CHARACTER SET utf8 COLLATE utf8_spanish2_ci NOT NULL
) ENGINE=InnoDB DEFAULT CHARSET=latin1;

--
-- Volcado de datos para la tabla `clientes`
--

INSERT INTO `clientes` (`id`, `nombre_empresa`, `nombre_contacto`, `apellido_contacto`, `correo`, `rfc`, `tel`) VALUES
(1, 'pecesitosDelMar', 'juan', 'gutierrez', 'juan.gutierrez@correo.com', 'GUJS230175GHJ', '1547896'),
(2, 'Arrecife', 'Ana ', 'Perez', 'ana.perez@example.com', '145etd695sd', '14587952'),
(3, 'El anzuelo ', 'Joaquin', 'Santamaria', 'joaquin.santamaria@correo.com', 'erwwd62146f2f6', '169845'),
(4, 'Granja del pez dorado', 'Maria', 'Molina', 'M.Molina@ejemplo.com', 'sedad395521sds', '1489657'),
(5, 'Dragon Marino', 'Daniel', 'Fernandez', 'daniel.fe@Example.com', '8955244efd5', '1753469'),
(7, 'arcoiris', 'wdad', 'adsd', 'hhhh@gmail.com', 's2d1d2s2s', '1159874'),
(8, 'Empresa', 'Juan', 'Perez', 'perez@empresa.mx', '12346589', '1257845');

-- --------------------------------------------------------

--
-- Estructura de tabla para la tabla `clientes_domicilio`
--

CREATE TABLE `clientes_domicilio` (
  `id` int(11) NOT NULL,
  `id_cliente` int(11) NOT NULL,
  `domicilio` varchar(250) COLLATE utf8_spanish2_ci NOT NULL,
  `ubicacion_mapa` varchar(250) COLLATE utf8_spanish2_ci NOT NULL,
  `descripcion` varchar(250) COLLATE utf8_spanish2_ci NOT NULL
) ENGINE=InnoDB DEFAULT CHARSET=utf8 COLLATE=utf8_spanish2_ci;

--
-- Volcado de datos para la tabla `clientes_domicilio`
--

INSERT INTO `clientes_domicilio` (`id`, `id_cliente`, `domicilio`, `ubicacion_mapa`, `descripcion`) VALUES
(1, 8, 'Paseo de las marcas #23', '(31.879888813715084, -116.68330192565918)', 'Escondido'),
(2, 8, 'Paseo de los cerezos #612', '(31.883460901835893, -116.68527603149414)', 'Prueba'),
(4, 8, 'CICESE #654', '(31.87063268315903, -116.66793823242188)', 'CICESE'),
(5, 1, 'Lorem Ipsum', '(31.87063268315903, -116.66776657104492)', 'hola'),
(6, 1, 'Bahía de las Aguílas #654', '(31.871471496021588, -116.67360305786133)', 'Lorem Ipsum'),
(7, 1, 'Centro de la Ciudad', '(31.86943054224858, -116.62742614746094)', 'Lorem Ipsum Leo.'),
(8, 2, 'Direccion de prueba #154', '(31.873840403540225, -116.6764783859253)', 'prueba '),
(9, 5, 'Bahía de las Americas #456', '(31.88400779175852, -116.61922931671143)', 'Casa blanca'),
(10, 3, 'calle pecesito', '(31.87094303911346, -116.67139291763306)', 'Loreim'),
(11, 1, 'Prueba 1 ', '(31.873475960193534, -116.66978359222412)', 'nueva direccion'),
(12, 3, 'Prueba #30 ', '(31.869503434233085, -116.6724443435669)', 'Prueba entregas'),
(13, 7, 'Calle esmeralda #213', '(31.874350621803938, -116.62086009979248)', 'Descripcion'),
(14, 4, 'El dorado', '(31.87329373797967, -116.67235851287842)', 'Dorado');

-- --------------------------------------------------------

--
-- Estructura de tabla para la tabla `escalon_viaje_ubicacion`
--

CREATE TABLE `escalon_viaje_ubicacion` (
  `id` int(11) NOT NULL,
  `id_viaje` int(11) NOT NULL,
  `ubicacion` varchar(50) CHARACTER SET utf8 COLLATE utf8_spanish2_ci NOT NULL,
  `fecha` date NOT NULL,
  `hora` time NOT NULL
) ENGINE=InnoDB DEFAULT CHARSET=latin1;

--
-- Volcado de datos para la tabla `escalon_viaje_ubicacion`
--

INSERT INTO `escalon_viaje_ubicacion` (`id`, `id_viaje`, `ubicacion`, `fecha`, `hora`) VALUES
(1, 26, '(31.873408765794103, -116.63536548614502)', '2016-07-04', '10:00:00'),
(2, 26, '(31.86943054224858, -116.62742614746094)', '2016-07-08', '13:23:13'),
(16, 30, '(31.871071,-116.6669881)', '2016-07-09', '11:07:10'),
(17, 30, '(31.871071,-116.6669881)', '2016-07-09', '11:07:46'),
(19, 30, '(31.871071,-116.6669881)', '2016-07-11', '08:07:36'),
(20, 30, '(31.8711116,-116.6669697)', '2016-07-11', '08:07:12'),
(21, 30, '(31.871111,-116.6669717)', '2016-07-11', '10:07:22'),
(22, 30, '(31.871111,-116.6669717)', '2016-07-11', '10:07:45'),
(23, 30, '(31.8710711,-116.6669881)', '2016-07-11', '10:07:31'),
(24, 30, '(31.8710711,-116.6669881)', '2016-07-11', '10:07:41'),
(25, 30, '(31.8710711,-116.6669881)', '2016-07-11', '10:07:54'),
(26, 30, '(31.8710422,-116.6669597)', '2016-07-11', '10:07:02'),
(27, 30, '(31.8710422,-116.6669597)', '2016-07-11', '10:07:12'),
(28, 30, '(31.8710711,-116.6669867)', '2016-07-11', '11:07:09'),
(29, 30, '(31.8710711,-116.6669867)', '2016-07-11', '11:07:19'),
(30, 30, '(31.8710711,-116.6669867)', '2016-07-11', '11:07:32'),
(31, 30, '(31.8710117,-116.6669436)', '2016-07-11', '11:07:50'),
(32, 30, '(31.8710329,-116.6669565)', '2016-07-11', '11:07:37'),
(33, 30, '(31.8710329,-116.6669565)', '2016-07-11', '11:07:42'),
(34, 30, '(31.8710329,-116.6669565)', '2016-07-11', '11:07:47'),
(35, 30, '(31.8710329,-116.6669565)', '2016-07-11', '11:07:08'),
(36, 30, '(31.8710559,-116.6669508)', '2016-07-11', '11:07:18'),
(37, 30, '(31.8710559,-116.6669508)', '2016-07-11', '11:07:28'),
(38, 30, '(31.8710559,-116.6669508)', '2016-07-11', '11:07:55'),
(39, 30, '(31.8692527,-116.6659844)', '2016-07-11', '11:07:37'),
(40, 30, '(31.8707971,-116.6668294)', '2016-07-11', '11:07:49'),
(41, 30, '(31.8710559,-116.6669508)', '2016-07-11', '11:07:58'),
(42, 30, '(31.8710559,-116.6669508)', '2016-07-11', '11:07:03'),
(43, 30, '(31.8710559,-116.6669508)', '2016-07-11', '11:07:27'),
(44, 30, '(31.8710559,-116.6669508)', '2016-07-11', '11:07:41'),
(45, 30, '(31.8710627,-116.6669509)', '2016-07-11', '11:07:04'),
(46, 30, '(31.8710627,-116.6669509)', '2016-07-11', '11:07:25'),
(47, 30, '(31.870695,-116.6667726)', '2016-07-11', '11:07:55'),
(48, 30, '(31.8711128,-116.6669715)', '2016-07-11', '11:07:06'),
(49, 30, '(31.871109,-116.6669703)', '2016-07-11', '11:07:51'),
(50, 30, '(31.871109,-116.6669703)', '2016-07-11', '11:07:00'),
(51, 30, '(31.8711095,-116.6669716)', '2016-07-11', '11:07:10'),
(52, 30, '(31.8711095,-116.6669716)', '2016-07-11', '11:07:21'),
(53, 30, '(31.8711095,-116.6669716)', '2016-07-11', '11:07:31'),
(54, 30, '(31.8711108,-116.6669711)', '2016-07-11', '11:07:41'),
(55, 30, '(31.8711108,-116.6669711)', '2016-07-11', '11:07:52'),
(56, 30, '(31.8711108,-116.6669711)', '2016-07-11', '11:07:02'),
(57, 30, '(31.8711111,-116.6669707)', '2016-07-11', '11:07:12'),
(58, 30, '(31.8711111,-116.6669707)', '2016-07-11', '11:07:22'),
(59, 30, '(31.871014,-116.6669458)', '2016-07-11', '11:07:06'),
(60, 30, '(31.8711101,-116.6669705)', '2016-07-11', '11:07:05'),
(61, 30, '(31.8711119,-116.6669698)', '2016-07-11', '12:07:50'),
(62, 30, '(31.8711119,-116.6669698)', '2016-07-11', '12:07:50'),
(63, 30, '(31.8711119,-116.6669698)', '2016-07-11', '12:07:58'),
(64, 30, '(31.8711119,-116.6669698)', '2016-07-11', '12:07:58'),
(65, 30, '(31.8711119,-116.6669698)', '2016-07-11', '12:07:08'),
(66, 30, '(31.8711119,-116.6669698)', '2016-07-11', '12:07:08'),
(67, 30, '(31.8711119,-116.6669698)', '2016-07-11', '12:07:10'),
(68, 30, '(31.8711119,-116.6669698)', '2016-07-11', '12:07:10'),
(69, 30, '(31.8711119,-116.6669698)', '2016-07-11', '12:07:20'),
(70, 30, '(31.8711119,-116.6669698)', '2016-07-11', '12:07:20'),
(71, 30, '(31.8707685,-116.6668134)', '2016-07-11', '12:07:30'),
(72, 30, '(31.8707685,-116.6668134)', '2016-07-11', '12:07:30'),
(73, 30, '(0,0)', '2016-07-11', '13:07:23'),
(74, 30, '(0,0)', '2016-07-11', '13:07:23'),
(75, 30, '(0,0)', '2016-07-11', '13:07:33'),
(76, 30, '(0,0)', '2016-07-11', '13:07:34'),
(77, 30, '(0,0)', '2016-07-11', '13:07:44'),
(78, 30, '(0,0)', '2016-07-11', '13:07:44'),
(79, 30, '(0,0)', '2016-07-11', '13:07:54'),
(80, 30, '(0,0)', '2016-07-11', '13:07:54'),
(81, 30, '(0,0)', '2016-07-11', '13:07:04'),
(82, 30, '(0,0)', '2016-07-11', '13:07:04'),
(83, 30, '(0,0)', '2016-07-11', '13:07:15'),
(84, 30, '(0,0)', '2016-07-11', '13:07:15'),
(85, 30, '(0,0)', '2016-07-11', '13:07:25'),
(86, 30, '(0,0)', '2016-07-11', '13:07:25'),
(87, 30, '(0,0)', '2016-07-11', '13:07:35'),
(88, 30, '(0,0)', '2016-07-11', '13:07:35'),
(89, 30, '(0,0)', '2016-07-11', '13:07:45'),
(90, 30, '(0,0)', '2016-07-11', '13:07:45'),
(91, 30, '(0,0)', '2016-07-11', '13:07:55'),
(92, 30, '(0,0)', '2016-07-11', '13:07:56'),
(93, 30, '(0,0)', '2016-07-11', '13:07:06'),
(94, 30, '(0,0)', '2016-07-11', '13:07:06'),
(95, 30, '(0,0)', '2016-07-11', '13:07:16'),
(96, 30, '(0,0)', '2016-07-11', '13:07:16'),
(97, 30, '(0,0)', '2016-07-11', '13:07:26'),
(98, 30, '(0,0)', '2016-07-11', '13:07:26'),
(99, 30, '(0,0)', '2016-07-11', '13:07:37'),
(100, 30, '(0,0)', '2016-07-11', '13:07:37'),
(101, 30, '(31.8707599,-116.6668092)', '2016-07-11', '13:07:42'),
(102, 30, '(31.8707599,-116.6668092)', '2016-07-11', '13:07:42'),
(103, 30, '(31.8708744,-116.6668696)', '2016-07-11', '13:07:47'),
(104, 30, '(31.8708744,-116.6668696)', '2016-07-11', '13:07:47'),
(105, 30, '(0,0)', '2016-07-11', '13:07:55'),
(106, 30, '(0,0)', '2016-07-11', '13:07:55'),
(107, 30, '(0,0)', '2016-07-11', '13:07:57'),
(108, 30, '(0,0)', '2016-07-11', '13:07:57'),
(109, 30, '(0,0)', '2016-07-11', '13:07:06'),
(110, 30, '(0,0)', '2016-07-11', '13:07:06'),
(111, 30, '(0,0)', '2016-07-11', '13:07:07'),
(112, 30, '(0,0)', '2016-07-11', '13:07:08'),
(113, 30, '(0,0)', '2016-07-11', '13:07:16'),
(114, 30, '(0,0)', '2016-07-11', '13:07:16'),
(115, 30, '(0,0)', '2016-07-11', '13:07:18'),
(116, 30, '(0,0)', '2016-07-11', '13:07:18'),
(117, 30, '(0,0)', '2016-07-11', '13:07:38'),
(118, 30, '(0,0)', '2016-07-11', '13:07:38'),
(119, 30, '(0,0)', '2016-07-11', '13:07:48'),
(120, 30, '(0,0)', '2016-07-11', '13:07:49'),
(121, 30, '(0,0)', '2016-07-11', '13:07:57'),
(122, 30, '(0,0)', '2016-07-11', '13:07:57'),
(123, 30, '(0,0)', '2016-07-11', '13:07:59'),
(124, 30, '(0,0)', '2016-07-11', '13:07:59'),
(125, 30, '(0,0)', '2016-07-11', '13:07:09'),
(126, 30, '(0,0)', '2016-07-11', '13:07:09'),
(127, 30, '(0,0)', '2016-07-11', '13:07:17'),
(128, 30, '(0,0)', '2016-07-11', '13:07:18'),
(129, 30, '(0,0)', '2016-07-11', '13:07:19'),
(130, 30, '(0,0)', '2016-07-11', '13:07:19'),
(131, 30, '(0,0)', '2016-07-11', '13:07:28'),
(132, 30, '(0,0)', '2016-07-11', '13:07:28'),
(133, 30, '(0,0)', '2016-07-11', '13:07:29'),
(134, 30, '(0,0)', '2016-07-11', '13:07:29'),
(135, 30, '(0,0)', '2016-07-11', '13:07:38'),
(136, 30, '(0,0)', '2016-07-11', '13:07:38'),
(137, 30, '(0,0)', '2016-07-11', '13:07:40'),
(138, 30, '(0,0)', '2016-07-11', '13:07:40'),
(139, 30, '(0,0)', '2016-07-11', '13:07:50'),
(140, 30, '(0,0)', '2016-07-11', '13:07:50'),
(141, 30, '(0,0)', '2016-07-11', '13:07:00'),
(142, 30, '(0,0)', '2016-07-11', '13:07:00'),
(143, 30, '(0,0)', '2016-07-11', '13:07:10'),
(144, 30, '(0,0)', '2016-07-11', '13:07:11'),
(145, 30, '(0,0)', '2016-07-11', '13:07:21'),
(146, 30, '(0,0)', '2016-07-11', '13:07:21'),
(147, 30, '(0,0)', '2016-07-11', '13:07:31'),
(148, 30, '(0,0)', '2016-07-11', '13:07:31'),
(149, 30, '(0,0)', '2016-07-11', '14:07:06'),
(150, 30, '(0,0)', '2016-07-11', '14:07:12'),
(151, 30, '(31.8711101,-116.6669697)', '2016-07-11', '16:07:42'),
(152, 30, '(31.8711101,-116.6669697)', '2016-07-11', '16:07:42'),
(153, 30, '(31.8711099,-116.6669716)', '2016-07-11', '16:07:43'),
(154, 30, '(31.8711099,-116.6669716)', '2016-07-11', '16:07:44'),
(155, 30, '(31.8711099,-116.6669716)', '2016-07-11', '16:07:52'),
(156, 30, '(31.8711099,-116.6669716)', '2016-07-11', '16:07:52'),
(157, 30, '(31.8711099,-116.6669716)', '2016-07-11', '16:07:54'),
(158, 30, '(31.8711099,-116.6669716)', '2016-07-11', '16:07:54'),
(159, 30, '(31.8711099,-116.6669716)', '2016-07-11', '16:07:03'),
(160, 30, '(31.8711099,-116.6669716)', '2016-07-11', '16:07:03'),
(161, 30, '(31.8711099,-116.6669716)', '2016-07-11', '16:07:13'),
(162, 30, '(31.8711099,-116.6669716)', '2016-07-11', '16:07:13'),
(163, 30, '(31.8711099,-116.6669716)', '2016-07-11', '16:07:14'),
(164, 30, '(31.8711099,-116.6669716)', '2016-07-11', '16:07:14'),
(165, 30, '(31.870861,-116.6668735)', '2016-07-11', '16:07:23'),
(166, 30, '(31.870861,-116.6668735)', '2016-07-11', '16:07:23'),
(167, 30, '(31.870861,-116.6668735)', '2016-07-11', '16:07:25'),
(168, 30, '(31.870861,-116.6668735)', '2016-07-11', '16:07:25'),
(169, 30, '(31.870861,-116.6668735)', '2016-07-11', '16:07:33'),
(170, 30, '(31.870861,-116.6668735)', '2016-07-11', '16:07:34'),
(171, 30, '(31.870861,-116.6668735)', '2016-07-11', '16:07:44'),
(172, 30, '(31.870861,-116.6668735)', '2016-07-11', '16:07:44'),
(173, 30, '(31.8711101,-116.6669697)', '2016-07-11', '16:07:45'),
(174, 30, '(31.8711101,-116.6669697)', '2016-07-11', '16:07:45'),
(175, 30, '(31.8711101,-116.6669697)', '2016-07-11', '16:07:55'),
(176, 30, '(31.8711101,-116.6669697)', '2016-07-11', '16:07:55'),
(177, 30, '(0,0)', '2016-07-12', '07:07:01'),
(178, 30, '(31.870695,-116.6667726)', '2016-07-12', '09:07:59'),
(179, 30, '(31.870695,-116.6667726)', '2016-07-12', '09:07:59'),
(180, 30, '(31.870695,-116.6667726)', '2016-07-12', '09:07:14'),
(181, 30, '(31.870695,-116.6667726)', '2016-07-12', '09:07:14'),
(182, 30, '(31.870695,-116.6667726)', '2016-07-12', '09:07:24'),
(183, 30, '(31.870695,-116.6667726)', '2016-07-12', '09:07:24'),
(184, 30, '(31.8709827,-116.6669231)', '2016-07-12', '09:07:29'),
(185, 30, '(31.8709827,-116.6669231)', '2016-07-12', '09:07:29'),
(186, 30, '(31.8709827,-116.6669231)', '2016-07-12', '09:07:39'),
(187, 30, '(31.8709827,-116.6669231)', '2016-07-12', '09:07:39'),
(188, 30, '(31.8709827,-116.6669231)', '2016-07-12', '09:07:45'),
(189, 30, '(31.8709827,-116.6669231)', '2016-07-12', '09:07:45'),
(190, 30, '(31.8709827,-116.6669231)', '2016-07-12', '09:07:49'),
(191, 30, '(31.8709827,-116.6669231)', '2016-07-12', '09:07:49'),
(192, 30, '(31.8711091,-116.6669712)', '2016-07-12', '09:07:55'),
(193, 30, '(31.8711091,-116.6669712)', '2016-07-12', '09:07:55'),
(194, 30, '(31.8711091,-116.6669712)', '2016-07-12', '09:07:05'),
(195, 30, '(31.8711091,-116.6669712)', '2016-07-12', '09:07:05'),
(196, 30, '(31.8711091,-116.6669712)', '2016-07-12', '09:07:10'),
(197, 30, '(31.8711091,-116.6669712)', '2016-07-12', '09:07:10'),
(198, 30, '(31.8711091,-116.6669712)', '2016-07-12', '09:07:16'),
(199, 30, '(31.8711091,-116.6669712)', '2016-07-12', '09:07:16'),
(200, 30, '(31.8711078,-116.6669701)', '2016-07-12', '09:07:26'),
(201, 30, '(31.8711078,-116.6669701)', '2016-07-12', '09:07:26'),
(202, 30, '(31.8711078,-116.6669701)', '2016-07-12', '09:07:30'),
(203, 30, '(31.8711078,-116.6669701)', '2016-07-12', '09:07:30'),
(204, 30, '(31.8711078,-116.6669701)', '2016-07-12', '09:07:36'),
(205, 30, '(31.8711078,-116.6669701)', '2016-07-12', '09:07:36'),
(206, 30, '(31.8711078,-116.6669701)', '2016-07-12', '09:07:47'),
(207, 30, '(31.8711078,-116.6669701)', '2016-07-12', '09:07:47'),
(208, 30, '(31.8706669,-116.6667465)', '2016-07-12', '09:07:51'),
(209, 30, '(31.8706669,-116.6667465)', '2016-07-12', '09:07:51'),
(210, 30, '(31.8706669,-116.6667465)', '2016-07-12', '09:07:57'),
(211, 30, '(31.8706669,-116.6667465)', '2016-07-12', '09:07:57'),
(212, 30, '(31.871116,-116.6669706)', '2016-07-12', '09:07:04'),
(213, 30, '(31.871116,-116.6669706)', '2016-07-12', '09:07:04'),
(214, 30, '(31.871116,-116.6669706)', '2016-07-12', '09:07:04'),
(215, 30, '(31.871116,-116.6669706)', '2016-07-12', '09:07:04'),
(216, 30, '(31.871116,-116.6669706)', '2016-07-12', '09:07:04'),
(217, 30, '(31.871116,-116.6669706)', '2016-07-12', '09:07:04'),
(218, 30, '(31.871116,-116.6669706)', '2016-07-12', '09:07:04'),
(219, 30, '(31.871116,-116.6669706)', '2016-07-12', '09:07:04'),
(220, 30, '(31.871116,-116.6669706)', '2016-07-12', '09:07:05'),
(221, 30, '(31.871116,-116.6669706)', '2016-07-12', '09:07:05'),
(222, 30, '(31.8706255,-116.6667268)', '2016-07-12', '09:07:13'),
(223, 30, '(31.8706255,-116.6667268)', '2016-07-12', '09:07:13'),
(224, 30, '(31.8705345,-116.6666915)', '2016-07-12', '09:07:22'),
(225, 30, '(31.8705345,-116.6666915)', '2016-07-12', '09:07:22'),
(226, 30, '(31.8705345,-116.6666915)', '2016-07-12', '09:07:32'),
(227, 30, '(31.8705345,-116.6666915)', '2016-07-12', '09:07:33'),
(228, 30, '(31.8705345,-116.6666915)', '2016-07-12', '09:07:38'),
(229, 30, '(31.8705345,-116.6666915)', '2016-07-12', '09:07:38'),
(230, 30, '(31.8705345,-116.6666915)', '2016-07-12', '09:07:43'),
(231, 30, '(31.8705345,-116.6666915)', '2016-07-12', '09:07:43'),
(232, 30, '(31.8695536,-116.6661527)', '2016-07-12', '09:07:53'),
(233, 30, '(31.8695536,-116.6661527)', '2016-07-12', '09:07:53'),
(234, 30, '(31.8695536,-116.6661527)', '2016-07-12', '09:07:58'),
(235, 30, '(31.8695536,-116.6661527)', '2016-07-12', '09:07:59'),
(236, 30, '(31.8695536,-116.6661527)', '2016-07-12', '09:07:03'),
(237, 30, '(31.8695536,-116.6661527)', '2016-07-12', '09:07:03'),
(238, 30, '(31.8695536,-116.6661527)', '2016-07-12', '09:07:09'),
(239, 30, '(31.8695536,-116.6661527)', '2016-07-12', '09:07:09'),
(240, 30, '(31.8711101,-116.6669705)', '2016-07-12', '09:07:14'),
(241, 30, '(31.8711101,-116.6669705)', '2016-07-12', '09:07:14'),
(242, 30, '(31.8711101,-116.6669705)', '2016-07-12', '09:07:19'),
(243, 30, '(31.8711101,-116.6669705)', '2016-07-12', '09:07:19'),
(244, 30, '(31.8711101,-116.6669705)', '2016-07-12', '09:07:24'),
(245, 30, '(31.8711101,-116.6669705)', '2016-07-12', '09:07:24'),
(246, 30, '(31.8711101,-116.6669705)', '2016-07-12', '09:07:29'),
(247, 30, '(31.8711101,-116.6669705)', '2016-07-12', '09:07:29'),
(248, 30, '(31.8711101,-116.6669705)', '2016-07-12', '09:07:34'),
(249, 30, '(31.8711101,-116.6669705)', '2016-07-12', '09:07:34'),
(250, 30, '(31.8710519,-116.6669477)', '2016-07-12', '09:07:40'),
(251, 30, '(31.8710519,-116.6669477)', '2016-07-12', '09:07:40'),
(252, 30, '(31.8710519,-116.6669477)', '2016-07-12', '09:07:44'),
(253, 30, '(31.8710519,-116.6669477)', '2016-07-12', '09:07:44'),
(254, 30, '(31.8710519,-116.6669477)', '2016-07-12', '09:07:50'),
(255, 30, '(31.8710519,-116.6669477)', '2016-07-12', '09:07:50'),
(256, 30, '(31.8710519,-116.6669477)', '2016-07-12', '09:07:55'),
(257, 30, '(31.8710519,-116.6669477)', '2016-07-12', '09:07:55'),
(258, 30, '(31.8710519,-116.6669477)', '2016-07-12', '09:07:05'),
(259, 30, '(31.8710519,-116.6669477)', '2016-07-12', '09:07:05'),
(260, 30, '(31.8710619,-116.666949)', '2016-07-12', '09:07:10'),
(261, 30, '(31.8710619,-116.666949)', '2016-07-12', '09:07:10'),
(262, 30, '(31.8710619,-116.666949)', '2016-07-12', '09:07:15'),
(263, 30, '(31.8710619,-116.666949)', '2016-07-12', '09:07:15'),
(264, 30, '(31.8710619,-116.666949)', '2016-07-12', '09:07:21'),
(265, 30, '(31.8710619,-116.666949)', '2016-07-12', '09:07:21'),
(266, 30, '(31.8710619,-116.666949)', '2016-07-12', '09:07:25'),
(267, 30, '(31.8710619,-116.666949)', '2016-07-12', '09:07:26'),
(268, 30, '(31.8710619,-116.666949)', '2016-07-12', '09:07:31'),
(269, 30, '(31.8710619,-116.666949)', '2016-07-12', '09:07:31'),
(270, 30, '(31.8711128,-116.6669715)', '2016-07-12', '09:07:36'),
(271, 30, '(31.8711128,-116.6669715)', '2016-07-12', '09:07:36'),
(272, 30, '(31.8711128,-116.6669715)', '2016-07-12', '09:07:08'),
(273, 30, '(31.8711128,-116.6669715)', '2016-07-12', '09:07:08'),
(274, 30, '(31.8692542,-116.6659824)', '2016-07-12', '09:07:12'),
(275, 30, '(31.8692542,-116.6659824)', '2016-07-12', '09:07:12'),
(276, 30, '(31.8692542,-116.6659824)', '2016-07-12', '09:07:17'),
(277, 30, '(31.8692542,-116.6659824)', '2016-07-12', '09:07:17'),
(278, 30, '(31.8692542,-116.6659824)', '2016-07-12', '09:07:22'),
(279, 30, '(31.8692542,-116.6659824)', '2016-07-12', '09:07:22'),
(280, 30, '(31.8692542,-116.6659824)', '2016-07-12', '09:07:27'),
(281, 30, '(31.8692542,-116.6659824)', '2016-07-12', '09:07:27'),
(282, 30, '(31.8692542,-116.6659824)', '2016-07-12', '09:07:32'),
(283, 30, '(31.8692542,-116.6659824)', '2016-07-12', '09:07:33'),
(284, 30, '(31.8710534,-116.6669475)', '2016-07-12', '09:07:37'),
(285, 30, '(31.8710534,-116.6669475)', '2016-07-12', '09:07:37'),
(286, 30, '(31.8710534,-116.6669475)', '2016-07-12', '09:07:43'),
(287, 30, '(31.8710534,-116.6669475)', '2016-07-12', '09:07:43'),
(288, 30, '(31.8710534,-116.6669475)', '2016-07-12', '09:07:53'),
(289, 30, '(31.8710534,-116.6669475)', '2016-07-12', '09:07:53'),
(290, 30, '(31.8710534,-116.6669475)', '2016-07-12', '09:07:58'),
(291, 30, '(31.8710534,-116.6669475)', '2016-07-12', '09:07:58'),
(292, 30, '(31.8706669,-116.6667465)', '2016-07-12', '09:07:03'),
(293, 30, '(31.8706669,-116.6667465)', '2016-07-12', '09:07:03'),
(294, 30, '(31.8706669,-116.6667465)', '2016-07-12', '09:07:08'),
(295, 30, '(31.8706669,-116.6667465)', '2016-07-12', '09:07:08'),
(296, 30, '(31.8706669,-116.6667465)', '2016-07-12', '09:07:13'),
(297, 30, '(31.8706669,-116.6667465)', '2016-07-12', '09:07:13'),
(298, 30, '(31.8692531,-116.6659844)', '2016-07-12', '10:07:17'),
(299, 30, '(31.8692531,-116.6659844)', '2016-07-12', '10:07:17'),
(300, 30, '(31.8692531,-116.6659844)', '2016-07-12', '10:07:17'),
(301, 30, '(31.8692531,-116.6659844)', '2016-07-12', '10:07:17'),
(302, 30, '(31.8692534,-116.6659842)', '2016-07-12', '10:07:22'),
(303, 30, '(31.8692534,-116.6659842)', '2016-07-12', '10:07:22'),
(304, 30, '(31.8692534,-116.6659842)', '2016-07-12', '10:07:27'),
(305, 30, '(31.8692534,-116.6659842)', '2016-07-12', '10:07:27'),
(306, 30, '(31.8692534,-116.6659842)', '2016-07-12', '10:07:32'),
(307, 30, '(31.8692534,-116.6659842)', '2016-07-12', '10:07:32'),
(308, 30, '(31.8692534,-116.6659842)', '2016-07-12', '10:07:37'),
(309, 30, '(31.8692534,-116.6659842)', '2016-07-12', '10:07:37'),
(310, 30, '(31.8692534,-116.6659842)', '2016-07-12', '10:07:42'),
(311, 30, '(31.8692534,-116.6659842)', '2016-07-12', '10:07:42'),
(312, 30, '(31.8710508,-116.6669315)', '2016-07-12', '10:07:47'),
(313, 30, '(31.8710508,-116.6669315)', '2016-07-12', '10:07:47'),
(314, 30, '(31.8710508,-116.6669315)', '2016-07-12', '10:07:52'),
(315, 30, '(31.8710508,-116.6669315)', '2016-07-12', '10:07:52'),
(316, 30, '(31.8710508,-116.6669315)', '2016-07-12', '10:07:57'),
(317, 30, '(31.8710508,-116.6669315)', '2016-07-12', '10:07:58'),
(318, 30, '(31.8710508,-116.6669315)', '2016-07-12', '10:07:03'),
(319, 30, '(31.8710508,-116.6669315)', '2016-07-12', '10:07:03'),
(320, 30, '(31.8710508,-116.6669315)', '2016-07-12', '10:07:08'),
(321, 30, '(31.8710508,-116.6669315)', '2016-07-12', '10:07:08'),
(322, 30, '(31.8706738,-116.6667522)', '2016-07-12', '10:07:13'),
(323, 30, '(31.8706738,-116.6667522)', '2016-07-12', '10:07:13'),
(324, 30, '(31.8706738,-116.6667522)', '2016-07-12', '10:07:18'),
(325, 30, '(31.8706738,-116.6667522)', '2016-07-12', '10:07:18'),
(326, 30, '(31.8706738,-116.6667522)', '2016-07-12', '10:07:23'),
(327, 30, '(31.8706738,-116.6667522)', '2016-07-12', '10:07:23'),
(328, 30, '(31.8706738,-116.6667522)', '2016-07-12', '10:07:28'),
(329, 30, '(31.8706738,-116.6667522)', '2016-07-12', '10:07:28'),
(330, 30, '(31.8706738,-116.6667522)', '2016-07-12', '10:07:33'),
(331, 30, '(31.8706738,-116.6667522)', '2016-07-12', '10:07:34'),
(332, 30, '(31.8706738,-116.6667522)', '2016-07-12', '10:07:39'),
(333, 30, '(31.8706738,-116.6667522)', '2016-07-12', '10:07:39'),
(334, 30, '(31.8710553,-116.6669563)', '2016-07-12', '10:07:49'),
(335, 30, '(31.8710553,-116.6669563)', '2016-07-12', '10:07:49'),
(336, 30, '(31.8710553,-116.6669563)', '2016-07-12', '10:07:54'),
(337, 30, '(31.8710553,-116.6669563)', '2016-07-12', '10:07:54'),
(338, 30, '(31.8710553,-116.6669563)', '2016-07-12', '10:07:59'),
(339, 30, '(31.8710553,-116.6669563)', '2016-07-12', '10:07:59'),
(340, 30, '(31.8710553,-116.6669563)', '2016-07-12', '10:07:04'),
(341, 30, '(31.8710553,-116.6669563)', '2016-07-12', '10:07:04'),
(342, 30, '(31.8710622,-116.6669421)', '2016-07-12', '10:07:14'),
(343, 30, '(31.8710622,-116.6669421)', '2016-07-12', '10:07:15'),
(344, 30, '(31.8710622,-116.6669421)', '2016-07-12', '10:07:20'),
(345, 30, '(31.8710622,-116.6669421)', '2016-07-12', '10:07:20'),
(346, 30, '(31.8710622,-116.6669421)', '2016-07-12', '10:07:30'),
(347, 30, '(31.8710622,-116.6669421)', '2016-07-12', '10:07:30'),
(348, 30, '(31.8710544,-116.6669523)', '2016-07-12', '10:07:35'),
(349, 30, '(31.8710544,-116.6669523)', '2016-07-12', '10:07:35'),
(350, 30, '(31.8710544,-116.6669523)', '2016-07-12', '10:07:40'),
(351, 30, '(31.8710544,-116.6669523)', '2016-07-12', '10:07:40'),
(352, 30, '(31.8710544,-116.6669523)', '2016-07-12', '10:07:45'),
(353, 30, '(31.8710544,-116.6669523)', '2016-07-12', '10:07:45'),
(354, 30, '(31.8710544,-116.6669523)', '2016-07-12', '10:07:50'),
(355, 30, '(31.8710544,-116.6669523)', '2016-07-12', '10:07:51'),
(356, 30, '(31.8710544,-116.6669523)', '2016-07-12', '10:07:56'),
(357, 30, '(31.8710544,-116.6669523)', '2016-07-12', '10:07:56'),
(358, 30, '(31.8711101,-116.6669716)', '2016-07-12', '10:07:01'),
(359, 30, '(31.8711101,-116.6669716)', '2016-07-12', '10:07:01'),
(360, 30, '(31.8711101,-116.6669716)', '2016-07-12', '10:07:06'),
(361, 30, '(31.8711101,-116.6669716)', '2016-07-12', '10:07:06'),
(362, 30, '(31.8711101,-116.6669716)', '2016-07-12', '10:07:11'),
(363, 30, '(31.8711101,-116.6669716)', '2016-07-12', '10:07:11'),
(364, 30, '(31.8711101,-116.6669716)', '2016-07-12', '10:07:16'),
(365, 30, '(31.8711101,-116.6669716)', '2016-07-12', '10:07:16'),
(366, 30, '(31.8711101,-116.6669716)', '2016-07-12', '10:07:21'),
(367, 30, '(31.8711101,-116.6669716)', '2016-07-12', '10:07:21'),
(368, 30, '(31.8711101,-116.6669716)', '2016-07-12', '10:07:26'),
(369, 30, '(31.8711101,-116.6669716)', '2016-07-12', '10:07:26'),
(370, 30, '(31.8692531,-116.6659841)', '2016-07-12', '10:07:37'),
(371, 30, '(31.8692531,-116.6659841)', '2016-07-12', '10:07:37'),
(372, 30, '(31.8692531,-116.6659841)', '2016-07-12', '10:07:42'),
(373, 30, '(31.8692531,-116.6659841)', '2016-07-12', '10:07:42'),
(374, 30, '(31.8692531,-116.6659841)', '2016-07-12', '10:07:47'),
(375, 30, '(31.8692531,-116.6659841)', '2016-07-12', '10:07:47'),
(376, 30, '(31.8692531,-116.6659841)', '2016-07-12', '10:07:52'),
(377, 30, '(31.8692531,-116.6659841)', '2016-07-12', '10:07:52'),
(378, 30, '(31.8692531,-116.6659844)', '2016-07-12', '10:07:57'),
(379, 30, '(31.8692531,-116.6659844)', '2016-07-12', '10:07:57'),
(380, 30, '(31.8710603,-116.666951)', '2016-07-12', '10:07:10'),
(381, 30, '(31.8692531,-116.6659841)', '2016-07-12', '10:07:12'),
(382, 30, '(31.8692531,-116.6659841)', '2016-07-12', '10:07:12'),
(383, 30, '(31.8692531,-116.6659841)', '2016-07-12', '10:07:12'),
(384, 30, '(31.8692531,-116.6659841)', '2016-07-12', '10:07:12'),
(385, 30, '(31.8692531,-116.6659841)', '2016-07-12', '10:07:17'),
(386, 30, '(31.8692531,-116.6659841)', '2016-07-12', '10:07:17'),
(387, 30, '(31.8692531,-116.6659841)', '2016-07-12', '10:07:22'),
(388, 30, '(31.8692531,-116.6659841)', '2016-07-12', '10:07:22'),
(389, 30, '(31.8692531,-116.6659841)', '2016-07-12', '10:07:27'),
(390, 30, '(31.8692531,-116.6659841)', '2016-07-12', '10:07:27'),
(391, 30, '(31.8692531,-116.6659841)', '2016-07-12', '10:07:32'),
(392, 30, '(31.8692531,-116.6659841)', '2016-07-12', '10:07:33'),
(393, 30, '(31.8692531,-116.6659841)', '2016-07-12', '10:07:37'),
(394, 30, '(31.8692531,-116.6659841)', '2016-07-12', '10:07:38'),
(395, 30, '(31.8692531,-116.6659844)', '2016-07-12', '10:07:48'),
(396, 30, '(31.8692531,-116.6659844)', '2016-07-12', '10:07:48'),
(397, 30, '(31.8692531,-116.6659844)', '2016-07-12', '10:07:58'),
(398, 30, '(31.8692531,-116.6659844)', '2016-07-12', '10:07:58'),
(399, 30, '(31.8692531,-116.6659844)', '2016-07-12', '10:07:03'),
(400, 30, '(31.8692531,-116.6659844)', '2016-07-12', '10:07:03'),
(401, 30, '(31.8692532,-116.6659842)', '2016-07-12', '10:07:08'),
(402, 30, '(31.8692532,-116.6659842)', '2016-07-12', '10:07:08'),
(403, 30, '(31.8692532,-116.6659842)', '2016-07-12', '10:07:14'),
(404, 30, '(31.8692532,-116.6659842)', '2016-07-12', '10:07:14'),
(405, 30, '(31.8692532,-116.6659842)', '2016-07-12', '10:07:19'),
(406, 30, '(31.8692532,-116.6659842)', '2016-07-12', '10:07:19'),
(407, 30, '(31.8692532,-116.6659842)', '2016-07-12', '10:07:24'),
(408, 30, '(31.8692532,-116.6659842)', '2016-07-12', '10:07:24'),
(409, 30, '(31.8692531,-116.6659841)', '2016-07-12', '10:07:54'),
(410, 30, '(31.8692531,-116.6659841)', '2016-07-12', '10:07:54'),
(411, 30, '(31.8706669,-116.6667465)', '2016-07-12', '10:07:56'),
(412, 30, '(31.8706669,-116.6667465)', '2016-07-12', '10:07:56'),
(413, 30, '(31.8706669,-116.6667465)', '2016-07-12', '10:07:07'),
(414, 30, '(31.8706669,-116.6667465)', '2016-07-12', '10:07:07'),
(415, 30, '(31.8706669,-116.6667465)', '2016-07-12', '10:07:11'),
(416, 30, '(31.8706669,-116.6667465)', '2016-07-12', '10:07:12'),
(417, 30, '(31.8706669,-116.6667465)', '2016-07-12', '10:07:17'),
(418, 30, '(31.8706669,-116.6667465)', '2016-07-12', '10:07:17'),
(419, 30, '(31.8706669,-116.6667465)', '2016-07-12', '10:07:22'),
(420, 30, '(31.8706669,-116.6667465)', '2016-07-12', '10:07:22'),
(421, 30, '(31.8710592,-116.6669505)', '2016-07-12', '10:07:27'),
(422, 30, '(31.8710592,-116.6669505)', '2016-07-12', '10:07:27'),
(423, 30, '(31.8710592,-116.6669505)', '2016-07-12', '10:07:32'),
(424, 30, '(31.8710592,-116.6669505)', '2016-07-12', '10:07:32'),
(425, 30, '(31.8705345,-116.6666915)', '2016-07-12', '10:07:30'),
(426, 30, '(31.8705345,-116.6666915)', '2016-07-12', '10:07:30'),
(427, 30, '(31.8710708,-116.6669878)', '2016-07-12', '11:07:30'),
(428, 30, '(31.8710708,-116.6669878)', '2016-07-12', '11:07:38'),
(429, 30, '(31.8710708,-116.6669878)', '2016-07-12', '11:07:43'),
(430, 30, '(31.8710708,-116.6669878)', '2016-07-12', '11:07:43'),
(431, 30, '(31.8710708,-116.6669878)', '2016-07-12', '11:07:53'),
(432, 30, '(31.8710708,-116.6669878)', '2016-07-12', '11:07:53'),
(433, 30, '(31.8710708,-116.6669878)', '2016-07-12', '11:07:01'),
(434, 30, '(31.8710708,-116.6669878)', '2016-07-12', '11:07:01'),
(435, 30, '(31.8710329,-116.6669565)', '2016-07-12', '11:07:03'),
(436, 30, '(31.8710329,-116.6669565)', '2016-07-12', '11:07:03'),
(437, 30, '(31.8710329,-116.6669565)', '2016-07-12', '11:07:09'),
(438, 30, '(31.8710329,-116.6669565)', '2016-07-12', '11:07:09'),
(439, 30, '(31.8710329,-116.6669565)', '2016-07-12', '11:07:13'),
(440, 30, '(31.8710329,-116.6669565)', '2016-07-12', '11:07:13'),
(441, 30, '(31.8710329,-116.6669565)', '2016-07-12', '11:07:19'),
(442, 30, '(31.8710329,-116.6669565)', '2016-07-12', '11:07:19'),
(443, 30, '(31.8710329,-116.6669565)', '2016-07-12', '11:07:24'),
(444, 30, '(31.8710329,-116.6669565)', '2016-07-12', '11:07:24'),
(445, 30, '(31.8710329,-116.6669565)', '2016-07-12', '11:07:32'),
(446, 30, '(31.8710329,-116.6669565)', '2016-07-12', '11:07:32'),
(447, 30, '(31.87111,-116.66697)', '2016-07-12', '11:07:34'),
(448, 30, '(31.87111,-116.66697)', '2016-07-12', '11:07:34'),
(449, 30, '(31.87111,-116.66697)', '2016-07-12', '11:07:44'),
(450, 30, '(31.87111,-116.66697)', '2016-07-12', '11:07:44'),
(451, 30, '(31.87111,-116.66697)', '2016-07-12', '11:07:50'),
(452, 30, '(31.87111,-116.66697)', '2016-07-12', '11:07:50'),
(453, 30, '(31.8710337,-116.6669566)', '2016-07-12', '11:07:44'),
(454, 30, '(31.8710337,-116.6669566)', '2016-07-12', '11:07:44'),
(455, 30, '(31.8710337,-116.6669566)', '2016-07-12', '11:07:47'),
(456, 30, '(31.8710337,-116.6669566)', '2016-07-12', '11:07:47'),
(457, 30, '(31.8710397,-116.6669586)', '2016-07-12', '11:07:47'),
(458, 30, '(31.8710397,-116.6669586)', '2016-07-12', '11:07:47'),
(459, 30, '(31.8710397,-116.6669586)', '2016-07-12', '11:07:47'),
(460, 30, '(31.8710397,-116.6669586)', '2016-07-12', '11:07:47'),
(461, 30, '(31.8711206,-116.6669699)', '2016-07-12', '11:07:47'),
(462, 30, '(31.8711206,-116.6669699)', '2016-07-12', '11:07:47'),
(463, 30, '(31.871071,-116.6669878)', '2016-07-12', '11:07:22'),
(464, 30, '(31.871071,-116.6669878)', '2016-07-12', '11:07:25'),
(465, 30, '(31.871071,-116.6669878)', '2016-07-12', '11:07:25'),
(466, 30, '(31.871071,-116.6669878)', '2016-07-12', '11:07:30'),
(467, 30, '(31.871071,-116.6669878)', '2016-07-12', '11:07:31'),
(468, 30, '(31.871071,-116.6669878)', '2016-07-12', '11:07:35'),
(469, 30, '(31.871071,-116.6669878)', '2016-07-12', '11:07:35'),
(470, 30, '(31.871071,-116.6669878)', '2016-07-12', '11:07:41'),
(471, 30, '(31.871071,-116.6669878)', '2016-07-12', '11:07:41'),
(472, 30, '(31.871071,-116.6669878)', '2016-07-12', '11:07:45'),
(473, 30, '(31.871071,-116.6669878)', '2016-07-12', '11:07:45'),
(474, 30, '(31.871071,-116.6669878)', '2016-07-12', '11:07:58'),
(475, 30, '(31.871071,-116.6669878)', '2016-07-12', '11:07:58'),
(476, 30, '(31.8709383,-116.6669035)', '2016-07-12', '11:07:01'),
(477, 30, '(31.8709383,-116.6669035)', '2016-07-12', '11:07:01'),
(478, 30, '(31.8709383,-116.6669035)', '2016-07-12', '11:07:06'),
(479, 30, '(31.8709383,-116.6669035)', '2016-07-12', '11:07:06'),
(480, 30, '(31.8709383,-116.6669035)', '2016-07-12', '11:07:12'),
(481, 30, '(31.8709383,-116.6669035)', '2016-07-12', '11:07:12'),
(482, 30, '(31.8709383,-116.6669035)', '2016-07-12', '11:07:16'),
(483, 30, '(31.8709383,-116.6669035)', '2016-07-12', '11:07:16'),
(484, 30, '(31.8709383,-116.6669035)', '2016-07-12', '11:07:22'),
(485, 30, '(31.8709383,-116.6669035)', '2016-07-12', '11:07:22'),
(486, 30, '(31.8709383,-116.6669035)', '2016-07-12', '11:07:28'),
(487, 30, '(31.8709383,-116.6669035)', '2016-07-12', '11:07:29'),
(488, 30, '(31.8696802,-116.6662239)', '2016-07-12', '11:07:32'),
(489, 30, '(31.8696802,-116.6662239)', '2016-07-12', '11:07:32'),
(490, 30, '(31.8696802,-116.6662239)', '2016-07-12', '11:07:36'),
(491, 30, '(31.8696802,-116.6662239)', '2016-07-12', '11:07:37'),
(492, 30, '(31.8696802,-116.6662239)', '2016-07-12', '11:07:42'),
(493, 30, '(31.8696802,-116.6662239)', '2016-07-12', '11:07:42'),
(494, 30, '(31.8711082,-116.6669712)', '2016-07-12', '11:07:36'),
(495, 30, '(31.8711082,-116.6669712)', '2016-07-12', '11:07:36'),
(496, 30, '(31.8711082,-116.6669712)', '2016-07-12', '11:07:36'),
(497, 30, '(31.8711082,-116.6669712)', '2016-07-12', '11:07:36'),
(498, 30, '(31.8711082,-116.6669712)', '2016-07-12', '11:07:41'),
(499, 30, '(31.8711082,-116.6669712)', '2016-07-12', '11:07:41'),
(500, 30, '(31.8711082,-116.6669712)', '2016-07-12', '11:07:46'),
(501, 30, '(31.8711082,-116.6669712)', '2016-07-12', '11:07:47'),
(502, 30, '(31.8711082,-116.6669712)', '2016-07-12', '11:07:51'),
(503, 30, '(31.8711082,-116.6669712)', '2016-07-12', '11:07:51'),
(504, 30, '(31.8711082,-116.6669712)', '2016-07-12', '11:07:59'),
(505, 30, '(31.8711082,-116.6669712)', '2016-07-12', '11:07:59'),
(506, 30, '(31.8710419,-116.6669609)', '2016-07-12', '11:07:01'),
(507, 30, '(31.8710419,-116.6669609)', '2016-07-12', '11:07:01'),
(508, 30, '(31.8710419,-116.6669609)', '2016-07-12', '11:07:07'),
(509, 30, '(31.8710419,-116.6669609)', '2016-07-12', '11:07:07'),
(510, 30, '(31.8710419,-116.6669609)', '2016-07-12', '11:07:11'),
(511, 30, '(31.8710419,-116.6669609)', '2016-07-12', '11:07:11'),
(512, 30, '(31.8710419,-116.6669609)', '2016-07-12', '11:07:17'),
(513, 30, '(31.8710419,-116.6669609)', '2016-07-12', '11:07:17'),
(514, 30, '(31.8710419,-116.6669609)', '2016-07-12', '11:07:22'),
(515, 30, '(31.8710419,-116.6669609)', '2016-07-12', '11:07:22'),
(516, 30, '(31.8710419,-116.6669609)', '2016-07-12', '11:07:30'),
(517, 30, '(31.8710419,-116.6669609)', '2016-07-12', '11:07:30'),
(518, 30, '(31.8711091,-116.6669696)', '2016-07-12', '11:07:24'),
(519, 30, '(31.8711091,-116.6669696)', '2016-07-12', '11:07:25'),
(520, 30, '(31.8711091,-116.6669696)', '2016-07-12', '11:07:28'),
(521, 30, '(31.8711091,-116.6669696)', '2016-07-12', '11:07:28'),
(522, 30, '(31.8711091,-116.6669696)', '2016-07-12', '11:07:35'),
(523, 30, '(31.8711091,-116.6669696)', '2016-07-12', '11:07:35'),
(524, 30, '(31.8711091,-116.6669696)', '2016-07-12', '11:07:38'),
(525, 30, '(31.8711091,-116.6669696)', '2016-07-12', '11:07:38'),
(526, 30, '(31.8711091,-116.6669696)', '2016-07-12', '11:07:44'),
(527, 30, '(31.8711091,-116.6669696)', '2016-07-12', '11:07:44'),
(528, 30, '(31.8711091,-116.6669696)', '2016-07-12', '11:07:48'),
(529, 30, '(31.8711091,-116.6669696)', '2016-07-12', '11:07:49'),
(530, 30, '(31.8711091,-116.6669696)', '2016-07-12', '11:07:01'),
(531, 30, '(31.8711091,-116.6669696)', '2016-07-12', '11:07:01'),
(532, 30, '(31.8711111,-116.6669703)', '2016-07-12', '11:07:05'),
(533, 30, '(31.8711111,-116.6669703)', '2016-07-12', '11:07:05'),
(534, 30, '(31.8711111,-116.6669703)', '2016-07-12', '11:07:09'),
(535, 30, '(31.8711111,-116.6669703)', '2016-07-12', '11:07:09'),
(536, 30, '(31.8711111,-116.6669703)', '2016-07-12', '11:07:15'),
(537, 30, '(31.8711111,-116.6669703)', '2016-07-12', '11:07:15'),
(538, 30, '(31.8711111,-116.6669703)', '2016-07-12', '11:07:28'),
(539, 30, '(31.8711111,-116.6669703)', '2016-07-12', '11:07:28'),
(540, 30, '(31.8711179,-116.6669698)', '2016-07-12', '11:07:37'),
(541, 30, '(31.8711179,-116.6669698)', '2016-07-12', '11:07:37'),
(542, 30, '(31.8711179,-116.6669698)', '2016-07-12', '11:07:40'),
(543, 30, '(31.8711179,-116.6669698)', '2016-07-12', '11:07:40'),
(544, 30, '(31.8711179,-116.6669698)', '2016-07-12', '11:07:46'),
(545, 30, '(31.8711179,-116.6669698)', '2016-07-12', '11:07:46'),
(546, 30, '(31.8711179,-116.6669698)', '2016-07-12', '11:07:50'),
(547, 30, '(31.8711179,-116.6669698)', '2016-07-12', '11:07:50'),
(548, 30, '(31.8711179,-116.6669698)', '2016-07-12', '11:07:56'),
(549, 30, '(31.8711179,-116.6669698)', '2016-07-12', '11:07:56'),
(550, 30, '(31.8711144,-116.6669696)', '2016-07-12', '11:07:00'),
(551, 30, '(31.8711144,-116.6669696)', '2016-07-12', '11:07:00'),
(552, 30, '(31.8711144,-116.6669696)', '2016-07-12', '11:07:06'),
(553, 30, '(31.8711144,-116.6669696)', '2016-07-12', '11:07:06'),
(554, 30, '(31.8711144,-116.6669696)', '2016-07-12', '11:07:11'),
(555, 30, '(31.8711144,-116.6669696)', '2016-07-12', '11:07:11'),
(556, 30, '(31.8711144,-116.6669696)', '2016-07-12', '11:07:17'),
(557, 30, '(31.8711144,-116.6669696)', '2016-07-12', '11:07:17'),
(558, 30, '(31.8711144,-116.6669696)', '2016-07-12', '11:07:23'),
(559, 30, '(31.8711144,-116.6669696)', '2016-07-12', '11:07:23'),
(560, 30, '(31.8711144,-116.6669696)', '2016-07-12', '11:07:29'),
(561, 30, '(31.8711144,-116.6669696)', '2016-07-12', '11:07:29'),
(562, 30, '(31.8711116,-116.6669717)', '2016-07-12', '11:07:37'),
(563, 30, '(31.8711116,-116.6669717)', '2016-07-12', '11:07:37'),
(564, 30, '(31.8711116,-116.6669717)', '2016-07-12', '11:07:41'),
(565, 30, '(31.8711116,-116.6669717)', '2016-07-12', '11:07:41'),
(566, 30, '(31.8711116,-116.6669717)', '2016-07-12', '11:07:47'),
(567, 30, '(31.8711116,-116.6669717)', '2016-07-12', '11:07:47'),
(568, 30, '(31.8711116,-116.6669717)', '2016-07-12', '11:07:52'),
(569, 30, '(31.8711116,-116.6669717)', '2016-07-12', '11:07:52'),
(570, 30, '(31.8711116,-116.6669717)', '2016-07-12', '11:07:00'),
(571, 30, '(31.8711116,-116.6669717)', '2016-07-12', '11:07:00'),
(572, 30, '(31.8711116,-116.6669717)', '2016-07-12', '11:07:02'),
(573, 30, '(31.8711116,-116.6669717)', '2016-07-12', '11:07:02'),
(574, 30, '(31.8711116,-116.6669717)', '2016-07-12', '11:07:10'),
(575, 30, '(31.8711116,-116.6669717)', '2016-07-12', '11:07:10'),
(576, 30, '(31.8710724,-116.6669862)', '2016-07-12', '11:07:12'),
(577, 30, '(31.8710724,-116.6669862)', '2016-07-12', '11:07:12'),
(578, 30, '(31.8710724,-116.6669862)', '2016-07-12', '11:07:14'),
(579, 30, '(31.8710724,-116.6669862)', '2016-07-12', '11:07:14'),
(580, 30, '(31.8710724,-116.6669862)', '2016-07-12', '11:07:20'),
(581, 30, '(31.8710724,-116.6669862)', '2016-07-12', '11:07:20'),
(582, 30, '(31.8710724,-116.6669862)', '2016-07-12', '11:07:24'),
(583, 30, '(31.8710724,-116.6669862)', '2016-07-12', '11:07:24'),
(584, 30, '(31.8710724,-116.6669862)', '2016-07-12', '11:07:30'),
(585, 30, '(31.8710724,-116.6669862)', '2016-07-12', '11:07:30'),
(586, 30, '(31.8710724,-116.6669862)', '2016-07-12', '11:07:34'),
(587, 30, '(31.8710724,-116.6669862)', '2016-07-12', '11:07:34'),
(588, 30, '(31.8710724,-116.6669862)', '2016-07-12', '11:07:43'),
(589, 30, '(31.8710724,-116.6669862)', '2016-07-12', '11:07:43'),
(590, 30, '(31.8710307,-116.6669572)', '2016-07-12', '11:07:45'),
(591, 30, '(31.8710307,-116.6669572)', '2016-07-12', '11:07:45'),
(592, 30, '(31.8710307,-116.6669572)', '2016-07-12', '11:07:51'),
(593, 30, '(31.8710307,-116.6669572)', '2016-07-12', '11:07:51'),
(594, 30, '(31.8710307,-116.6669572)', '2016-07-12', '11:07:55'),
(595, 30, '(31.8710307,-116.6669572)', '2016-07-12', '11:07:55'),
(596, 30, '(31.8710307,-116.6669572)', '2016-07-12', '11:07:01'),
(597, 30, '(31.8710307,-116.6669572)', '2016-07-12', '11:07:01'),
(598, 30, '(31.8710307,-116.6669572)', '2016-07-12', '11:07:11'),
(599, 30, '(31.8710307,-116.6669572)', '2016-07-12', '11:07:11'),
(600, 30, '(31.8711095,-116.6669716)', '2016-07-12', '11:07:15'),
(601, 30, '(31.8711095,-116.6669716)', '2016-07-12', '11:07:15'),
(602, 30, '(31.8705163,-116.6666777)', '2016-07-12', '11:07:54'),
(603, 30, '(31.8705163,-116.6666777)', '2016-07-12', '11:07:54'),
(604, 30, '(31.8711222,-116.6669697)', '2016-07-12', '11:07:54'),
(605, 30, '(31.8711222,-116.6669697)', '2016-07-12', '11:07:54'),
(606, 30, '(31.8711095,-116.6669716)', '2016-07-12', '12:07:45'),
(607, 30, '(31.8711095,-116.6669716)', '2016-07-12', '12:07:46'),
(608, 30, '(31.8711095,-116.6669716)', '2016-07-12', '12:07:46'),
(609, 30, '(31.8711095,-116.6669716)', '2016-07-12', '12:07:46'),
(610, 30, '(31.8711095,-116.6669716)', '2016-07-12', '12:07:52'),
(611, 30, '(31.8711095,-116.6669716)', '2016-07-12', '12:07:52'),
(612, 30, '(31.8711095,-116.6669716)', '2016-07-12', '12:07:57'),
(613, 30, '(31.8711095,-116.6669716)', '2016-07-12', '12:07:57'),
(614, 30, '(31.8711095,-116.6669716)', '2016-07-12', '12:07:03'),
(615, 30, '(31.8711095,-116.6669716)', '2016-07-12', '12:07:03'),
(616, 30, '(31.8711095,-116.6669716)', '2016-07-12', '12:07:15'),
(617, 30, '(31.8711095,-116.6669716)', '2016-07-12', '12:07:15'),
(618, 30, '(31.8711094,-116.6669697)', '2016-07-12', '12:07:17'),
(619, 30, '(31.8711094,-116.6669697)', '2016-07-12', '12:07:17'),
(620, 30, '(31.8711094,-116.6669697)', '2016-07-12', '12:07:23'),
(621, 30, '(31.8711094,-116.6669697)', '2016-07-12', '12:07:23'),
(622, 30, '(31.8711111,-116.6669697)', '2016-07-12', '12:07:35'),
(623, 30, '(31.8711111,-116.6669697)', '2016-07-12', '12:07:35'),
(624, 30, '(31.8711111,-116.6669697)', '2016-07-12', '12:07:35'),
(625, 30, '(31.8711111,-116.6669697)', '2016-07-12', '12:07:35'),
(626, 30, '(31.871111,-116.6669717)', '2016-07-12', '12:07:35'),
(627, 30, '(31.871111,-116.6669717)', '2016-07-12', '12:07:35'),
(628, 30, '(31.871109,-116.6669703)', '2016-07-12', '12:07:35'),
(629, 30, '(31.871109,-116.6669703)', '2016-07-12', '12:07:36'),
(630, 30, '(31.871109,-116.6669703)', '2016-07-12', '12:07:36'),
(631, 30, '(31.871109,-116.6669703)', '2016-07-12', '12:07:36'),
(632, 30, '(31.8711092,-116.6669699)', '2016-07-12', '12:07:36'),
(633, 30, '(31.8711092,-116.6669699)', '2016-07-12', '12:07:36'),
(634, 30, '(31.8711092,-116.6669699)', '2016-07-12', '12:07:36'),
(635, 30, '(31.8710708,-116.6669856)', '2016-07-12', '12:07:41'),
(636, 30, '(31.8710708,-116.6669856)', '2016-07-12', '12:07:41'),
(637, 30, '(31.8710708,-116.6669856)', '2016-07-12', '12:07:45'),
(638, 30, '(31.8710708,-116.6669856)', '2016-07-12', '12:07:45'),
(639, 30, '(31.8710708,-116.6669856)', '2016-07-12', '12:07:28'),
(640, 30, '(31.8710708,-116.6669856)', '2016-07-12', '12:07:28'),
(641, 30, '(31.8710708,-116.6669856)', '2016-07-12', '12:07:31'),
(642, 30, '(31.8710708,-116.6669856)', '2016-07-12', '12:07:31'),
(643, 30, '(31.8710708,-116.6669856)', '2016-07-12', '12:07:35'),
(644, 30, '(31.8710708,-116.6669856)', '2016-07-12', '12:07:35'),
(645, 30, '(31.8710708,-116.6669856)', '2016-07-12', '12:07:41'),
(646, 30, '(31.8710708,-116.6669856)', '2016-07-12', '12:07:41'),
(647, 30, '(31.8710708,-116.6669856)', '2016-07-12', '12:07:46'),
(648, 30, '(31.8710708,-116.6669856)', '2016-07-12', '12:07:46'),
(649, 30, '(31.8710708,-116.6669856)', '2016-07-12', '12:07:54'),
(650, 30, '(31.8710708,-116.6669856)', '2016-07-12', '12:07:54'),
(651, 30, '(31.8709797,-116.6669202)', '2016-07-12', '12:07:56'),
(652, 30, '(31.8709797,-116.6669202)', '2016-07-12', '12:07:56'),
(653, 30, '(31.8709797,-116.6669202)', '2016-07-12', '12:07:02'),
(654, 30, '(31.8709797,-116.6669202)', '2016-07-12', '12:07:02'),
(655, 30, '(31.8709797,-116.6669202)', '2016-07-12', '12:07:23'),
(656, 30, '(31.8709797,-116.6669202)', '2016-07-12', '12:07:23'),
(657, 30, '(31.871036,-116.6669591)', '2016-07-12', '12:07:27'),
(658, 30, '(31.871036,-116.6669591)', '2016-07-12', '12:07:27'),
(659, 30, '(31.871036,-116.6669591)', '2016-07-12', '12:07:33'),
(660, 30, '(31.871036,-116.6669591)', '2016-07-12', '12:07:33'),
(661, 30, '(31.871036,-116.6669591)', '2016-07-12', '12:07:37'),
(662, 30, '(31.871036,-116.6669591)', '2016-07-12', '12:07:37'),
(663, 30, '(31.871036,-116.6669591)', '2016-07-12', '12:07:43'),
(664, 30, '(31.871036,-116.6669591)', '2016-07-12', '12:07:43'),
(665, 30, '(31.871036,-116.6669591)', '2016-07-12', '12:07:50'),
(666, 30, '(31.871036,-116.6669591)', '2016-07-12', '12:07:50'),
(667, 30, '(31.8711164,-116.6669706)', '2016-07-12', '12:07:53'),
(668, 30, '(31.8711164,-116.6669706)', '2016-07-12', '12:07:53'),
(669, 30, '(31.8711164,-116.6669706)', '2016-07-12', '12:07:58'),
(670, 30, '(31.8711164,-116.6669706)', '2016-07-12', '12:07:58'),
(671, 30, '(31.8711164,-116.6669706)', '2016-07-12', '12:07:08'),
(672, 30, '(31.8711164,-116.6669706)', '2016-07-12', '12:07:08'),
(673, 30, '(31.8711164,-116.6669706)', '2016-07-12', '12:07:14'),
(674, 30, '(31.8711164,-116.6669706)', '2016-07-12', '12:07:14'),
(675, 30, '(31.8711164,-116.6669706)', '2016-07-12', '12:07:20'),
(676, 30, '(31.8711164,-116.6669706)', '2016-07-12', '12:07:21'),
(677, 30, '(31.8708944,-116.6668809)', '2016-07-12', '12:07:24'),
(678, 30, '(31.8708944,-116.6668809)', '2016-07-12', '12:07:24'),
(679, 30, '(31.8710711,-116.6669867)', '2016-07-12', '13:07:02'),
(680, 30, '(31.8710711,-116.6669867)', '2016-07-12', '13:07:02'),
(681, 30, '(31.8707693,-116.6668131)', '2016-07-12', '13:07:02'),
(682, 30, '(31.8707693,-116.6668131)', '2016-07-12', '13:07:02'),
(683, 30, '(31.8711131,-116.6669717)', '2016-07-12', '13:07:02'),
(684, 30, '(31.8711131,-116.6669717)', '2016-07-12', '13:07:02'),
(685, 30, '(31.8711077,-116.6669708)', '2016-07-12', '13:07:02'),
(686, 30, '(31.8711077,-116.6669708)', '2016-07-12', '13:07:02'),
(687, 30, '(31.8711111,-116.6669697)', '2016-07-12', '13:07:02'),
(688, 30, '(31.8711111,-116.6669697)', '2016-07-12', '13:07:02'),
(689, 30, '(31.8711111,-116.6669697)', '2016-07-12', '13:07:02'),
(690, 30, '(31.8711111,-116.6669697)', '2016-07-12', '13:07:03'),
(691, 30, '(31.8710711,-116.6669868)', '2016-07-12', '13:07:06'),
(692, 30, '(31.8710711,-116.6669868)', '2016-07-12', '13:07:06'),
(693, 30, '(31.8710711,-116.6669868)', '2016-07-12', '13:07:10'),
(694, 30, '(31.8710711,-116.6669868)', '2016-07-12', '13:07:10'),
(695, 30, '(31.8710711,-116.6669868)', '2016-07-12', '13:07:14'),
(696, 30, '(31.8710711,-116.6669868)', '2016-07-12', '13:07:15'),
(697, 30, '(31.8711072,-116.666971)', '2016-07-12', '13:07:20'),
(698, 30, '(31.8711072,-116.666971)', '2016-07-12', '13:07:20'),
(699, 30, '(31.8711072,-116.666971)', '2016-07-12', '13:07:25'),
(700, 30, '(31.8711072,-116.666971)', '2016-07-12', '13:07:25'),
(701, 30, '(31.8711072,-116.666971)', '2016-07-12', '13:07:30'),
(702, 30, '(31.8711072,-116.666971)', '2016-07-12', '13:07:30'),
(703, 30, '(31.8711072,-116.666971)', '2016-07-12', '13:07:35'),
(704, 30, '(31.8711072,-116.666971)', '2016-07-12', '13:07:35'),
(705, 30, '(31.8710709,-116.6669882)', '2016-07-12', '13:07:56'),
(706, 30, '(31.8710709,-116.6669882)', '2016-07-12', '13:07:56'),
(707, 30, '(31.8710709,-116.6669882)', '2016-07-12', '13:07:59'),
(708, 30, '(31.8710709,-116.6669882)', '2016-07-12', '13:07:59'),
(709, 30, '(31.8710709,-116.6669882)', '2016-07-12', '13:07:04'),
(710, 30, '(31.8710709,-116.6669882)', '2016-07-12', '13:07:04'),
(711, 30, '(31.8710709,-116.6669882)', '2016-07-12', '13:07:11'),
(712, 30, '(31.8710709,-116.6669882)', '2016-07-12', '13:07:11'),
(713, 30, '(31.8711108,-116.6669717)', '2016-07-12', '13:07:14'),
(714, 30, '(31.8711108,-116.6669717)', '2016-07-12', '13:07:14'),
(715, 30, '(31.8711108,-116.6669717)', '2016-07-12', '13:07:19'),
(716, 30, '(31.8711108,-116.6669717)', '2016-07-12', '13:07:19'),
(717, 30, '(31.8710732,-116.6669435)', '2016-07-12', '15:07:49'),
(718, 30, '(31.8710732,-116.6669435)', '2016-07-12', '15:07:53'),
(719, 30, '(31.8710732,-116.6669435)', '2016-07-12', '15:07:53'),
(720, 30, '(31.8710732,-116.6669435)', '2016-07-12', '15:07:58'),
(721, 30, '(31.8710732,-116.6669435)', '2016-07-12', '15:07:58'),
(722, 30, '(31.8710732,-116.6669435)', '2016-07-12', '15:07:08'),
(723, 30, '(31.8710732,-116.6669435)', '2016-07-12', '15:07:08'),
(724, 30, '(31.8710732,-116.6669435)', '2016-07-12', '15:07:13'),
(725, 30, '(31.8710732,-116.6669435)', '2016-07-12', '15:07:13'),
(726, 30, '(31.8711119,-116.666971)', '2016-07-12', '15:07:00'),
(727, 30, '(31.8711119,-116.666971)', '2016-07-12', '15:07:00'),
(728, 30, '(31.8711119,-116.666971)', '2016-07-12', '15:07:00'),
(729, 30, '(31.8711119,-116.666971)', '2016-07-12', '15:07:00'),
(730, 30, '(31.8709453,-116.6668961)', '2016-07-12', '15:07:51'),
(731, 30, '(31.8709453,-116.6668961)', '2016-07-12', '15:07:51'),
(732, 30, '(31.8709189,-116.6668938)', '2016-07-13', '10:07:18'),
(733, 30, '(31.8709189,-116.6668938)', '2016-07-13', '10:07:18'),
(734, 30, '(31.8709189,-116.6668938)', '2016-07-13', '10:07:18'),
(735, 30, '(31.8709189,-116.6668938)', '2016-07-13', '10:07:18'),
(736, 30, '(31.8709189,-116.6668938)', '2016-07-13', '10:07:22'),
(737, 30, '(31.8709189,-116.6668938)', '2016-07-13', '10:07:22'),
(738, 30, '(31.8709189,-116.6668938)', '2016-07-13', '10:07:32'),
(739, 30, '(31.8709189,-116.6668938)', '2016-07-13', '10:07:32'),
(740, 30, '(31.8709189,-116.6668938)', '2016-07-13', '10:07:42'),
(741, 30, '(31.8709189,-116.6668938)', '2016-07-13', '10:07:42'),
(742, 30, '(31.8711091,-116.6669706)', '2016-07-13', '10:07:49'),
(743, 30, '(31.8711091,-116.6669706)', '2016-07-13', '10:07:49'),
(744, 30, '(31.8711091,-116.6669706)', '2016-07-13', '10:07:52'),
(745, 30, '(31.8711091,-116.6669706)', '2016-07-13', '10:07:52'),
(746, 30, '(31.8711091,-116.6669706)', '2016-07-13', '10:07:00'),
(747, 30, '(31.8711091,-116.6669706)', '2016-07-13', '10:07:00'),
(748, 30, '(31.8711091,-116.6669706)', '2016-07-13', '10:07:03'),
(749, 30, '(31.8711091,-116.6669706)', '2016-07-13', '10:07:03'),
(750, 30, '(31.8711091,-116.6669706)', '2016-07-13', '10:07:10'),
(751, 30, '(31.8711091,-116.6669706)', '2016-07-13', '10:07:10'),
(752, 30, '(31.871058,-116.6669512)', '2016-07-13', '10:07:13'),
(753, 30, '(31.871058,-116.6669512)', '2016-07-13', '10:07:13'),
(754, 30, '(31.871058,-116.6669512)', '2016-07-13', '10:07:23'),
(755, 30, '(31.871058,-116.6669512)', '2016-07-13', '10:07:23'),
(756, 30, '(31.871058,-116.6669512)', '2016-07-13', '10:07:30'),
(757, 30, '(31.871058,-116.6669512)', '2016-07-13', '10:07:30'),
(758, 30, '(31.871058,-116.6669512)', '2016-07-13', '10:07:33'),
(759, 30, '(31.871058,-116.6669512)', '2016-07-13', '10:07:33'),
(760, 30, '(31.871058,-116.6669512)', '2016-07-13', '10:07:44'),
(761, 30, '(31.871058,-116.6669512)', '2016-07-13', '10:07:44'),
(762, 30, '(31.8710449,-116.6669463)', '2016-07-13', '10:07:54'),
(763, 30, '(31.8710449,-116.6669463)', '2016-07-13', '10:07:54'),
(764, 30, '(31.8710449,-116.6669463)', '2016-07-13', '10:07:01'),
(765, 30, '(31.8710449,-116.6669463)', '2016-07-13', '10:07:01'),
(766, 30, '(31.8710449,-116.6669463)', '2016-07-13', '10:07:04'),
(767, 30, '(31.8710449,-116.6669463)', '2016-07-13', '10:07:04'),
(768, 30, '(31.8710449,-116.6669463)', '2016-07-13', '10:07:15'),
(769, 30, '(31.8710449,-116.6669463)', '2016-07-13', '10:07:15'),
(770, 30, '(31.8710522,-116.6669493)', '2016-07-13', '10:07:22'),
(771, 30, '(31.8710522,-116.6669493)', '2016-07-13', '10:07:22'),
(772, 30, '(31.8710522,-116.6669493)', '2016-07-13', '10:07:25'),
(773, 30, '(31.8710522,-116.6669493)', '2016-07-13', '10:07:25'),
(774, 30, '(31.8710522,-116.6669493)', '2016-07-13', '10:07:32'),
(775, 30, '(31.8710522,-116.6669493)', '2016-07-13', '10:07:32'),
(776, 30, '(31.8710522,-116.6669493)', '2016-07-13', '10:07:35'),
(777, 30, '(31.8710522,-116.6669493)', '2016-07-13', '10:07:35'),
(778, 30, '(31.8710522,-116.6669493)', '2016-07-13', '10:07:42'),
(779, 30, '(31.8710522,-116.6669493)', '2016-07-13', '10:07:42'),
(780, 30, '(31.8692532,-116.6659842)', '2016-07-13', '10:07:45'),
(781, 30, '(31.8692532,-116.6659842)', '2016-07-13', '10:07:45'),
(782, 30, '(31.869253,-116.6659843)', '2016-07-13', '10:07:22'),
(783, 30, '(31.869253,-116.6659843)', '2016-07-13', '10:07:26'),
(784, 30, '(31.869253,-116.6659843)', '2016-07-13', '10:07:26'),
(785, 30, '(31.869253,-116.6659843)', '2016-07-13', '10:07:36'),
(786, 30, '(31.869253,-116.6659843)', '2016-07-13', '10:07:36'),
(787, 30, '(31.869253,-116.6659843)', '2016-07-13', '10:07:39'),
(788, 30, '(31.869253,-116.6659843)', '2016-07-13', '10:07:39'),
(789, 30, '(31.869253,-116.6659843)', '2016-07-13', '10:07:46'),
(790, 30, '(31.869253,-116.6659843)', '2016-07-13', '10:07:46'),
(791, 30, '(31.869253,-116.6659843)', '2016-07-13', '10:07:49'),
(792, 30, '(31.869253,-116.6659843)', '2016-07-13', '10:07:49'),
(793, 30, '(31.8710419,-116.6669609)', '2016-07-13', '10:07:01'),
(794, 30, '(31.8710419,-116.6669609)', '2016-07-13', '10:07:01'),
(795, 30, '(31.8710419,-116.6669609)', '2016-07-13', '10:07:01'),
(796, 30, '(31.8710419,-116.6669609)', '2016-07-13', '10:07:01'),
(797, 30, '(31.8710419,-116.6669609)', '2016-07-13', '10:07:04'),
(798, 30, '(31.8710419,-116.6669609)', '2016-07-13', '10:07:04'),
(799, 30, '(31.8710419,-116.6669609)', '2016-07-13', '10:07:12'),
(800, 30, '(31.8710419,-116.6669609)', '2016-07-13', '10:07:12'),
(801, 30, '(31.8710419,-116.6669609)', '2016-07-13', '10:07:14'),
(802, 30, '(31.8710419,-116.6669609)', '2016-07-13', '10:07:14'),
(803, 30, '(31.8710419,-116.6669609)', '2016-07-13', '10:07:22'),
(804, 30, '(31.8710419,-116.6669609)', '2016-07-13', '10:07:22'),
(805, 30, '(31.8710419,-116.6669609)', '2016-07-13', '10:07:25'),
(806, 30, '(31.8710419,-116.6669609)', '2016-07-13', '10:07:25'),
(807, 30, '(31.8711104,-116.6669703)', '2016-07-13', '10:07:35'),
(808, 30, '(31.8711104,-116.6669703)', '2016-07-13', '10:07:35'),
(809, 30, '(31.8711104,-116.6669703)', '2016-07-13', '10:07:42'),
(810, 30, '(31.8711104,-116.6669703)', '2016-07-13', '10:07:42'),
(811, 30, '(31.8711104,-116.6669703)', '2016-07-13', '10:07:45'),
(812, 30, '(31.8711104,-116.6669703)', '2016-07-13', '10:07:45'),
(813, 30, '(31.8711104,-116.6669703)', '2016-07-13', '10:07:53'),
(814, 30, '(31.8711104,-116.6669703)', '2016-07-13', '10:07:53'),
(815, 30, '(31.8711088,-116.6669719)', '2016-07-13', '10:07:55'),
(816, 30, '(31.8711088,-116.6669719)', '2016-07-13', '10:07:55'),
(817, 30, '(31.8711088,-116.6669719)', '2016-07-13', '10:07:55'),
(818, 30, '(31.8710607,-116.6669495)', '2016-07-13', '10:07:45'),
(819, 30, '(31.8710607,-116.6669495)', '2016-07-13', '10:07:47'),
(820, 30, '(31.8711094,-116.6669697)', '2016-07-13', '10:07:49');
INSERT INTO `escalon_viaje_ubicacion` (`id`, `id_viaje`, `ubicacion`, `fecha`, `hora`) VALUES
(821, 30, '(31.8711094,-116.6669697)', '2016-07-13', '10:07:50'),
(822, 30, '(31.8710519,-116.6669416)', '2016-07-13', '10:07:51'),
(823, 30, '(31.8710519,-116.6669416)', '2016-07-13', '10:07:53'),
(824, 30, '(31.8710519,-116.6669416)', '2016-07-13', '10:07:54'),
(825, 30, '(31.8710519,-116.6669416)', '2016-07-13', '10:07:54'),
(826, 30, '(31.8710519,-116.6669416)', '2016-07-13', '10:07:54'),
(827, 30, '(31.8710519,-116.6669416)', '2016-07-13', '10:07:55'),
(828, 30, '(31.8710519,-116.6669416)', '2016-07-13', '10:07:55'),
(829, 30, '(31.8710519,-116.6669416)', '2016-07-13', '10:07:55'),
(830, 30, '(31.8710519,-116.6669416)', '2016-07-13', '10:07:55'),
(831, 30, '(31.8710519,-116.6669416)', '2016-07-13', '10:07:55'),
(832, 30, '(31.8710519,-116.6669416)', '2016-07-13', '10:07:55'),
(833, 30, '(31.8710519,-116.6669416)', '2016-07-13', '10:07:55'),
(834, 30, '(31.8710519,-116.6669416)', '2016-07-13', '10:07:55'),
(835, 30, '(31.8711088,-116.6669719)', '2016-07-13', '10:07:09'),
(836, 30, '(31.8711946,-116.6669564)', '2016-07-13', '12:07:47'),
(837, 30, '(31.8711946,-116.6669564)', '2016-07-13', '12:07:47'),
(838, 30, '(31.8711946,-116.6669564)', '2016-07-13', '12:07:51'),
(839, 30, '(31.8711946,-116.6669564)', '2016-07-13', '12:07:52'),
(840, 30, '(31.8711946,-116.6669564)', '2016-07-13', '12:07:53'),
(841, 30, '(31.8711946,-116.6669564)', '2016-07-13', '12:07:53'),
(842, 30, '(31.8711946,-116.6669564)', '2016-07-13', '12:07:02'),
(843, 30, '(31.8711946,-116.6669564)', '2016-07-13', '12:07:02'),
(844, 30, '(31.8711946,-116.6669564)', '2016-07-13', '12:07:03'),
(845, 30, '(31.8711946,-116.6669564)', '2016-07-13', '12:07:03'),
(846, 30, '(31.8711946,-116.6669564)', '2016-07-13', '12:07:12'),
(847, 30, '(31.8711946,-116.6669564)', '2016-07-13', '12:07:12'),
(848, 30, '(31.8710608,-116.6669522)', '2016-07-13', '12:07:13'),
(849, 30, '(31.8710608,-116.6669522)', '2016-07-13', '12:07:14'),
(850, 30, '(31.8710608,-116.6669522)', '2016-07-13', '12:07:22'),
(851, 30, '(31.8710608,-116.6669522)', '2016-07-13', '12:07:22'),
(852, 30, '(31.8710608,-116.6669522)', '2016-07-13', '12:07:24'),
(853, 30, '(31.8710608,-116.6669522)', '2016-07-13', '12:07:24'),
(854, 30, '(31.8710608,-116.6669522)', '2016-07-13', '12:07:33'),
(855, 30, '(31.8710608,-116.6669522)', '2016-07-13', '12:07:33'),
(856, 30, '(31.8710608,-116.6669522)', '2016-07-13', '12:07:34'),
(857, 30, '(31.8710608,-116.6669522)', '2016-07-13', '12:07:34'),
(858, 30, '(31.8710608,-116.6669522)', '2016-07-13', '12:07:43'),
(859, 30, '(31.8710608,-116.6669522)', '2016-07-13', '12:07:43'),
(860, 30, '(31.8710344,-116.6669544)', '2016-07-13', '12:07:53'),
(861, 30, '(31.8710344,-116.6669544)', '2016-07-13', '12:07:53'),
(862, 30, '(31.8710344,-116.6669544)', '2016-07-13', '12:07:54'),
(863, 30, '(31.8710344,-116.6669544)', '2016-07-13', '12:07:55'),
(864, 30, '(31.8710344,-116.6669544)', '2016-07-13', '12:07:05'),
(865, 30, '(31.8710344,-116.6669544)', '2016-07-13', '12:07:05'),
(866, 30, '(31.8710344,-116.6669544)', '2016-07-13', '12:07:14'),
(867, 30, '(31.8710344,-116.6669544)', '2016-07-13', '12:07:14'),
(868, 30, '(31.8692542,-116.6659824)', '2016-07-13', '12:07:15'),
(869, 30, '(31.8692542,-116.6659824)', '2016-07-13', '12:07:15'),
(870, 30, '(31.8692542,-116.6659824)', '2016-07-13', '12:07:24'),
(871, 30, '(31.8692542,-116.6659824)', '2016-07-13', '12:07:24'),
(872, 30, '(31.8692542,-116.6659824)', '2016-07-13', '12:07:25'),
(873, 30, '(31.8692542,-116.6659824)', '2016-07-13', '12:07:25'),
(874, 30, '(31.8692542,-116.6659824)', '2016-07-13', '12:07:34'),
(875, 30, '(31.8692542,-116.6659824)', '2016-07-13', '12:07:34'),
(876, 30, '(31.8692542,-116.6659824)', '2016-07-13', '12:07:36'),
(877, 30, '(31.8692542,-116.6659824)', '2016-07-13', '12:07:36'),
(878, 30, '(31.8692542,-116.6659824)', '2016-07-13', '12:07:46'),
(879, 30, '(31.8692542,-116.6659824)', '2016-07-13', '12:07:46'),
(880, 30, '(31.8710633,-116.6669519)', '2016-07-13', '12:07:55'),
(881, 30, '(31.8710633,-116.6669519)', '2016-07-13', '12:07:55'),
(882, 30, '(31.8710633,-116.6669519)', '2016-07-13', '12:07:56'),
(883, 30, '(31.8710633,-116.6669519)', '2016-07-13', '12:07:56'),
(884, 30, '(31.8710633,-116.6669519)', '2016-07-13', '12:07:05'),
(885, 30, '(31.8710633,-116.6669519)', '2016-07-13', '12:07:05'),
(886, 30, '(31.8710633,-116.6669519)', '2016-07-13', '12:07:15'),
(887, 30, '(31.8710633,-116.6669519)', '2016-07-13', '12:07:15'),
(888, 30, '(31.8708315,-116.6668458)', '2016-07-13', '12:07:27'),
(889, 30, '(31.8708315,-116.6668458)', '2016-07-13', '12:07:27'),
(890, 30, '(31.8708315,-116.6668458)', '2016-07-13', '12:07:36'),
(891, 30, '(31.8708315,-116.6668458)', '2016-07-13', '12:07:36'),
(892, 30, '(31.8708315,-116.6668458)', '2016-07-13', '12:07:37'),
(893, 30, '(31.8708315,-116.6668458)', '2016-07-13', '12:07:37'),
(894, 30, '(31.8708315,-116.6668458)', '2016-07-13', '12:07:46'),
(895, 30, '(31.8708315,-116.6668458)', '2016-07-13', '12:07:46'),
(896, 30, '(31.8711081,-116.6669712)', '2016-07-13', '12:07:47'),
(897, 30, '(31.8711081,-116.6669712)', '2016-07-13', '12:07:47'),
(898, 30, '(31.8711081,-116.6669712)', '2016-07-13', '12:07:56'),
(899, 30, '(31.8711081,-116.6669712)', '2016-07-13', '12:07:56'),
(900, 30, '(31.8711081,-116.6669712)', '2016-07-13', '12:07:58'),
(901, 30, '(31.8711081,-116.6669712)', '2016-07-13', '12:07:58'),
(902, 30, '(31.8711081,-116.6669712)', '2016-07-13', '12:07:06'),
(903, 30, '(31.8711081,-116.6669712)', '2016-07-13', '12:07:07'),
(904, 30, '(31.8711081,-116.6669712)', '2016-07-13', '12:07:08'),
(905, 30, '(31.8711081,-116.6669712)', '2016-07-13', '12:07:08'),
(906, 30, '(31.8711081,-116.6669712)', '2016-07-13', '12:07:18'),
(907, 30, '(31.8711081,-116.6669712)', '2016-07-13', '12:07:18'),
(908, 30, '(31.8710552,-116.6669501)', '2016-07-13', '12:07:27'),
(909, 30, '(31.8710552,-116.6669501)', '2016-07-13', '12:07:27'),
(910, 30, '(31.8710552,-116.6669501)', '2016-07-13', '12:07:28'),
(911, 30, '(31.8710552,-116.6669501)', '2016-07-13', '12:07:28'),
(912, 30, '(31.8710552,-116.6669501)', '2016-07-13', '12:07:37'),
(913, 30, '(31.8710552,-116.6669501)', '2016-07-13', '12:07:38'),
(914, 30, '(31.8710552,-116.6669501)', '2016-07-13', '12:07:39'),
(915, 30, '(31.8710552,-116.6669501)', '2016-07-13', '12:07:39'),
(916, 30, '(31.8710552,-116.6669501)', '2016-07-13', '12:07:48'),
(917, 30, '(31.8710552,-116.6669501)', '2016-07-13', '12:07:48'),
(918, 30, '(31.8711075,-116.6669703)', '2016-07-13', '12:07:49'),
(919, 30, '(31.8711075,-116.6669703)', '2016-07-13', '12:07:49'),
(920, 30, '(31.8711075,-116.6669703)', '2016-07-13', '12:07:58'),
(921, 30, '(31.8711075,-116.6669703)', '2016-07-13', '12:07:58'),
(922, 30, '(31.8711075,-116.6669703)', '2016-07-13', '12:07:59'),
(923, 30, '(31.8711075,-116.6669703)', '2016-07-13', '12:07:59'),
(924, 30, '(31.8711075,-116.6669703)', '2016-07-13', '12:07:08'),
(925, 30, '(31.8711075,-116.6669703)', '2016-07-13', '12:07:08'),
(926, 30, '(31.8711075,-116.6669703)', '2016-07-13', '12:07:09'),
(927, 30, '(31.8711075,-116.6669703)', '2016-07-13', '12:07:10'),
(928, 30, '(31.8711075,-116.6669703)', '2016-07-13', '12:07:20'),
(929, 30, '(31.8711075,-116.6669703)', '2016-07-13', '12:07:20'),
(930, 30, '(31.8708631,-116.6668644)', '2016-07-13', '12:07:29'),
(931, 30, '(31.8708631,-116.6668644)', '2016-07-13', '12:07:29'),
(932, 30, '(31.8708631,-116.6668644)', '2016-07-13', '12:07:30'),
(933, 30, '(31.8708631,-116.6668644)', '2016-07-13', '12:07:30'),
(934, 30, '(31.8708631,-116.6668644)', '2016-07-13', '12:07:39'),
(935, 30, '(31.8708631,-116.6668644)', '2016-07-13', '12:07:39'),
(936, 30, '(31.8708631,-116.6668644)', '2016-07-13', '12:07:40'),
(937, 30, '(31.8708631,-116.6668644)', '2016-07-13', '12:07:40'),
(938, 30, '(31.8708631,-116.6668644)', '2016-07-13', '12:07:49'),
(939, 30, '(31.8708631,-116.6668644)', '2016-07-13', '12:07:49'),
(940, 30, '(31.8711113,-116.6669711)', '2016-07-13', '12:07:59'),
(941, 30, '(31.8711113,-116.6669711)', '2016-07-13', '12:07:59'),
(942, 30, '(31.8711113,-116.6669711)', '2016-07-13', '12:07:01'),
(943, 30, '(31.8711113,-116.6669711)', '2016-07-13', '12:07:01'),
(944, 30, '(31.8711113,-116.6669711)', '2016-07-13', '12:07:10'),
(945, 30, '(31.8711113,-116.6669711)', '2016-07-13', '12:07:10'),
(946, 30, '(31.8711113,-116.6669711)', '2016-07-13', '12:07:11'),
(947, 30, '(31.8711113,-116.6669711)', '2016-07-13', '12:07:11'),
(948, 30, '(31.8711113,-116.6669711)', '2016-07-13', '12:07:20'),
(949, 30, '(31.8711113,-116.6669711)', '2016-07-13', '12:07:20'),
(950, 30, '(31.8711093,-116.6669703)', '2016-07-13', '12:07:21'),
(951, 30, '(31.8711093,-116.6669703)', '2016-07-13', '12:07:21'),
(952, 30, '(31.8711093,-116.6669703)', '2016-07-13', '12:07:30'),
(953, 30, '(31.8711093,-116.6669703)', '2016-07-13', '12:07:30'),
(954, 30, '(31.8711093,-116.6669703)', '2016-07-13', '12:07:40'),
(955, 30, '(31.8711093,-116.6669703)', '2016-07-13', '12:07:40'),
(956, 30, '(31.8711093,-116.6669703)', '2016-07-13', '12:07:51'),
(957, 30, '(31.8711093,-116.6669703)', '2016-07-13', '12:07:51'),
(958, 30, '(31.8711272,-116.6669696)', '2016-07-13', '12:07:01'),
(959, 30, '(31.8711272,-116.6669696)', '2016-07-13', '12:07:01'),
(960, 30, '(31.8711272,-116.6669696)', '2016-07-13', '12:07:02'),
(961, 30, '(31.8711272,-116.6669696)', '2016-07-13', '12:07:02'),
(962, 30, '(31.8711272,-116.6669696)', '2016-07-13', '12:07:11'),
(963, 30, '(31.8711272,-116.6669696)', '2016-07-13', '12:07:11'),
(964, 30, '(31.8711272,-116.6669696)', '2016-07-13', '12:07:13'),
(965, 30, '(31.8711272,-116.6669696)', '2016-07-13', '12:07:13'),
(966, 30, '(31.8711272,-116.6669696)', '2016-07-13', '12:07:23'),
(967, 30, '(31.8711272,-116.6669696)', '2016-07-13', '12:07:23'),
(968, 30, '(31.8710591,-116.6669481)', '2016-07-13', '12:07:32'),
(969, 30, '(31.8710591,-116.6669481)', '2016-07-13', '12:07:32'),
(970, 30, '(31.8710591,-116.6669481)', '2016-07-13', '12:07:33'),
(971, 30, '(31.8710591,-116.6669481)', '2016-07-13', '12:07:33'),
(972, 30, '(31.8710591,-116.6669481)', '2016-07-13', '12:07:42'),
(973, 30, '(31.8710591,-116.6669481)', '2016-07-13', '12:07:42'),
(974, 30, '(31.8710591,-116.6669481)', '2016-07-13', '12:07:43'),
(975, 30, '(31.8710591,-116.6669481)', '2016-07-13', '12:07:43'),
(976, 30, '(31.8710591,-116.6669481)', '2016-07-13', '12:07:52'),
(977, 30, '(31.8710591,-116.6669481)', '2016-07-13', '12:07:52'),
(978, 30, '(31.8710449,-116.6669463)', '2016-07-13', '12:07:03'),
(979, 30, '(31.8710449,-116.6669463)', '2016-07-13', '12:07:03'),
(980, 30, '(31.8710449,-116.6669463)', '2016-07-13', '12:07:04'),
(981, 30, '(31.8710449,-116.6669463)', '2016-07-13', '12:07:04'),
(982, 30, '(31.8710449,-116.6669463)', '2016-07-13', '12:07:13'),
(983, 30, '(31.8710449,-116.6669463)', '2016-07-13', '12:07:13'),
(984, 30, '(31.8710449,-116.6669463)', '2016-07-13', '12:07:14'),
(985, 30, '(31.8710449,-116.6669463)', '2016-07-13', '12:07:14'),
(986, 30, '(31.8710449,-116.6669463)', '2016-07-13', '12:07:24'),
(987, 30, '(31.8710449,-116.6669463)', '2016-07-13', '12:07:25'),
(988, 30, '(31.8710573,-116.6669501)', '2016-07-13', '12:07:33'),
(989, 30, '(31.8710573,-116.6669501)', '2016-07-13', '12:07:33'),
(990, 30, '(31.8710573,-116.6669501)', '2016-07-13', '12:07:35'),
(991, 30, '(31.8710573,-116.6669501)', '2016-07-13', '12:07:35'),
(992, 30, '(31.8710573,-116.6669501)', '2016-07-13', '12:07:44'),
(993, 30, '(31.8710573,-116.6669501)', '2016-07-13', '12:07:44'),
(994, 30, '(31.8710573,-116.6669501)', '2016-07-13', '12:07:54'),
(995, 30, '(31.8710573,-116.6669501)', '2016-07-13', '12:07:54'),
(996, 30, '(31.8711094,-116.6669718)', '2016-07-13', '12:07:55'),
(997, 30, '(31.8711094,-116.6669718)', '2016-07-13', '12:07:55'),
(998, 30, '(31.8711094,-116.6669718)', '2016-07-13', '12:07:04'),
(999, 30, '(31.8711094,-116.6669718)', '2016-07-13', '12:07:04'),
(1000, 30, '(31.8711094,-116.6669718)', '2016-07-13', '12:07:06'),
(1001, 30, '(31.8711094,-116.6669718)', '2016-07-13', '12:07:06'),
(1002, 30, '(31.8711094,-116.6669718)', '2016-07-13', '12:07:25'),
(1003, 30, '(31.8711094,-116.6669718)', '2016-07-13', '12:07:25'),
(1004, 30, '(31.8710623,-116.6669546)', '2016-07-13', '12:07:26'),
(1005, 30, '(31.8710623,-116.6669546)', '2016-07-13', '12:07:26'),
(1006, 30, '(31.8710623,-116.6669546)', '2016-07-13', '12:07:35'),
(1007, 30, '(31.8710623,-116.6669546)', '2016-07-13', '12:07:35'),
(1008, 30, '(31.8710623,-116.6669546)', '2016-07-13', '12:07:45'),
(1009, 30, '(31.8710623,-116.6669546)', '2016-07-13', '12:07:45'),
(1010, 30, '(31.8710623,-116.6669546)', '2016-07-13', '12:07:55'),
(1011, 30, '(31.8710623,-116.6669546)', '2016-07-13', '12:07:56'),
(1012, 30, '(31.8711075,-116.6669703)', '2016-07-13', '12:07:57'),
(1013, 30, '(31.8711075,-116.6669703)', '2016-07-13', '12:07:57'),
(1014, 30, '(31.8711075,-116.6669703)', '2016-07-13', '12:07:06'),
(1015, 30, '(31.8711075,-116.6669703)', '2016-07-13', '12:07:06'),
(1016, 30, '(31.8711075,-116.6669703)', '2016-07-13', '12:07:16'),
(1017, 30, '(31.8711075,-116.6669703)', '2016-07-13', '12:07:16'),
(1018, 30, '(31.8711075,-116.6669703)', '2016-07-13', '12:07:26'),
(1019, 30, '(31.8711075,-116.6669703)', '2016-07-13', '12:07:26'),
(1020, 30, '(31.8711082,-116.6669712)', '2016-07-13', '12:07:28'),
(1021, 30, '(31.8711082,-116.6669712)', '2016-07-13', '12:07:28'),
(1022, 30, '(31.8711082,-116.6669712)', '2016-07-13', '12:07:36'),
(1023, 30, '(31.8711082,-116.6669712)', '2016-07-13', '12:07:37'),
(1024, 30, '(31.8711082,-116.6669712)', '2016-07-13', '12:07:38'),
(1025, 30, '(31.8711082,-116.6669712)', '2016-07-13', '12:07:38'),
(1026, 30, '(31.8711082,-116.6669712)', '2016-07-13', '12:07:47'),
(1027, 30, '(31.8711082,-116.6669712)', '2016-07-13', '12:07:47'),
(1028, 30, '(31.8711082,-116.6669712)', '2016-07-13', '12:07:48'),
(1029, 30, '(31.8711082,-116.6669712)', '2016-07-13', '12:07:48'),
(1030, 30, '(31.8711082,-116.6669712)', '2016-07-13', '12:07:57'),
(1031, 30, '(31.8711082,-116.6669712)', '2016-07-13', '12:07:57'),
(1032, 30, '(31.8710564,-116.66695)', '2016-07-13', '12:07:58'),
(1033, 30, '(31.8710564,-116.66695)', '2016-07-13', '12:07:58'),
(1034, 30, '(31.8710564,-116.66695)', '2016-07-13', '12:07:07'),
(1035, 30, '(31.8710564,-116.66695)', '2016-07-13', '12:07:07'),
(1036, 30, '(31.8710564,-116.66695)', '2016-07-13', '12:07:09'),
(1037, 30, '(31.8710564,-116.66695)', '2016-07-13', '12:07:09'),
(1038, 30, '(31.8710564,-116.66695)', '2016-07-13', '12:07:19'),
(1039, 30, '(31.8710564,-116.66695)', '2016-07-13', '12:07:19'),
(1040, 30, '(31.8710564,-116.66695)', '2016-07-13', '12:07:28'),
(1041, 30, '(31.8710564,-116.66695)', '2016-07-13', '12:07:28'),
(1042, 30, '(31.8710638,-116.6669524)', '2016-07-13', '12:07:29'),
(1043, 30, '(31.8710638,-116.6669524)', '2016-07-13', '12:07:29'),
(1044, 30, '(31.8710638,-116.6669524)', '2016-07-13', '12:07:38'),
(1045, 30, '(31.8710638,-116.6669524)', '2016-07-13', '12:07:38'),
(1046, 30, '(31.8710638,-116.6669524)', '2016-07-13', '12:07:39'),
(1047, 30, '(31.8710638,-116.6669524)', '2016-07-13', '12:07:39'),
(1048, 30, '(31.8710638,-116.6669524)', '2016-07-13', '12:07:48'),
(1049, 30, '(31.8710638,-116.6669524)', '2016-07-13', '12:07:48'),
(1050, 30, '(31.8710638,-116.6669524)', '2016-07-13', '12:07:59'),
(1051, 30, '(31.8710638,-116.6669524)', '2016-07-13', '12:07:59'),
(1052, 30, '(31.8710595,-116.6669557)', '2016-07-13', '12:07:00'),
(1053, 30, '(31.8710595,-116.6669557)', '2016-07-13', '12:07:00'),
(1054, 30, '(31.8710595,-116.6669557)', '2016-07-13', '12:07:09'),
(1055, 30, '(31.8710595,-116.6669557)', '2016-07-13', '12:07:09'),
(1056, 30, '(31.8710595,-116.6669557)', '2016-07-13', '12:07:10'),
(1057, 30, '(31.8710595,-116.6669557)', '2016-07-13', '12:07:10'),
(1058, 30, '(31.8710595,-116.6669557)', '2016-07-13', '12:07:19'),
(1059, 30, '(31.8710595,-116.6669557)', '2016-07-13', '12:07:19'),
(1060, 30, '(31.8710595,-116.6669557)', '2016-07-13', '12:07:20'),
(1061, 30, '(31.8710595,-116.6669557)', '2016-07-13', '12:07:20'),
(1062, 30, '(31.8710595,-116.6669557)', '2016-07-13', '12:07:29'),
(1063, 30, '(31.8710595,-116.6669557)', '2016-07-13', '12:07:30'),
(1064, 30, '(31.8692531,-116.6659842)', '2016-07-13', '12:07:31'),
(1065, 30, '(31.8692531,-116.6659842)', '2016-07-13', '12:07:31'),
(1066, 30, '(31.8692531,-116.6659842)', '2016-07-13', '12:07:40'),
(1067, 30, '(31.8692531,-116.6659842)', '2016-07-13', '12:07:40'),
(1068, 30, '(31.8692531,-116.6659842)', '2016-07-13', '12:07:41'),
(1069, 30, '(31.8692531,-116.6659842)', '2016-07-13', '12:07:41'),
(1070, 30, '(31.8692531,-116.6659842)', '2016-07-13', '12:07:50'),
(1071, 30, '(31.8692531,-116.6659842)', '2016-07-13', '12:07:50'),
(1072, 30, '(31.8692531,-116.6659842)', '2016-07-13', '12:07:51'),
(1073, 30, '(31.8692531,-116.6659842)', '2016-07-13', '12:07:51'),
(1074, 30, '(31.8692531,-116.6659842)', '2016-07-13', '12:07:00'),
(1075, 30, '(31.8692531,-116.6659842)', '2016-07-13', '12:07:00'),
(1076, 30, '(31.8710609,-116.6669488)', '2016-07-13', '12:07:01'),
(1077, 30, '(31.8710609,-116.6669488)', '2016-07-13', '12:07:02'),
(1078, 30, '(31.8710609,-116.6669488)', '2016-07-13', '12:07:10'),
(1079, 30, '(31.8710609,-116.6669488)', '2016-07-13', '12:07:11'),
(1080, 30, '(31.8710609,-116.6669488)', '2016-07-13', '12:07:12'),
(1081, 30, '(31.8710609,-116.6669488)', '2016-07-13', '12:07:12'),
(1082, 30, '(31.8710609,-116.6669488)', '2016-07-13', '12:07:21'),
(1083, 30, '(31.8710609,-116.6669488)', '2016-07-13', '12:07:21'),
(1084, 30, '(31.8710609,-116.6669488)', '2016-07-13', '12:07:22'),
(1085, 30, '(31.8710609,-116.6669488)', '2016-07-13', '12:07:22'),
(1086, 30, '(31.8710609,-116.6669488)', '2016-07-13', '12:07:31'),
(1087, 30, '(31.8710609,-116.6669488)', '2016-07-13', '12:07:31'),
(1088, 30, '(31.8710411,-116.6669466)', '2016-07-13', '12:07:32'),
(1089, 30, '(31.8710411,-116.6669466)', '2016-07-13', '12:07:32'),
(1090, 30, '(31.8710411,-116.6669466)', '2016-07-13', '12:07:41'),
(1091, 30, '(31.8710411,-116.6669466)', '2016-07-13', '12:07:41'),
(1092, 30, '(31.8710411,-116.6669466)', '2016-07-13', '12:07:43'),
(1093, 30, '(31.8710411,-116.6669466)', '2016-07-13', '12:07:43'),
(1094, 30, '(31.8710411,-116.6669466)', '2016-07-13', '12:07:52'),
(1095, 30, '(31.8710411,-116.6669466)', '2016-07-13', '12:07:52'),
(1096, 30, '(31.8710411,-116.6669466)', '2016-07-13', '12:07:02'),
(1097, 30, '(31.8710411,-116.6669466)', '2016-07-13', '12:07:02'),
(1098, 30, '(31.8710336,-116.6669396)', '2016-07-13', '12:07:12'),
(1099, 30, '(31.8710336,-116.6669396)', '2016-07-13', '12:07:12'),
(1100, 30, '(31.8710336,-116.6669396)', '2016-07-13', '12:07:22'),
(1101, 30, '(31.8710336,-116.6669396)', '2016-07-13', '12:07:22'),
(1102, 30, '(31.8710336,-116.6669396)', '2016-07-13', '12:07:24'),
(1103, 30, '(31.8710336,-116.6669396)', '2016-07-13', '12:07:24'),
(1104, 30, '(31.8710336,-116.6669396)', '2016-07-13', '12:07:33'),
(1105, 30, '(31.8710336,-116.6669396)', '2016-07-13', '12:07:33'),
(1106, 30, '(31.8710597,-116.6669504)', '2016-07-13', '12:07:43'),
(1107, 30, '(31.8710597,-116.6669504)', '2016-07-13', '12:07:43'),
(1108, 30, '(31.8710597,-116.6669504)', '2016-07-13', '12:07:44'),
(1109, 30, '(31.8710597,-116.6669504)', '2016-07-13', '12:07:44'),
(1110, 30, '(31.8710597,-116.6669504)', '2016-07-13', '12:07:53'),
(1111, 30, '(31.8710597,-116.6669504)', '2016-07-13', '12:07:53'),
(1112, 30, '(31.8710597,-116.6669504)', '2016-07-13', '12:07:54'),
(1113, 30, '(31.8710597,-116.6669504)', '2016-07-13', '12:07:54'),
(1114, 30, '(31.8710597,-116.6669504)', '2016-07-13', '12:07:03'),
(1115, 30, '(31.8710597,-116.6669504)', '2016-07-13', '12:07:04'),
(1116, 30, '(31.8710654,-116.6669503)', '2016-07-13', '12:07:05'),
(1117, 30, '(31.8710654,-116.6669503)', '2016-07-13', '12:07:05'),
(1118, 30, '(31.8710654,-116.6669503)', '2016-07-13', '12:07:14'),
(1119, 30, '(31.8710654,-116.6669503)', '2016-07-13', '12:07:14'),
(1120, 30, '(31.8710654,-116.6669503)', '2016-07-13', '12:07:15'),
(1121, 30, '(31.8710654,-116.6669503)', '2016-07-13', '12:07:15'),
(1122, 30, '(31.8710654,-116.6669503)', '2016-07-13', '12:07:24'),
(1123, 30, '(31.8710654,-116.6669503)', '2016-07-13', '12:07:24'),
(1124, 30, '(31.8710654,-116.6669503)', '2016-07-13', '12:07:25'),
(1125, 30, '(31.8710654,-116.6669503)', '2016-07-13', '12:07:25'),
(1126, 30, '(31.8710654,-116.6669503)', '2016-07-13', '12:07:34'),
(1127, 30, '(31.8710654,-116.6669503)', '2016-07-13', '12:07:34'),
(1128, 30, '(31.8711101,-116.6669708)', '2016-07-13', '12:07:35'),
(1129, 30, '(31.8711101,-116.6669708)', '2016-07-13', '12:07:35'),
(1130, 30, '(31.8711101,-116.6669708)', '2016-07-13', '12:07:44'),
(1131, 30, '(31.8711101,-116.6669708)', '2016-07-13', '12:07:44'),
(1132, 30, '(31.8711101,-116.6669708)', '2016-07-13', '12:07:46'),
(1133, 30, '(31.8711101,-116.6669708)', '2016-07-13', '12:07:46'),
(1134, 30, '(31.8711101,-116.6669708)', '2016-07-13', '12:07:05'),
(1135, 30, '(31.8711101,-116.6669708)', '2016-07-13', '12:07:05'),
(1136, 30, '(31.8710603,-116.6669519)', '2016-07-13', '12:07:06'),
(1137, 30, '(31.8710603,-116.6669519)', '2016-07-13', '12:07:06'),
(1138, 30, '(31.8710603,-116.6669519)', '2016-07-13', '12:07:15'),
(1139, 30, '(31.8710603,-116.6669519)', '2016-07-13', '12:07:15'),
(1140, 30, '(31.8710603,-116.6669519)', '2016-07-13', '12:07:16'),
(1141, 30, '(31.8710603,-116.6669519)', '2016-07-13', '12:07:17'),
(1142, 30, '(31.8710603,-116.6669519)', '2016-07-13', '12:07:25'),
(1143, 30, '(31.8710603,-116.6669519)', '2016-07-13', '12:07:26'),
(1144, 30, '(31.8710603,-116.6669519)', '2016-07-13', '12:07:27'),
(1145, 30, '(31.8710603,-116.6669519)', '2016-07-13', '12:07:27'),
(1146, 30, '(31.8710603,-116.6669519)', '2016-07-13', '12:07:36'),
(1147, 30, '(31.8710603,-116.6669519)', '2016-07-13', '12:07:36'),
(1148, 30, '(31.8710609,-116.6669488)', '2016-07-13', '12:07:37'),
(1149, 30, '(31.8710609,-116.6669488)', '2016-07-13', '12:07:37'),
(1150, 30, '(31.8710609,-116.6669488)', '2016-07-13', '12:07:46'),
(1151, 30, '(31.8710609,-116.6669488)', '2016-07-13', '12:07:46'),
(1152, 30, '(31.8710609,-116.6669488)', '2016-07-13', '12:07:47'),
(1153, 30, '(31.8710609,-116.6669488)', '2016-07-13', '12:07:47'),
(1154, 30, '(31.8710609,-116.6669488)', '2016-07-13', '12:07:56'),
(1155, 30, '(31.8710609,-116.6669488)', '2016-07-13', '12:07:56'),
(1156, 30, '(31.8710609,-116.6669488)', '2016-07-13', '12:07:57'),
(1157, 30, '(31.8710609,-116.6669488)', '2016-07-13', '12:07:58'),
(1158, 30, '(31.8710609,-116.6669488)', '2016-07-13', '12:07:07'),
(1159, 30, '(31.8710609,-116.6669488)', '2016-07-13', '12:07:07'),
(1160, 30, '(31.8710609,-116.6669488)', '2016-07-13', '12:07:08'),
(1161, 30, '(31.8710609,-116.6669488)', '2016-07-13', '12:07:08'),
(1162, 30, '(31.8710609,-116.6669488)', '2016-07-13', '12:07:17'),
(1163, 30, '(31.8710609,-116.6669488)', '2016-07-13', '12:07:17'),
(1164, 30, '(31.8710609,-116.6669488)', '2016-07-13', '12:07:18'),
(1165, 30, '(31.8710609,-116.6669488)', '2016-07-13', '12:07:18'),
(1166, 30, '(31.8710609,-116.6669488)', '2016-07-13', '12:07:27'),
(1167, 30, '(31.8710609,-116.6669488)', '2016-07-13', '12:07:27'),
(1168, 30, '(31.8710609,-116.6669488)', '2016-07-13', '12:07:28'),
(1169, 30, '(31.8710609,-116.6669488)', '2016-07-13', '12:07:28'),
(1170, 30, '(31.8710609,-116.6669488)', '2016-07-13', '12:07:37'),
(1171, 30, '(31.8710609,-116.6669488)', '2016-07-13', '12:07:38'),
(1172, 30, '(31.87111,-116.6669697)', '2016-07-13', '12:07:39'),
(1173, 30, '(31.87111,-116.6669697)', '2016-07-13', '12:07:39'),
(1174, 30, '(31.87111,-116.6669697)', '2016-07-13', '12:07:48'),
(1175, 30, '(31.87111,-116.6669697)', '2016-07-13', '12:07:48'),
(1176, 30, '(31.87111,-116.6669697)', '2016-07-13', '12:07:49'),
(1177, 30, '(31.87111,-116.6669697)', '2016-07-13', '12:07:49'),
(1178, 30, '(31.87111,-116.6669697)', '2016-07-13', '12:07:58'),
(1179, 30, '(31.87111,-116.6669697)', '2016-07-13', '12:07:58'),
(1180, 30, '(31.87111,-116.6669697)', '2016-07-13', '12:07:09'),
(1181, 30, '(31.87111,-116.6669697)', '2016-07-13', '12:07:09'),
(1182, 30, '(31.8711091,-116.6669706)', '2016-07-13', '12:07:18'),
(1183, 30, '(31.8711091,-116.6669706)', '2016-07-13', '12:07:18'),
(1184, 30, '(31.8711091,-116.6669706)', '2016-07-13', '12:07:20'),
(1185, 30, '(31.8711091,-116.6669706)', '2016-07-13', '12:07:20'),
(1186, 30, '(31.8711091,-116.6669706)', '2016-07-13', '12:07:29'),
(1187, 30, '(31.8711091,-116.6669706)', '2016-07-13', '12:07:29'),
(1188, 30, '(31.8711091,-116.6669706)', '2016-07-13', '12:07:30'),
(1189, 30, '(31.8711091,-116.6669706)', '2016-07-13', '12:07:30'),
(1190, 30, '(31.8711091,-116.6669706)', '2016-07-13', '12:07:39'),
(1191, 30, '(31.8711091,-116.6669706)', '2016-07-13', '12:07:39'),
(1192, 30, '(31.8710599,-116.6669502)', '2016-07-13', '12:07:40'),
(1193, 30, '(31.8710599,-116.6669502)', '2016-07-13', '12:07:40'),
(1194, 30, '(31.8710599,-116.6669502)', '2016-07-13', '12:07:49'),
(1195, 30, '(31.8710599,-116.6669502)', '2016-07-13', '12:07:49'),
(1196, 30, '(31.8710599,-116.6669502)', '2016-07-13', '12:07:50'),
(1197, 30, '(31.8710599,-116.6669502)', '2016-07-13', '12:07:50'),
(1198, 30, '(31.8710599,-116.6669502)', '2016-07-13', '12:07:01'),
(1199, 30, '(31.8710599,-116.6669502)', '2016-07-13', '12:07:01'),
(1200, 30, '(31.8710599,-116.6669502)', '2016-07-13', '12:07:10'),
(1201, 30, '(31.8710599,-116.6669502)', '2016-07-13', '12:07:10'),
(1202, 30, '(31.8710557,-116.6669501)', '2016-07-13', '12:07:11'),
(1203, 30, '(31.8710557,-116.6669501)', '2016-07-13', '12:07:11'),
(1204, 30, '(31.8710557,-116.6669501)', '2016-07-13', '12:07:20'),
(1205, 30, '(31.8710557,-116.6669501)', '2016-07-13', '12:07:20'),
(1206, 30, '(31.8710557,-116.6669501)', '2016-07-13', '12:07:21'),
(1207, 30, '(31.8710557,-116.6669501)', '2016-07-13', '12:07:21'),
(1208, 30, '(31.8710557,-116.6669501)', '2016-07-13', '12:07:30'),
(1209, 30, '(31.8710557,-116.6669501)', '2016-07-13', '12:07:30'),
(1210, 30, '(31.8710557,-116.6669501)', '2016-07-13', '12:07:31'),
(1211, 30, '(31.8710557,-116.6669501)', '2016-07-13', '12:07:31'),
(1212, 30, '(31.8710557,-116.6669501)', '2016-07-13', '12:07:41'),
(1213, 30, '(31.8710557,-116.6669501)', '2016-07-13', '12:07:41'),
(1214, 30, '(31.8692534,-116.6659842)', '2016-07-13', '12:07:42'),
(1215, 30, '(31.8692534,-116.6659842)', '2016-07-13', '12:07:42'),
(1216, 30, '(31.8692534,-116.6659842)', '2016-07-13', '12:07:51'),
(1217, 30, '(31.8692534,-116.6659842)', '2016-07-13', '12:07:51'),
(1218, 30, '(31.8692534,-116.6659842)', '2016-07-13', '12:07:02'),
(1219, 30, '(31.8692534,-116.6659842)', '2016-07-13', '12:07:02'),
(1220, 30, '(31.8692534,-116.6659842)', '2016-07-13', '12:07:11'),
(1221, 30, '(31.8692534,-116.6659842)', '2016-07-13', '12:07:11'),
(1222, 30, '(31.8710554,-116.6669496)', '2016-07-13', '12:07:13'),
(1223, 30, '(31.8710554,-116.6669496)', '2016-07-13', '12:07:13'),
(1224, 30, '(31.8710554,-116.6669496)', '2016-07-13', '12:07:22'),
(1225, 30, '(31.8710554,-116.6669496)', '2016-07-13', '12:07:22'),
(1226, 30, '(31.8710554,-116.6669496)', '2016-07-13', '12:07:23'),
(1227, 30, '(31.8710554,-116.6669496)', '2016-07-13', '12:07:23'),
(1228, 30, '(31.8710554,-116.6669496)', '2016-07-13', '12:07:32'),
(1229, 30, '(31.8710554,-116.6669496)', '2016-07-13', '12:07:32'),
(1230, 30, '(31.8710554,-116.6669496)', '2016-07-13', '12:07:33'),
(1231, 30, '(31.8710554,-116.6669496)', '2016-07-13', '12:07:33'),
(1232, 30, '(31.8710554,-116.6669496)', '2016-07-13', '12:07:42'),
(1233, 30, '(31.8710554,-116.6669496)', '2016-07-13', '12:07:42'),
(1234, 30, '(31.8710603,-116.6669519)', '2016-07-13', '12:07:43'),
(1235, 30, '(31.8710603,-116.6669519)', '2016-07-13', '12:07:43'),
(1236, 30, '(31.8710603,-116.6669519)', '2016-07-13', '12:07:52'),
(1237, 30, '(31.8710603,-116.6669519)', '2016-07-13', '12:07:52'),
(1238, 30, '(31.8710603,-116.6669519)', '2016-07-13', '12:07:54'),
(1239, 30, '(31.8710603,-116.6669519)', '2016-07-13', '12:07:54'),
(1240, 30, '(31.8710603,-116.6669519)', '2016-07-13', '12:07:04'),
(1241, 30, '(31.8710603,-116.6669519)', '2016-07-13', '12:07:04'),
(1242, 30, '(31.8710603,-116.6669519)', '2016-07-13', '12:07:13'),
(1243, 30, '(31.8710603,-116.6669519)', '2016-07-13', '12:07:13'),
(1244, 30, '(31.8709189,-116.6668938)', '2016-07-13', '12:07:14'),
(1245, 30, '(31.8709189,-116.6668938)', '2016-07-13', '12:07:14'),
(1246, 30, '(31.8709189,-116.6668938)', '2016-07-13', '12:07:23'),
(1247, 30, '(31.8709189,-116.6668938)', '2016-07-13', '12:07:23'),
(1248, 30, '(31.8709189,-116.6668938)', '2016-07-13', '12:07:35'),
(1249, 30, '(31.8709189,-116.6668938)', '2016-07-13', '12:07:35'),
(1250, 30, '(31.8709189,-116.6668938)', '2016-07-13', '12:07:44'),
(1251, 30, '(31.8709189,-116.6668938)', '2016-07-13', '12:07:44'),
(1252, 30, '(31.8710609,-116.6669488)', '2016-07-13', '12:07:45'),
(1253, 30, '(31.8710609,-116.6669488)', '2016-07-13', '12:07:45'),
(1254, 30, '(31.8710609,-116.6669488)', '2016-07-13', '12:07:54'),
(1255, 30, '(31.8710609,-116.6669488)', '2016-07-13', '12:07:54'),
(1256, 30, '(31.8710609,-116.6669488)', '2016-07-13', '12:07:55'),
(1257, 30, '(31.8710609,-116.6669488)', '2016-07-13', '12:07:55'),
(1258, 30, '(31.8710609,-116.6669488)', '2016-07-13', '12:07:04'),
(1259, 30, '(31.8710609,-116.6669488)', '2016-07-13', '12:07:04'),
(1260, 30, '(31.8710609,-116.6669488)', '2016-07-13', '12:07:05'),
(1261, 30, '(31.8710609,-116.6669488)', '2016-07-13', '12:07:05'),
(1262, 30, '(31.8710609,-116.6669488)', '2016-07-13', '12:07:15'),
(1263, 30, '(31.8710609,-116.6669488)', '2016-07-13', '12:07:15'),
(1264, 30, '(31.8711116,-116.6669717)', '2016-07-13', '12:07:16'),
(1265, 30, '(31.8711116,-116.6669717)', '2016-07-13', '12:07:16'),
(1266, 30, '(31.8711116,-116.6669717)', '2016-07-13', '12:07:25'),
(1267, 30, '(31.8711116,-116.6669717)', '2016-07-13', '12:07:25'),
(1268, 30, '(31.8711116,-116.6669717)', '2016-07-13', '12:07:26'),
(1269, 30, '(31.8711116,-116.6669717)', '2016-07-13', '12:07:26'),
(1270, 30, '(31.8711116,-116.6669717)', '2016-07-13', '12:07:35'),
(1271, 30, '(31.8711116,-116.6669717)', '2016-07-13', '12:07:35'),
(1272, 30, '(31.8711116,-116.6669717)', '2016-07-13', '12:07:36'),
(1273, 30, '(31.8711116,-116.6669717)', '2016-07-13', '12:07:36'),
(1274, 30, '(31.8711116,-116.6669717)', '2016-07-13', '12:07:45'),
(1275, 30, '(31.8711116,-116.6669717)', '2016-07-13', '12:07:45'),
(1276, 30, '(31.8692531,-116.6659842)', '2016-07-13', '12:07:46'),
(1277, 30, '(31.8692531,-116.6659842)', '2016-07-13', '12:07:46'),
(1278, 30, '(31.8692531,-116.6659842)', '2016-07-13', '12:07:56'),
(1279, 30, '(31.8692531,-116.6659842)', '2016-07-13', '12:07:56'),
(1280, 30, '(31.8692531,-116.6659842)', '2016-07-13', '12:07:57'),
(1281, 30, '(31.8692531,-116.6659842)', '2016-07-13', '12:07:57'),
(1282, 30, '(31.8692531,-116.6659842)', '2016-07-13', '12:07:06'),
(1283, 30, '(31.8692531,-116.6659842)', '2016-07-13', '12:07:06'),
(1284, 30, '(31.8692531,-116.6659842)', '2016-07-13', '12:07:07'),
(1285, 30, '(31.8692531,-116.6659842)', '2016-07-13', '12:07:07'),
(1286, 30, '(31.8692531,-116.6659842)', '2016-07-13', '12:07:16'),
(1287, 30, '(31.8692531,-116.6659842)', '2016-07-13', '12:07:16'),
(1288, 30, '(31.8692534,-116.6659842)', '2016-07-13', '12:07:17'),
(1289, 30, '(31.8692534,-116.6659842)', '2016-07-13', '12:07:17'),
(1290, 30, '(31.8692534,-116.6659842)', '2016-07-13', '12:07:26'),
(1291, 30, '(31.8692534,-116.6659842)', '2016-07-13', '12:07:26'),
(1292, 30, '(31.8692534,-116.6659842)', '2016-07-13', '12:07:27'),
(1293, 30, '(31.8692534,-116.6659842)', '2016-07-13', '12:07:27'),
(1294, 30, '(31.8692534,-116.6659842)', '2016-07-13', '12:07:37'),
(1295, 30, '(31.8692534,-116.6659842)', '2016-07-13', '12:07:37'),
(1296, 30, '(31.8692534,-116.6659842)', '2016-07-13', '12:07:38'),
(1297, 30, '(31.8692534,-116.6659842)', '2016-07-13', '12:07:38'),
(1298, 30, '(31.8692534,-116.6659842)', '2016-07-13', '12:07:47'),
(1299, 30, '(31.8692534,-116.6659842)', '2016-07-13', '12:07:47'),
(1300, 30, '(31.871062,-116.6669511)', '2016-07-13', '12:07:48'),
(1301, 30, '(31.871062,-116.6669511)', '2016-07-13', '12:07:48'),
(1302, 30, '(31.871062,-116.6669511)', '2016-07-13', '12:07:57'),
(1303, 30, '(31.871062,-116.6669511)', '2016-07-13', '12:07:57'),
(1304, 30, '(31.871062,-116.6669511)', '2016-07-13', '12:07:58'),
(1305, 30, '(31.871062,-116.6669511)', '2016-07-13', '12:07:58'),
(1306, 30, '(31.871062,-116.6669511)', '2016-07-13', '12:07:07'),
(1307, 30, '(31.871062,-116.6669511)', '2016-07-13', '12:07:08'),
(1308, 30, '(31.871062,-116.6669511)', '2016-07-13', '12:07:08'),
(1309, 30, '(31.871062,-116.6669511)', '2016-07-13', '12:07:09'),
(1310, 30, '(31.871062,-116.6669511)', '2016-07-13', '12:07:18'),
(1311, 30, '(31.871062,-116.6669511)', '2016-07-13', '12:07:18'),
(1312, 30, '(31.8711091,-116.6669706)', '2016-07-13', '12:07:28'),
(1313, 30, '(31.8711091,-116.6669706)', '2016-07-13', '12:07:28'),
(1314, 30, '(31.8711091,-116.6669706)', '2016-07-13', '12:07:38'),
(1315, 30, '(31.8711091,-116.6669706)', '2016-07-13', '12:07:38'),
(1316, 30, '(31.8711091,-116.6669706)', '2016-07-13', '12:07:39'),
(1317, 30, '(31.8711091,-116.6669706)', '2016-07-13', '12:07:39'),
(1318, 30, '(31.8711091,-116.6669706)', '2016-07-13', '12:07:48'),
(1319, 30, '(31.8711091,-116.6669706)', '2016-07-13', '12:07:49'),
(1320, 30, '(31.8710609,-116.6669488)', '2016-07-13', '12:07:50'),
(1321, 30, '(31.8710609,-116.6669488)', '2016-07-13', '12:07:50'),
(1322, 30, '(31.8710609,-116.6669488)', '2016-07-13', '12:07:59'),
(1323, 30, '(31.8710609,-116.6669488)', '2016-07-13', '12:07:59'),
(1324, 30, '(31.8710609,-116.6669488)', '2016-07-13', '12:07:00'),
(1325, 30, '(31.8710609,-116.6669488)', '2016-07-13', '12:07:00'),
(1326, 30, '(31.8710609,-116.6669488)', '2016-07-13', '12:07:09'),
(1327, 30, '(31.8710609,-116.6669488)', '2016-07-13', '12:07:09'),
(1328, 30, '(31.8710609,-116.6669488)', '2016-07-13', '12:07:10'),
(1329, 30, '(31.8710609,-116.6669488)', '2016-07-13', '12:07:10'),
(1330, 30, '(31.8710609,-116.6669488)', '2016-07-13', '12:07:19'),
(1331, 30, '(31.8710609,-116.6669488)', '2016-07-13', '12:07:20'),
(1332, 30, '(31.8707971,-116.6668294)', '2016-07-13', '12:07:20'),
(1333, 30, '(31.8707971,-116.6668294)', '2016-07-13', '12:07:20'),
(1334, 30, '(31.8707971,-116.6668294)', '2016-07-13', '12:07:29'),
(1335, 30, '(31.8707971,-116.6668294)', '2016-07-13', '12:07:30'),
(1336, 30, '(31.8707971,-116.6668294)', '2016-07-13', '12:07:31'),
(1337, 30, '(31.8707971,-116.6668294)', '2016-07-13', '12:07:31'),
(1338, 30, '(31.8707971,-116.6668294)', '2016-07-13', '12:07:40'),
(1339, 30, '(31.8707971,-116.6668294)', '2016-07-13', '12:07:40'),
(1340, 30, '(31.8707971,-116.6668294)', '2016-07-13', '12:07:41'),
(1341, 30, '(31.8707971,-116.6668294)', '2016-07-13', '12:07:41'),
(1342, 30, '(31.8707971,-116.6668294)', '2016-07-13', '12:07:50'),
(1343, 30, '(31.8707971,-116.6668294)', '2016-07-13', '12:07:50'),
(1344, 30, '(31.8711111,-116.6669699)', '2016-07-13', '12:07:51'),
(1345, 30, '(31.8711111,-116.6669699)', '2016-07-13', '12:07:51'),
(1346, 30, '(31.8711111,-116.6669699)', '2016-07-13', '12:07:11'),
(1347, 30, '(31.8711111,-116.6669699)', '2016-07-13', '12:07:11'),
(1348, 30, '(31.8711111,-116.6669699)', '2016-07-13', '12:07:21'),
(1349, 30, '(31.8711111,-116.6669699)', '2016-07-13', '12:07:21'),
(1350, 30, '(31.8710596,-116.6669474)', '2016-07-13', '12:07:22'),
(1351, 30, '(31.8710596,-116.6669474)', '2016-07-13', '12:07:22'),
(1352, 30, '(31.8710596,-116.6669474)', '2016-07-13', '12:07:31'),
(1353, 30, '(31.8710596,-116.6669474)', '2016-07-13', '12:07:31'),
(1354, 30, '(31.8710596,-116.6669474)', '2016-07-13', '12:07:32'),
(1355, 30, '(31.8710596,-116.6669474)', '2016-07-13', '12:07:32'),
(1356, 30, '(31.8710596,-116.6669474)', '2016-07-13', '12:07:41'),
(1357, 30, '(31.8710596,-116.6669474)', '2016-07-13', '12:07:41'),
(1358, 30, '(31.8710596,-116.6669474)', '2016-07-13', '12:07:42'),
(1359, 30, '(31.8710596,-116.6669474)', '2016-07-13', '12:07:42'),
(1360, 30, '(31.8710596,-116.6669474)', '2016-07-13', '12:07:52'),
(1361, 30, '(31.8710596,-116.6669474)', '2016-07-13', '12:07:52'),
(1362, 30, '(31.87111,-116.6669717)', '2016-07-13', '12:07:53'),
(1363, 30, '(31.87111,-116.6669717)', '2016-07-13', '12:07:53'),
(1364, 30, '(31.87111,-116.6669717)', '2016-07-13', '12:07:02'),
(1365, 30, '(31.87111,-116.6669717)', '2016-07-13', '12:07:02'),
(1366, 30, '(31.87111,-116.6669717)', '2016-07-13', '12:07:03'),
(1367, 30, '(31.87111,-116.6669717)', '2016-07-13', '12:07:03'),
(1368, 30, '(31.87111,-116.6669717)', '2016-07-13', '12:07:12'),
(1369, 30, '(31.87111,-116.6669717)', '2016-07-13', '12:07:12'),
(1370, 30, '(31.87111,-116.6669717)', '2016-07-13', '12:07:13'),
(1371, 30, '(31.87111,-116.6669717)', '2016-07-13', '12:07:13'),
(1372, 30, '(31.87111,-116.6669717)', '2016-07-13', '12:07:22'),
(1373, 30, '(31.87111,-116.6669717)', '2016-07-13', '12:07:23'),
(1374, 30, '(31.8710815,-116.6669451)', '2016-07-13', '12:07:23'),
(1375, 30, '(31.8710815,-116.6669451)', '2016-07-13', '12:07:23'),
(1376, 30, '(31.8710815,-116.6669451)', '2016-07-13', '12:07:33'),
(1377, 30, '(31.8710815,-116.6669451)', '2016-07-13', '12:07:33'),
(1378, 30, '(31.8710815,-116.6669451)', '2016-07-13', '12:07:34'),
(1379, 30, '(31.8710815,-116.6669451)', '2016-07-13', '12:07:34'),
(1380, 30, '(31.8710815,-116.6669451)', '2016-07-13', '12:07:43'),
(1381, 30, '(31.8710815,-116.6669451)', '2016-07-13', '12:07:43'),
(1382, 30, '(31.8710815,-116.6669451)', '2016-07-13', '12:07:44'),
(1383, 30, '(31.8710815,-116.6669451)', '2016-07-13', '12:07:44'),
(1384, 30, '(31.8710815,-116.6669451)', '2016-07-13', '12:07:53'),
(1385, 30, '(31.8710815,-116.6669451)', '2016-07-13', '12:07:53'),
(1386, 30, '(31.8710454,-116.6669456)', '2016-07-13', '12:07:54'),
(1387, 30, '(31.8710454,-116.6669456)', '2016-07-13', '12:07:54'),
(1388, 30, '(31.8710454,-116.6669456)', '2016-07-13', '12:07:04'),
(1389, 30, '(31.8710454,-116.6669456)', '2016-07-13', '12:07:05'),
(1390, 30, '(31.8710454,-116.6669456)', '2016-07-13', '12:07:14'),
(1391, 30, '(31.8710454,-116.6669456)', '2016-07-13', '12:07:14'),
(1392, 30, '(31.8710454,-116.6669456)', '2016-07-13', '12:07:15'),
(1393, 30, '(31.8710454,-116.6669456)', '2016-07-13', '12:07:15'),
(1394, 30, '(31.8710454,-116.6669456)', '2016-07-13', '12:07:24'),
(1395, 30, '(31.8710454,-116.6669456)', '2016-07-13', '12:07:24'),
(1396, 30, '(31.8710479,-116.6669436)', '2016-07-13', '12:07:25'),
(1397, 30, '(31.8710479,-116.6669436)', '2016-07-13', '12:07:25'),
(1398, 30, '(31.8710479,-116.6669436)', '2016-07-13', '12:07:34'),
(1399, 30, '(31.8710479,-116.6669436)', '2016-07-13', '12:07:34'),
(1400, 30, '(31.8710479,-116.6669436)', '2016-07-13', '12:07:45'),
(1401, 30, '(31.8710479,-116.6669436)', '2016-07-13', '12:07:45'),
(1402, 30, '(31.8710479,-116.6669436)', '2016-07-13', '12:07:46'),
(1403, 30, '(31.8710479,-116.6669436)', '2016-07-13', '12:07:46'),
(1404, 30, '(31.8710479,-116.6669436)', '2016-07-13', '12:07:55'),
(1405, 30, '(31.8710479,-116.6669436)', '2016-07-13', '12:07:55'),
(1406, 30, '(31.8692531,-116.6659842)', '2016-07-13', '12:07:56'),
(1407, 30, '(31.8692531,-116.6659842)', '2016-07-13', '12:07:56'),
(1408, 30, '(31.8692531,-116.6659842)', '2016-07-13', '12:07:05'),
(1409, 30, '(31.8692531,-116.6659842)', '2016-07-13', '12:07:05'),
(1410, 30, '(31.8692531,-116.6659842)', '2016-07-13', '12:07:06'),
(1411, 30, '(31.8692531,-116.6659842)', '2016-07-13', '12:07:06'),
(1412, 30, '(31.8692531,-116.6659842)', '2016-07-13', '12:07:15'),
(1413, 30, '(31.8692531,-116.6659842)', '2016-07-13', '12:07:15'),
(1414, 30, '(31.8692531,-116.6659842)', '2016-07-13', '12:07:16'),
(1415, 30, '(31.8692531,-116.6659842)', '2016-07-13', '12:07:16'),
(1416, 30, '(31.8692531,-116.6659842)', '2016-07-13', '12:07:26'),
(1417, 30, '(31.8692531,-116.6659842)', '2016-07-13', '12:07:26'),
(1418, 30, '(31.8710569,-116.6669491)', '2016-07-13', '12:07:27'),
(1419, 30, '(31.8710569,-116.6669491)', '2016-07-13', '12:07:27'),
(1420, 30, '(31.8710569,-116.6669491)', '2016-07-13', '12:07:36'),
(1421, 30, '(31.8710569,-116.6669491)', '2016-07-13', '12:07:36'),
(1422, 30, '(31.8710569,-116.6669491)', '2016-07-13', '12:07:37'),
(1423, 30, '(31.8710569,-116.6669491)', '2016-07-13', '12:07:37'),
(1424, 30, '(31.8710569,-116.6669491)', '2016-07-13', '12:07:46'),
(1425, 30, '(31.8710569,-116.6669491)', '2016-07-13', '12:07:46'),
(1426, 30, '(31.8710569,-116.6669491)', '2016-07-13', '12:07:47'),
(1427, 30, '(31.8710569,-116.6669491)', '2016-07-13', '12:07:47'),
(1428, 30, '(31.8710569,-116.6669491)', '2016-07-13', '12:07:56'),
(1429, 30, '(31.8710569,-116.6669491)', '2016-07-13', '12:07:57'),
(1430, 30, '(31.8711096,-116.6669718)', '2016-07-13', '12:07:57'),
(1431, 30, '(31.8711096,-116.6669718)', '2016-07-13', '12:07:57'),
(1432, 30, '(31.8711096,-116.6669718)', '2016-07-13', '12:07:07'),
(1433, 30, '(31.8711096,-116.6669718)', '2016-07-13', '12:07:07'),
(1434, 30, '(31.8711096,-116.6669718)', '2016-07-13', '12:07:08'),
(1435, 30, '(31.8711096,-116.6669718)', '2016-07-13', '12:07:08'),
(1436, 30, '(31.8711096,-116.6669718)', '2016-07-13', '12:07:17'),
(1437, 30, '(31.8711096,-116.6669718)', '2016-07-13', '12:07:17'),
(1438, 30, '(31.8711096,-116.6669718)', '2016-07-13', '12:07:18'),
(1439, 30, '(31.8711096,-116.6669718)', '2016-07-13', '12:07:18'),
(1440, 30, '(31.8711096,-116.6669718)', '2016-07-13', '12:07:27'),
(1441, 30, '(31.8711096,-116.6669718)', '2016-07-13', '12:07:27'),
(1442, 30, '(31.8692531,-116.6659842)', '2016-07-13', '12:07:28'),
(1443, 30, '(31.8692531,-116.6659842)', '2016-07-13', '12:07:28'),
(1444, 30, '(31.8692531,-116.6659842)', '2016-07-13', '12:07:37'),
(1445, 30, '(31.8692531,-116.6659842)', '2016-07-13', '12:07:37'),
(1446, 30, '(31.8692531,-116.6659842)', '2016-07-13', '12:07:48'),
(1447, 30, '(31.8692531,-116.6659842)', '2016-07-13', '12:07:48'),
(1448, 30, '(31.8692531,-116.6659842)', '2016-07-13', '12:07:49'),
(1449, 30, '(31.8692531,-116.6659842)', '2016-07-13', '12:07:49'),
(1450, 30, '(31.8692531,-116.6659842)', '2016-07-13', '12:07:58'),
(1451, 30, '(31.8692531,-116.6659842)', '2016-07-13', '12:07:58'),
(1452, 30, '(31.8710603,-116.6669519)', '2016-07-13', '12:07:59'),
(1453, 30, '(31.8710603,-116.6669519)', '2016-07-13', '12:07:59'),
(1454, 30, '(31.8710603,-116.6669519)', '2016-07-13', '12:07:08'),
(1455, 30, '(31.8710603,-116.6669519)', '2016-07-13', '12:07:08'),
(1456, 30, '(31.8710603,-116.6669519)', '2016-07-13', '12:07:09'),
(1457, 30, '(31.8710603,-116.6669519)', '2016-07-13', '12:07:09'),
(1458, 30, '(31.8710603,-116.6669519)', '2016-07-13', '12:07:19'),
(1459, 30, '(31.8710603,-116.6669519)', '2016-07-13', '12:07:19'),
(1460, 30, '(31.8710603,-116.6669519)', '2016-07-13', '12:07:19'),
(1461, 30, '(31.8710603,-116.6669519)', '2016-07-13', '12:07:20'),
(1462, 30, '(31.8710603,-116.6669519)', '2016-07-13', '12:07:29'),
(1463, 30, '(31.8710603,-116.6669519)', '2016-07-13', '12:07:29'),
(1464, 30, '(31.8692542,-116.6659824)', '2016-07-13', '12:07:39'),
(1465, 30, '(31.8692542,-116.6659824)', '2016-07-13', '12:07:39'),
(1466, 30, '(31.8692542,-116.6659824)', '2016-07-13', '12:07:49'),
(1467, 30, '(31.8692542,-116.6659824)', '2016-07-13', '12:07:49'),
(1468, 30, '(31.8692542,-116.6659824)', '2016-07-13', '12:07:50'),
(1469, 30, '(31.8692542,-116.6659824)', '2016-07-13', '12:07:50'),
(1470, 30, '(31.8692542,-116.6659824)', '2016-07-13', '12:07:00'),
(1471, 30, '(31.8692542,-116.6659824)', '2016-07-13', '12:07:00'),
(1472, 30, '(31.8692534,-116.6659842)', '2016-07-13', '12:07:00'),
(1473, 30, '(31.8692534,-116.6659842)', '2016-07-13', '12:07:01'),
(1474, 30, '(31.8692534,-116.6659842)', '2016-07-13', '12:07:10'),
(1475, 30, '(31.8692534,-116.6659842)', '2016-07-13', '12:07:10'),
(1476, 30, '(31.8692534,-116.6659842)', '2016-07-13', '12:07:11'),
(1477, 30, '(31.8692534,-116.6659842)', '2016-07-13', '12:07:11'),
(1478, 30, '(31.8692534,-116.6659842)', '2016-07-13', '12:07:20'),
(1479, 30, '(31.8692534,-116.6659842)', '2016-07-13', '12:07:20'),
(1480, 30, '(31.8692534,-116.6659842)', '2016-07-13', '12:07:21'),
(1481, 30, '(31.8692534,-116.6659842)', '2016-07-13', '12:07:21'),
(1482, 30, '(31.8692534,-116.6659842)', '2016-07-13', '12:07:30'),
(1483, 30, '(31.8692534,-116.6659842)', '2016-07-13', '12:07:30'),
(1484, 30, '(31.871062,-116.6669511)', '2016-07-13', '12:07:31'),
(1485, 30, '(31.871062,-116.6669511)', '2016-07-13', '12:07:31'),
(1486, 30, '(31.871062,-116.6669511)', '2016-07-13', '12:07:41'),
(1487, 30, '(31.871062,-116.6669511)', '2016-07-13', '12:07:41'),
(1488, 30, '(31.871062,-116.6669511)', '2016-07-13', '12:07:42'),
(1489, 30, '(31.871062,-116.6669511)', '2016-07-13', '12:07:42'),
(1490, 30, '(31.871062,-116.6669511)', '2016-07-13', '12:07:51'),
(1491, 30, '(31.871062,-116.6669511)', '2016-07-13', '12:07:51'),
(1492, 30, '(31.871062,-116.6669511)', '2016-07-13', '12:07:52'),
(1493, 30, '(31.871062,-116.6669511)', '2016-07-13', '12:07:52'),
(1494, 30, '(31.871062,-116.6669511)', '2016-07-13', '12:07:01'),
(1495, 30, '(31.871062,-116.6669511)', '2016-07-13', '12:07:01'),
(1496, 30, '(31.8710609,-116.6669494)', '2016-07-13', '12:07:11'),
(1497, 30, '(31.8710609,-116.6669494)', '2016-07-13', '12:07:11'),
(1498, 30, '(31.8710609,-116.6669494)', '2016-07-13', '12:07:12'),
(1499, 30, '(31.8710609,-116.6669494)', '2016-07-13', '12:07:12'),
(1500, 30, '(31.8710609,-116.6669494)', '2016-07-13', '12:07:22'),
(1501, 30, '(31.8710609,-116.6669494)', '2016-07-13', '12:07:22'),
(1502, 30, '(31.8710609,-116.6669494)', '2016-07-13', '12:07:23'),
(1503, 30, '(31.8710609,-116.6669494)', '2016-07-13', '12:07:23'),
(1504, 30, '(31.8710609,-116.6669494)', '2016-07-13', '12:07:32'),
(1505, 30, '(31.8710609,-116.6669494)', '2016-07-13', '12:07:32'),
(1506, 30, '(31.87111,-116.6669697)', '2016-07-13', '12:07:33'),
(1507, 30, '(31.87111,-116.6669697)', '2016-07-13', '12:07:33'),
(1508, 30, '(31.87111,-116.6669697)', '2016-07-13', '12:07:42'),
(1509, 30, '(31.87111,-116.6669697)', '2016-07-13', '12:07:42'),
(1510, 30, '(31.87111,-116.6669697)', '2016-07-13', '12:07:43'),
(1511, 30, '(31.87111,-116.6669697)', '2016-07-13', '12:07:43'),
(1512, 30, '(31.87111,-116.6669697)', '2016-07-13', '12:07:52'),
(1513, 30, '(31.87111,-116.6669697)', '2016-07-13', '12:07:53'),
(1514, 30, '(31.87111,-116.6669697)', '2016-07-13', '12:07:53'),
(1515, 30, '(31.87111,-116.6669697)', '2016-07-13', '12:07:54'),
(1516, 30, '(31.87111,-116.6669697)', '2016-07-13', '12:07:03'),
(1517, 30, '(31.87111,-116.6669697)', '2016-07-13', '12:07:03'),
(1518, 30, '(31.8692523,-116.6659843)', '2016-07-13', '12:07:04'),
(1519, 30, '(31.8692523,-116.6659843)', '2016-07-13', '12:07:04'),
(1520, 30, '(31.8692523,-116.6659843)', '2016-07-13', '12:07:14'),
(1521, 30, '(31.8692523,-116.6659843)', '2016-07-13', '12:07:14'),
(1522, 30, '(31.8692523,-116.6659843)', '2016-07-13', '12:07:23'),
(1523, 30, '(31.8692523,-116.6659843)', '2016-07-13', '12:07:23'),
(1524, 30, '(31.8692523,-116.6659843)', '2016-07-13', '12:07:34'),
(1525, 30, '(31.8692523,-116.6659843)', '2016-07-13', '12:07:34'),
(1526, 30, '(31.8692534,-116.6659842)', '2016-07-13', '12:07:35'),
(1527, 30, '(31.8692534,-116.6659842)', '2016-07-13', '12:07:35'),
(1528, 30, '(31.8692534,-116.6659842)', '2016-07-13', '12:07:44'),
(1529, 30, '(31.8692534,-116.6659842)', '2016-07-13', '12:07:44'),
(1530, 30, '(31.8692534,-116.6659842)', '2016-07-13', '12:07:45'),
(1531, 30, '(31.8692534,-116.6659842)', '2016-07-13', '12:07:45'),
(1532, 30, '(31.8692534,-116.6659842)', '2016-07-13', '12:07:54'),
(1533, 30, '(31.8692534,-116.6659842)', '2016-07-13', '12:07:54'),
(1534, 30, '(31.8692534,-116.6659842)', '2016-07-13', '12:07:55'),
(1535, 30, '(31.8692534,-116.6659842)', '2016-07-13', '12:07:55'),
(1536, 30, '(31.8692534,-116.6659842)', '2016-07-13', '12:07:04'),
(1537, 30, '(31.8692534,-116.6659842)', '2016-07-13', '12:07:04'),
(1538, 30, '(31.8710615,-116.6669512)', '2016-07-13', '12:07:05'),
(1539, 30, '(31.8710615,-116.6669512)', '2016-07-13', '12:07:05'),
(1540, 30, '(31.8710615,-116.6669512)', '2016-07-13', '12:07:15'),
(1541, 30, '(31.8710615,-116.6669512)', '2016-07-13', '12:07:15'),
(1542, 30, '(31.8710615,-116.6669512)', '2016-07-13', '12:07:16'),
(1543, 30, '(31.8710615,-116.6669512)', '2016-07-13', '12:07:16'),
(1544, 30, '(31.8710615,-116.6669512)', '2016-07-13', '12:07:25'),
(1545, 30, '(31.8710615,-116.6669512)', '2016-07-13', '12:07:25'),
(1546, 30, '(31.8710615,-116.6669512)', '2016-07-13', '12:07:26'),
(1547, 30, '(31.8710615,-116.6669512)', '2016-07-13', '12:07:26'),
(1548, 30, '(31.8710615,-116.6669512)', '2016-07-13', '12:07:35'),
(1549, 30, '(31.8710615,-116.6669512)', '2016-07-13', '12:07:35'),
(1550, 30, '(31.8710758,-116.666946)', '2016-07-13', '12:07:45'),
(1551, 30, '(31.8710758,-116.666946)', '2016-07-13', '12:07:45'),
(1552, 30, '(31.8710758,-116.666946)', '2016-07-13', '12:07:46'),
(1553, 30, '(31.8710758,-116.666946)', '2016-07-13', '12:07:46'),
(1554, 30, '(31.8710758,-116.666946)', '2016-07-13', '12:07:06'),
(1555, 30, '(31.8710758,-116.666946)', '2016-07-13', '12:07:06'),
(1556, 30, '(31.8710603,-116.6669519)', '2016-07-13', '12:07:07'),
(1557, 30, '(31.8710603,-116.6669519)', '2016-07-13', '12:07:07'),
(1558, 30, '(31.8710603,-116.6669519)', '2016-07-13', '12:07:16'),
(1559, 30, '(31.8710603,-116.6669519)', '2016-07-13', '12:07:16'),
(1560, 30, '(31.8710603,-116.6669519)', '2016-07-13', '12:07:17'),
(1561, 30, '(31.8710603,-116.6669519)', '2016-07-13', '12:07:17'),
(1562, 30, '(31.8710603,-116.6669519)', '2016-07-13', '12:07:26'),
(1563, 30, '(31.8710603,-116.6669519)', '2016-07-13', '12:07:26'),
(1564, 30, '(31.8710603,-116.6669519)', '2016-07-13', '12:07:27'),
(1565, 30, '(31.8710603,-116.6669519)', '2016-07-13', '12:07:27'),
(1566, 30, '(31.8710603,-116.6669519)', '2016-07-13', '12:07:37'),
(1567, 30, '(31.8710603,-116.6669519)', '2016-07-13', '12:07:37'),
(1568, 30, '(31.8710427,-116.6669483)', '2016-07-13', '12:07:47'),
(1569, 30, '(31.8710427,-116.6669483)', '2016-07-13', '12:07:47'),
(1570, 30, '(31.8710427,-116.6669483)', '2016-07-13', '12:07:48'),
(1571, 30, '(31.8710427,-116.6669483)', '2016-07-13', '12:07:48'),
(1572, 30, '(31.8710427,-116.6669483)', '2016-07-13', '12:07:57'),
(1573, 30, '(31.8710427,-116.6669483)', '2016-07-13', '12:07:57'),
(1574, 30, '(31.8710427,-116.6669483)', '2016-07-13', '12:07:58'),
(1575, 30, '(31.8710427,-116.6669483)', '2016-07-13', '12:07:58'),
(1576, 30, '(31.8710427,-116.6669483)', '2016-07-13', '12:07:08'),
(1577, 30, '(31.8710427,-116.6669483)', '2016-07-13', '12:07:08'),
(1578, 30, '(31.8710609,-116.6669488)', '2016-07-13', '12:07:18'),
(1579, 30, '(31.8710609,-116.6669488)', '2016-07-13', '12:07:18'),
(1580, 30, '(31.8710609,-116.6669488)', '2016-07-13', '12:07:19'),
(1581, 30, '(31.8710609,-116.6669488)', '2016-07-13', '12:07:19'),
(1582, 30, '(31.8710609,-116.6669488)', '2016-07-13', '12:07:28'),
(1583, 30, '(31.8710609,-116.6669488)', '2016-07-13', '12:07:28'),
(1584, 30, '(31.8710609,-116.6669488)', '2016-07-13', '12:07:29'),
(1585, 30, '(31.8710609,-116.6669488)', '2016-07-13', '12:07:29'),
(1586, 30, '(31.8710609,-116.6669488)', '2016-07-13', '12:07:38'),
(1587, 30, '(31.8710609,-116.6669488)', '2016-07-13', '12:07:39'),
(1588, 30, '(31.8710609,-116.6669488)', '2016-07-13', '12:07:39'),
(1589, 30, '(31.8710609,-116.6669488)', '2016-07-13', '12:07:39'),
(1590, 30, '(31.8710479,-116.6669436)', '2016-07-13', '12:07:49'),
(1591, 30, '(31.8710479,-116.6669436)', '2016-07-13', '12:07:49'),
(1592, 30, '(31.8710479,-116.6669436)', '2016-07-13', '12:07:49');
INSERT INTO `escalon_viaje_ubicacion` (`id`, `id_viaje`, `ubicacion`, `fecha`, `hora`) VALUES
(1593, 30, '(31.8710479,-116.6669436)', '2016-07-13', '12:07:50'),
(1594, 30, '(31.8710479,-116.6669436)', '2016-07-13', '12:07:59'),
(1595, 30, '(31.8710479,-116.6669436)', '2016-07-13', '12:07:59'),
(1596, 30, '(31.8710479,-116.6669436)', '2016-07-13', '13:07:00'),
(1597, 30, '(31.8710479,-116.6669436)', '2016-07-13', '13:07:00'),
(1598, 30, '(31.8710479,-116.6669436)', '2016-07-13', '13:07:09'),
(1599, 30, '(31.8710479,-116.6669436)', '2016-07-13', '13:07:09'),
(1600, 30, '(31.8710479,-116.6669436)', '2016-07-13', '13:07:10'),
(1601, 30, '(31.8710479,-116.6669436)', '2016-07-13', '13:07:10'),
(1602, 30, '(31.871062,-116.6669511)', '2016-07-13', '13:07:20'),
(1603, 30, '(31.871062,-116.6669511)', '2016-07-13', '13:07:20'),
(1604, 30, '(31.871062,-116.6669511)', '2016-07-13', '13:07:30'),
(1605, 30, '(31.871062,-116.6669511)', '2016-07-13', '13:07:30'),
(1606, 30, '(31.871062,-116.6669511)', '2016-07-13', '13:07:30'),
(1607, 30, '(31.871062,-116.6669511)', '2016-07-13', '13:07:31'),
(1608, 30, '(31.871062,-116.6669511)', '2016-07-13', '13:07:40'),
(1609, 30, '(31.871062,-116.6669511)', '2016-07-13', '13:07:40'),
(1610, 30, '(31.871062,-116.6669511)', '2016-07-13', '13:07:41'),
(1611, 30, '(31.871062,-116.6669511)', '2016-07-13', '13:07:41'),
(1612, 30, '(31.8692534,-116.6659842)', '2016-07-13', '13:07:50'),
(1613, 30, '(31.8692534,-116.6659842)', '2016-07-13', '13:07:50'),
(1614, 30, '(31.8692534,-116.6659842)', '2016-07-13', '13:07:51'),
(1615, 30, '(31.8692534,-116.6659842)', '2016-07-13', '13:07:51'),
(1616, 30, '(31.8692534,-116.6659842)', '2016-07-13', '13:07:00'),
(1617, 30, '(31.8692534,-116.6659842)', '2016-07-13', '13:07:00'),
(1618, 30, '(31.8692534,-116.6659842)', '2016-07-13', '13:07:01'),
(1619, 30, '(31.8692534,-116.6659842)', '2016-07-13', '13:07:01'),
(1620, 30, '(31.8692534,-116.6659842)', '2016-07-13', '13:07:11'),
(1621, 30, '(31.8692534,-116.6659842)', '2016-07-13', '13:07:11'),
(1622, 30, '(31.8692534,-116.6659842)', '2016-07-13', '13:07:12'),
(1623, 30, '(31.8692534,-116.6659842)', '2016-07-13', '13:07:12'),
(1624, 30, '(31.8710591,-116.6669482)', '2016-07-13', '13:07:21'),
(1625, 30, '(31.8710591,-116.6669482)', '2016-07-13', '13:07:21'),
(1626, 30, '(31.8710591,-116.6669482)', '2016-07-13', '13:07:31'),
(1627, 30, '(31.8710591,-116.6669482)', '2016-07-13', '13:07:31'),
(1628, 30, '(31.8710591,-116.6669482)', '2016-07-13', '13:07:43'),
(1629, 30, '(31.8710591,-116.6669482)', '2016-07-13', '13:07:43'),
(1630, 30, '(31.8710591,-116.6669482)', '2016-07-13', '13:07:43'),
(1631, 30, '(31.8710591,-116.6669482)', '2016-07-13', '13:07:43'),
(1632, 30, '(31.8692542,-116.6659824)', '2016-07-13', '13:07:52'),
(1633, 30, '(31.8692542,-116.6659824)', '2016-07-13', '13:07:52'),
(1634, 30, '(31.8692542,-116.6659824)', '2016-07-13', '13:07:53'),
(1635, 30, '(31.8692542,-116.6659824)', '2016-07-13', '13:07:53'),
(1636, 30, '(31.8692542,-116.6659824)', '2016-07-13', '13:07:02'),
(1637, 30, '(31.8692542,-116.6659824)', '2016-07-13', '13:07:02'),
(1638, 30, '(31.8692542,-116.6659824)', '2016-07-13', '13:07:03'),
(1639, 30, '(31.8692542,-116.6659824)', '2016-07-13', '13:07:03'),
(1640, 30, '(31.8692542,-116.6659824)', '2016-07-13', '13:07:12'),
(1641, 30, '(31.8692542,-116.6659824)', '2016-07-13', '13:07:12'),
(1642, 30, '(31.8692542,-116.6659824)', '2016-07-13', '13:07:13'),
(1643, 30, '(31.8692542,-116.6659824)', '2016-07-13', '13:07:13'),
(1644, 30, '(31.869252,-116.6659846)', '2016-07-13', '13:07:23'),
(1645, 30, '(31.869252,-116.6659846)', '2016-07-13', '13:07:23'),
(1646, 30, '(31.869252,-116.6659846)', '2016-07-13', '13:07:23'),
(1647, 30, '(31.869252,-116.6659846)', '2016-07-13', '13:07:23'),
(1648, 30, '(31.869252,-116.6659846)', '2016-07-13', '13:07:33'),
(1649, 30, '(31.869252,-116.6659846)', '2016-07-13', '13:07:33'),
(1650, 30, '(31.869252,-116.6659846)', '2016-07-13', '13:07:34'),
(1651, 30, '(31.869252,-116.6659846)', '2016-07-13', '13:07:34'),
(1652, 30, '(31.869252,-116.6659846)', '2016-07-13', '13:07:43'),
(1653, 30, '(31.869252,-116.6659846)', '2016-07-13', '13:07:43'),
(1654, 30, '(31.869252,-116.6659846)', '2016-07-13', '13:07:44'),
(1655, 30, '(31.869252,-116.6659846)', '2016-07-13', '13:07:44'),
(1656, 30, '(31.871109,-116.6669716)', '2016-07-13', '13:07:53'),
(1657, 30, '(31.871109,-116.6669716)', '2016-07-13', '13:07:53'),
(1658, 30, '(31.871109,-116.6669716)', '2016-07-13', '13:07:04'),
(1659, 30, '(31.871109,-116.6669716)', '2016-07-13', '13:07:04'),
(1660, 30, '(31.871109,-116.6669716)', '2016-07-13', '13:07:04'),
(1661, 30, '(31.871109,-116.6669716)', '2016-07-13', '13:07:04'),
(1662, 30, '(31.871109,-116.6669716)', '2016-07-13', '13:07:14'),
(1663, 30, '(31.871109,-116.6669716)', '2016-07-13', '13:07:14'),
(1664, 30, '(31.871109,-116.6669716)', '2016-07-13', '13:07:15'),
(1665, 30, '(31.871109,-116.6669716)', '2016-07-13', '13:07:15'),
(1666, 30, '(31.8711101,-116.6669708)', '2016-07-13', '13:07:24'),
(1667, 30, '(31.8711101,-116.6669708)', '2016-07-13', '13:07:24'),
(1668, 30, '(31.8711101,-116.6669708)', '2016-07-13', '13:07:34'),
(1669, 30, '(31.8711101,-116.6669708)', '2016-07-13', '13:07:34'),
(1670, 30, '(31.8711101,-116.6669708)', '2016-07-13', '13:07:35'),
(1671, 30, '(31.8711101,-116.6669708)', '2016-07-13', '13:07:35'),
(1672, 30, '(31.8711101,-116.6669708)', '2016-07-13', '13:07:45'),
(1673, 30, '(31.8711101,-116.6669708)', '2016-07-13', '13:07:45'),
(1674, 30, '(31.8711101,-116.6669708)', '2016-07-13', '13:07:45'),
(1675, 30, '(31.8711101,-116.6669708)', '2016-07-13', '13:07:45'),
(1676, 30, '(31.8710616,-116.6669518)', '2016-07-13', '13:07:55'),
(1677, 30, '(31.8710616,-116.6669518)', '2016-07-13', '13:07:55'),
(1678, 30, '(31.8710616,-116.6669518)', '2016-07-13', '13:07:56'),
(1679, 30, '(31.8710616,-116.6669518)', '2016-07-13', '13:07:56'),
(1680, 30, '(31.8710616,-116.6669518)', '2016-07-13', '13:07:05'),
(1681, 30, '(31.8710616,-116.6669518)', '2016-07-13', '13:07:05'),
(1682, 30, '(31.8710616,-116.6669518)', '2016-07-13', '13:07:06'),
(1683, 30, '(31.8710616,-116.6669518)', '2016-07-13', '13:07:06'),
(1684, 30, '(31.8710616,-116.6669518)', '2016-07-13', '13:07:16'),
(1685, 30, '(31.8710616,-116.6669518)', '2016-07-13', '13:07:16'),
(1686, 30, '(31.8710558,-116.6669494)', '2016-07-13', '13:07:26'),
(1687, 30, '(31.8710558,-116.6669494)', '2016-07-13', '13:07:26'),
(1688, 30, '(31.8710558,-116.6669494)', '2016-07-13', '13:07:26'),
(1689, 30, '(31.8710558,-116.6669494)', '2016-07-13', '13:07:27'),
(1690, 30, '(31.8710558,-116.6669494)', '2016-07-13', '13:07:37'),
(1691, 30, '(31.8710558,-116.6669494)', '2016-07-13', '13:07:37'),
(1692, 30, '(31.8710558,-116.6669494)', '2016-07-13', '13:07:47'),
(1693, 30, '(31.8710558,-116.6669494)', '2016-07-13', '13:07:47'),
(1694, 30, '(31.8710571,-116.6669488)', '2016-07-13', '13:07:57'),
(1695, 30, '(31.8710571,-116.6669488)', '2016-07-13', '13:07:57'),
(1696, 30, '(31.8692528,-116.6659842)', '2016-07-13', '14:07:06'),
(1697, 30, '(0,0)', '2016-07-13', '14:07:14'),
(1698, 30, '(0,0)', '2016-07-13', '14:07:14'),
(1699, 30, '(0,0)', '2016-07-13', '14:07:20'),
(1700, 30, '(0,0)', '2016-07-13', '14:07:20'),
(1701, 30, '(0,0)', '2016-07-13', '14:07:25'),
(1702, 30, '(0,0)', '2016-07-13', '14:07:25'),
(1703, 30, '(0,0)', '2016-07-13', '14:07:35'),
(1704, 30, '(0,0)', '2016-07-13', '14:07:35'),
(1705, 30, '(0,0)', '2016-07-13', '14:07:45'),
(1706, 30, '(0,0)', '2016-07-13', '14:07:45'),
(1707, 30, '(0,0)', '2016-07-13', '14:07:51'),
(1708, 30, '(0,0)', '2016-07-13', '14:07:51'),
(1709, 30, '(0,0)', '2016-07-13', '14:07:55'),
(1710, 30, '(0,0)', '2016-07-13', '14:07:55'),
(1711, 30, '(0,0)', '2016-07-13', '14:07:01'),
(1712, 30, '(0,0)', '2016-07-13', '14:07:01'),
(1713, 30, '(0,0)', '2016-07-13', '14:07:06'),
(1714, 30, '(0,0)', '2016-07-13', '14:07:06'),
(1715, 30, '(0,0)', '2016-07-13', '14:07:12'),
(1716, 30, '(0,0)', '2016-07-13', '14:07:12'),
(1717, 30, '(0,0)', '2016-07-13', '14:07:16'),
(1718, 30, '(0,0)', '2016-07-13', '14:07:16'),
(1719, 30, '(0,0)', '2016-07-13', '14:07:26'),
(1720, 30, '(0,0)', '2016-07-13', '14:07:26'),
(1721, 30, '(0,0)', '2016-07-13', '14:07:32'),
(1722, 30, '(0,0)', '2016-07-13', '14:07:32'),
(1723, 30, '(0,0)', '2016-07-13', '14:07:36'),
(1724, 30, '(0,0)', '2016-07-13', '14:07:37'),
(1725, 30, '(0,0)', '2016-07-13', '14:07:42'),
(1726, 30, '(0,0)', '2016-07-13', '14:07:42'),
(1727, 30, '(0,0)', '2016-07-13', '14:07:47'),
(1728, 30, '(0,0)', '2016-07-13', '14:07:47'),
(1729, 30, '(0,0)', '2016-07-13', '14:07:53'),
(1730, 30, '(0,0)', '2016-07-13', '14:07:53'),
(1731, 30, '(0,0)', '2016-07-13', '14:07:57'),
(1732, 30, '(0,0)', '2016-07-13', '14:07:57'),
(1733, 30, '(0,0)', '2016-07-13', '14:07:03'),
(1734, 30, '(0,0)', '2016-07-13', '14:07:03'),
(1735, 30, '(0,0)', '2016-07-13', '14:07:07'),
(1736, 30, '(0,0)', '2016-07-13', '14:07:07'),
(1737, 30, '(0,0)', '2016-07-13', '14:07:13'),
(1738, 30, '(0,0)', '2016-07-13', '14:07:13'),
(1739, 30, '(0,0)', '2016-07-13', '14:07:18'),
(1740, 30, '(0,0)', '2016-07-13', '14:07:18'),
(1741, 30, '(0,0)', '2016-07-13', '14:07:23'),
(1742, 30, '(0,0)', '2016-07-13', '14:07:24'),
(1743, 30, '(0,0)', '2016-07-13', '14:07:34'),
(1744, 30, '(0,0)', '2016-07-13', '14:07:34'),
(1745, 30, '(0,0)', '2016-07-13', '14:07:38'),
(1746, 30, '(0,0)', '2016-07-13', '14:07:38'),
(1747, 30, '(0,0)', '2016-07-13', '14:07:44'),
(1748, 30, '(0,0)', '2016-07-13', '14:07:44'),
(1749, 30, '(0,0)', '2016-07-13', '14:07:48'),
(1750, 30, '(0,0)', '2016-07-13', '14:07:48'),
(1751, 30, '(0,0)', '2016-07-13', '14:07:54'),
(1752, 30, '(0,0)', '2016-07-13', '14:07:54'),
(1753, 30, '(0,0)', '2016-07-13', '14:07:59'),
(1754, 30, '(0,0)', '2016-07-13', '14:07:59'),
(1755, 30, '(0,0)', '2016-07-13', '14:07:05'),
(1756, 30, '(0,0)', '2016-07-13', '14:07:05'),
(1757, 30, '(0,0)', '2016-07-13', '14:07:09'),
(1758, 30, '(0,0)', '2016-07-13', '14:07:09'),
(1759, 30, '(0,0)', '2016-07-13', '14:07:15'),
(1760, 30, '(0,0)', '2016-07-13', '14:07:15'),
(1761, 30, '(0,0)', '2016-07-13', '14:07:19'),
(1762, 30, '(0,0)', '2016-07-13', '14:07:19'),
(1763, 30, '(0,0)', '2016-07-13', '14:07:25'),
(1764, 30, '(0,0)', '2016-07-13', '14:07:25'),
(1765, 30, '(0,0)', '2016-07-13', '14:07:29'),
(1766, 30, '(0,0)', '2016-07-13', '14:07:29'),
(1767, 30, '(0,0)', '2016-07-13', '14:07:35'),
(1768, 30, '(0,0)', '2016-07-13', '14:07:35'),
(1769, 30, '(0,0)', '2016-07-13', '14:07:40'),
(1770, 30, '(0,0)', '2016-07-13', '14:07:40'),
(1771, 30, '(0,0)', '2016-07-13', '14:07:46'),
(1772, 30, '(0,0)', '2016-07-13', '14:07:46'),
(1773, 30, '(0,0)', '2016-07-13', '14:07:50'),
(1774, 30, '(0,0)', '2016-07-13', '14:07:50'),
(1775, 30, '(0,0)', '2016-07-13', '14:07:56'),
(1776, 30, '(0,0)', '2016-07-13', '14:07:56'),
(1777, 30, '(0,0)', '2016-07-13', '14:07:00'),
(1778, 30, '(0,0)', '2016-07-13', '14:07:00'),
(1779, 30, '(0,0)', '2016-07-13', '14:07:06'),
(1780, 30, '(0,0)', '2016-07-13', '14:07:06'),
(1781, 30, '(0,0)', '2016-07-13', '14:07:10'),
(1782, 30, '(0,0)', '2016-07-13', '14:07:10'),
(1783, 30, '(0,0)', '2016-07-13', '14:07:16'),
(1784, 30, '(0,0)', '2016-07-13', '14:07:16'),
(1785, 30, '(0,0)', '2016-07-13', '14:07:21'),
(1786, 30, '(0,0)', '2016-07-13', '14:07:21'),
(1787, 30, '(0,0)', '2016-07-13', '14:07:27'),
(1788, 30, '(0,0)', '2016-07-13', '14:07:27'),
(1789, 30, '(0,0)', '2016-07-13', '14:07:31'),
(1790, 30, '(0,0)', '2016-07-13', '14:07:31'),
(1791, 30, '(0,0)', '2016-07-13', '14:07:41'),
(1792, 30, '(0,0)', '2016-07-13', '14:07:41'),
(1793, 30, '(31.8710419,-116.6669609)', '2016-07-13', '14:07:22'),
(1794, 30, '(31.8710419,-116.6669609)', '2016-07-13', '14:07:22'),
(1795, 30, '(31.8710419,-116.6669609)', '2016-07-13', '14:07:23'),
(1796, 30, '(31.8710419,-116.6669609)', '2016-07-13', '14:07:23'),
(1797, 30, '(31.8710328,-116.6669571)', '2016-07-13', '14:07:59'),
(1798, 30, '(31.8710328,-116.6669571)', '2016-07-13', '14:07:59'),
(1799, 30, '(31.8710328,-116.6669571)', '2016-07-13', '14:07:59'),
(1800, 30, '(31.8710328,-116.6669571)', '2016-07-13', '14:07:59'),
(1801, 30, '(31.8710328,-116.6669571)', '2016-07-13', '14:07:03'),
(1802, 30, '(31.8710328,-116.6669571)', '2016-07-13', '14:07:03'),
(1803, 30, '(31.8710328,-116.6669571)', '2016-07-13', '14:07:24'),
(1804, 30, '(31.8710328,-116.6669571)', '2016-07-13', '14:07:24'),
(1805, 30, '(31.8711166,-116.6669708)', '2016-07-13', '14:07:05'),
(1806, 30, '(31.8711166,-116.6669708)', '2016-07-13', '14:07:05'),
(1807, 30, '(31.8711166,-116.6669708)', '2016-07-13', '14:07:25'),
(1808, 30, '(31.8711166,-116.6669708)', '2016-07-13', '14:07:25'),
(1809, 30, '(31.8692534,-116.6659842)', '2016-07-13', '14:07:29'),
(1810, 30, '(31.8692534,-116.6659842)', '2016-07-13', '14:07:29'),
(1811, 30, '(31.8692534,-116.6659842)', '2016-07-13', '14:07:35'),
(1812, 30, '(31.8692534,-116.6659842)', '2016-07-13', '14:07:36'),
(1813, 30, '(31.8692534,-116.6659842)', '2016-07-13', '14:07:40'),
(1814, 30, '(31.8692534,-116.6659842)', '2016-07-13', '14:07:40'),
(1815, 30, '(31.8692534,-116.6659842)', '2016-07-13', '14:07:46'),
(1816, 30, '(31.8692534,-116.6659842)', '2016-07-13', '14:07:46'),
(1817, 30, '(31.8692534,-116.6659842)', '2016-07-13', '14:07:50'),
(1818, 30, '(31.8692534,-116.6659842)', '2016-07-13', '14:07:50'),
(1819, 30, '(31.8692534,-116.6659842)', '2016-07-13', '14:07:56'),
(1820, 30, '(31.8692534,-116.6659842)', '2016-07-13', '14:07:56'),
(1821, 30, '(31.8692531,-116.6659842)', '2016-07-13', '14:07:00'),
(1822, 30, '(31.8692531,-116.6659842)', '2016-07-13', '14:07:00'),
(1823, 30, '(31.8692531,-116.6659842)', '2016-07-13', '14:07:06'),
(1824, 30, '(31.8692531,-116.6659842)', '2016-07-13', '14:07:06'),
(1825, 30, '(31.8692531,-116.6659842)', '2016-07-13', '14:07:10'),
(1826, 30, '(31.8692531,-116.6659842)', '2016-07-13', '14:07:10'),
(1827, 30, '(31.8692531,-116.6659842)', '2016-07-13', '14:07:16'),
(1828, 30, '(31.8692531,-116.6659842)', '2016-07-13', '14:07:17'),
(1829, 30, '(31.8692531,-116.6659842)', '2016-07-13', '14:07:21'),
(1830, 30, '(31.8692531,-116.6659842)', '2016-07-13', '14:07:21'),
(1831, 30, '(31.8692531,-116.6659842)', '2016-07-13', '14:07:27'),
(1832, 30, '(31.8692531,-116.6659842)', '2016-07-13', '14:07:27'),
(1833, 30, '(31.869253,-116.6659843)', '2016-07-13', '14:07:31'),
(1834, 30, '(31.869253,-116.6659843)', '2016-07-13', '14:07:31'),
(1835, 30, '(31.869253,-116.6659843)', '2016-07-13', '14:07:37'),
(1836, 30, '(31.869253,-116.6659843)', '2016-07-13', '14:07:37'),
(1837, 30, '(31.869253,-116.6659843)', '2016-07-13', '14:07:47'),
(1838, 30, '(31.869253,-116.6659843)', '2016-07-13', '14:07:48'),
(1839, 30, '(31.869253,-116.6659843)', '2016-07-13', '14:07:51'),
(1840, 30, '(31.869253,-116.6659843)', '2016-07-13', '14:07:51'),
(1841, 30, '(31.869253,-116.6659843)', '2016-07-13', '14:07:58'),
(1842, 30, '(31.869253,-116.6659843)', '2016-07-13', '14:07:58'),
(1843, 30, '(31.869253,-116.6659843)', '2016-07-13', '14:07:02'),
(1844, 30, '(31.869253,-116.6659843)', '2016-07-13', '14:07:02'),
(1845, 30, '(31.869253,-116.6659843)', '2016-07-13', '14:07:08'),
(1846, 30, '(31.869253,-116.6659843)', '2016-07-13', '14:07:08'),
(1847, 30, '(31.8711126,-116.6669719)', '2016-07-14', '09:07:16'),
(1848, 30, '(31.8711126,-116.6669719)', '2016-07-14', '09:07:17'),
(1849, 30, '(31.8711126,-116.6669719)', '2016-07-14', '09:07:17'),
(1850, 30, '(31.8711083,-116.6669697)', '2016-07-14', '09:07:35'),
(1851, 30, '(31.8711083,-116.6669697)', '2016-07-14', '09:07:35'),
(1852, 30, '(31.8711083,-116.6669697)', '2016-07-14', '09:07:35'),
(1853, 30, '(31.8692542,-116.6659824)', '2016-07-14', '09:07:22'),
(1854, 30, '(31.8692542,-116.6659824)', '2016-07-14', '09:07:22'),
(1855, 30, '(31.8692542,-116.6659824)', '2016-07-14', '09:07:23'),
(1856, 30, '(31.8692542,-116.6659824)', '2016-07-14', '09:07:23'),
(1857, 30, '(31.8708744,-116.6668696)', '2016-07-14', '09:07:40'),
(1858, 30, '(31.8708744,-116.6668696)', '2016-07-14', '09:07:41'),
(1859, 30, '(31.8711091,-116.6669711)', '2016-07-14', '09:07:48'),
(1860, 30, '(31.8711091,-116.6669711)', '2016-07-14', '09:07:49'),
(1861, 30, '(31.8711111,-116.6669699)', '2016-07-14', '09:07:05'),
(1862, 30, '(31.8711111,-116.6669699)', '2016-07-14', '09:07:05'),
(1863, 30, '(31.8711111,-116.6669699)', '2016-07-14', '09:07:06'),
(1864, 30, '(31.8711111,-116.6669699)', '2016-07-14', '09:07:06'),
(1865, 30, '(31.8711077,-116.6669703)', '2016-07-14', '09:07:03'),
(1866, 30, '(31.8711077,-116.6669703)', '2016-07-14', '09:07:04'),
(1867, 30, '(31.8711074,-116.6669713)', '2016-07-14', '09:07:16'),
(1868, 30, '(31.8711074,-116.6669713)', '2016-07-14', '09:07:16'),
(1869, 30, '(31.8711127,-116.6669696)', '2016-07-14', '10:07:50'),
(1870, 30, '(31.8711127,-116.6669696)', '2016-07-14', '10:07:51'),
(1871, 30, '(31.8711128,-116.6669696)', '2016-07-14', '10:07:10'),
(1872, 30, '(31.8711128,-116.6669696)', '2016-07-14', '10:07:10'),
(1873, 30, '(31.8711206,-116.6669699)', '2016-07-14', '10:07:58'),
(1874, 30, '(31.8711206,-116.6669699)', '2016-07-14', '10:07:58'),
(1875, 30, '(31.8711173,-116.6669706)', '2016-07-14', '10:07:58'),
(1876, 30, '(31.8711173,-116.6669706)', '2016-07-14', '10:07:59'),
(1877, 30, '(31.8711173,-116.6669706)', '2016-07-14', '10:07:59'),
(1878, 30, '(31.8711173,-116.6669706)', '2016-07-14', '10:07:59'),
(1879, 30, '(31.8711108,-116.6669717)', '2016-07-14', '10:07:53'),
(1880, 30, '(31.8711108,-116.6669717)', '2016-07-14', '10:07:53'),
(1881, 30, '(31.870813,-116.6668382)', '2016-07-14', '10:07:42'),
(1882, 30, '(31.870813,-116.6668382)', '2016-07-14', '10:07:42'),
(1883, 30, '(31.870813,-116.6668382)', '2016-07-14', '10:07:43'),
(1884, 30, '(31.870813,-116.6668382)', '2016-07-14', '10:07:43'),
(1885, 30, '(31.870813,-116.6668382)', '2016-07-14', '10:07:47'),
(1886, 30, '(31.870813,-116.6668382)', '2016-07-14', '10:07:47'),
(1887, 30, '(31.8711079,-116.666971)', '2016-07-14', '10:07:24'),
(1888, 30, '(31.8711079,-116.666971)', '2016-07-14', '10:07:24'),
(1889, 30, '(31.8711116,-116.6669717)', '2016-07-14', '10:07:13'),
(1890, 30, '(31.8711116,-116.6669717)', '2016-07-14', '10:07:13'),
(1891, 30, '(31.8711101,-116.6669705)', '2016-07-14', '10:07:57'),
(1892, 30, '(31.8711101,-116.6669705)', '2016-07-14', '10:07:57'),
(1893, 30, '(31.8711101,-116.6669705)', '2016-07-14', '10:07:59'),
(1894, 30, '(31.8711101,-116.6669705)', '2016-07-14', '10:07:59'),
(1895, 30, '(31.8711101,-116.6669705)', '2016-07-14', '10:07:03'),
(1896, 30, '(31.8711101,-116.6669705)', '2016-07-14', '10:07:03'),
(1897, 30, '(31.8692531,-116.6659842)', '2016-07-14', '11:07:02'),
(1898, 30, '(31.8692531,-116.6659842)', '2016-07-14', '11:07:03'),
(1899, 30, '(31.8692531,-116.6659842)', '2016-07-14', '11:07:03'),
(1900, 30, '(31.8692531,-116.6659842)', '2016-07-14', '11:07:19'),
(1901, 30, '(31.8692531,-116.6659842)', '2016-07-14', '11:07:19'),
(1902, 30, '(31.8709383,-116.6669035)', '2016-07-14', '11:07:31'),
(1903, 30, '(31.8709383,-116.6669035)', '2016-07-14', '11:07:31'),
(1904, 30, '(31.8704765,-116.6666552)', '2016-07-14', '11:07:04'),
(1905, 30, '(31.8704765,-116.6666552)', '2016-07-14', '11:07:04'),
(1906, 30, '(31.8711132,-116.6669705)', '2016-07-14', '11:07:49'),
(1907, 30, '(31.8711132,-116.6669705)', '2016-07-14', '11:07:49'),
(1908, 30, '(31.869253,-116.6659843)', '2016-07-14', '11:07:59'),
(1909, 30, '(31.869253,-116.6659843)', '2016-07-14', '11:07:59'),
(1910, 30, '(31.869253,-116.6659843)', '2016-07-14', '11:07:00'),
(1911, 30, '(31.869253,-116.6659843)', '2016-07-14', '11:07:00'),
(1912, 30, '(31.869253,-116.6659843)', '2016-07-14', '11:07:49'),
(1913, 30, '(31.869253,-116.6659843)', '2016-07-14', '11:07:49'),
(1914, 30, '(31.8711074,-116.6669713)', '2016-07-14', '11:07:50'),
(1915, 30, '(31.8711074,-116.6669713)', '2016-07-14', '11:07:50'),
(1916, 30, '(31.8711074,-116.6669713)', '2016-07-14', '11:07:18'),
(1917, 30, '(31.8711074,-116.6669713)', '2016-07-14', '11:07:19'),
(1918, 30, '(31.8710599,-116.6669523)', '2016-07-14', '11:07:38'),
(1919, 30, '(31.8710599,-116.6669523)', '2016-07-14', '11:07:39'),
(1920, 30, '(31.8710665,-116.6669444)', '2016-07-14', '11:07:10'),
(1921, 30, '(31.8710665,-116.6669444)', '2016-07-14', '11:07:10'),
(1922, 30, '(31.8710418,-116.6669449)', '2016-07-14', '11:07:26'),
(1923, 30, '(31.8710418,-116.6669449)', '2016-07-14', '11:07:27'),
(1924, 30, '(31.8707583,-116.6668117)', '2016-07-14', '11:07:49'),
(1925, 30, '(31.8707583,-116.6668117)', '2016-07-14', '11:07:49'),
(1926, 30, '(31.8707583,-116.6668117)', '2016-07-14', '11:07:50'),
(1927, 30, '(31.8707583,-116.6668117)', '2016-07-14', '11:07:51'),
(1928, 30, '(31.8711153,-116.6669694)', '2016-07-14', '12:07:12'),
(1929, 30, '(31.8711153,-116.6669694)', '2016-07-14', '12:07:12'),
(1930, 30, '(31.8711153,-116.6669694)', '2016-07-14', '12:07:14'),
(1931, 30, '(31.8711153,-116.6669694)', '2016-07-14', '12:07:14'),
(1932, 30, '(31.8706703,-116.6667572)', '2016-07-14', '12:07:44'),
(1933, 30, '(31.8706703,-116.6667572)', '2016-07-14', '12:07:44'),
(1934, 30, '(31.8710708,-116.6669856)', '2016-07-14', '12:07:00'),
(1935, 30, '(31.8710708,-116.6669856)', '2016-07-14', '12:07:00'),
(1936, 30, '(31.8710708,-116.6669856)', '2016-07-14', '12:07:10'),
(1937, 30, '(31.8710708,-116.6669856)', '2016-07-14', '12:07:10'),
(1938, 30, '(31.8710708,-116.6669856)', '2016-07-14', '12:07:14'),
(1939, 30, '(31.8710708,-116.6669856)', '2016-07-14', '12:07:14'),
(1940, 30, '(31.8707709,-116.6668168)', '2016-07-14', '12:07:37'),
(1941, 30, '(31.8707709,-116.6668168)', '2016-07-14', '12:07:37'),
(1942, 30, '(31.8711064,-116.6669697)', '2016-07-14', '12:07:03'),
(1943, 30, '(31.8711064,-116.6669697)', '2016-07-14', '12:07:03'),
(1944, 30, '(31.8711173,-116.6669706)', '2016-07-14', '12:07:07'),
(1945, 30, '(31.8711173,-116.6669706)', '2016-07-14', '12:07:07'),
(1946, 30, '(31.8711173,-116.6669706)', '2016-07-14', '12:07:08'),
(1947, 30, '(31.8711173,-116.6669706)', '2016-07-14', '12:07:08'),
(1948, 30, '(31.8692532,-116.6659842)', '2016-07-14', '12:07:10'),
(1949, 30, '(31.8692532,-116.6659842)', '2016-07-14', '12:07:10'),
(1950, 30, '(31.8692532,-116.6659842)', '2016-07-14', '12:07:16'),
(1951, 30, '(31.8692532,-116.6659842)', '2016-07-14', '12:07:16'),
(1952, 30, '(31.8692532,-116.6659842)', '2016-07-14', '12:07:20'),
(1953, 30, '(31.8692532,-116.6659842)', '2016-07-14', '12:07:20'),
(1954, 30, '(31.8692532,-116.6659842)', '2016-07-14', '12:07:27'),
(1955, 30, '(31.8692532,-116.6659842)', '2016-07-14', '12:07:27'),
(1956, 30, '(31.8692531,-116.6659841)', '2016-07-14', '12:07:30'),
(1957, 30, '(31.8692531,-116.6659841)', '2016-07-14', '12:07:30'),
(1958, 30, '(31.8692531,-116.6659841)', '2016-07-14', '12:07:37'),
(1959, 30, '(31.8692531,-116.6659841)', '2016-07-14', '12:07:37'),
(1960, 30, '(31.8692531,-116.6659841)', '2016-07-14', '12:07:40'),
(1961, 30, '(31.8692531,-116.6659841)', '2016-07-14', '12:07:40'),
(1962, 30, '(0,0)', '2016-07-14', '12:07:40'),
(1963, 30, '(0,0)', '2016-07-14', '12:07:40'),
(1964, 30, '(0,0)', '2016-07-14', '12:07:43'),
(1965, 30, '(0,0)', '2016-07-14', '12:07:44'),
(1966, 30, '(31.87111,-116.6669708)', '2016-07-14', '12:07:29'),
(1967, 30, '(0,0)', '2016-07-14', '12:07:35'),
(1968, 30, '(0,0)', '2016-07-14', '12:07:39'),
(1969, 30, '(0,0)', '2016-07-14', '12:07:39'),
(1970, 30, '(0,0)', '2016-07-14', '12:07:49'),
(1971, 30, '(0,0)', '2016-07-14', '12:07:49'),
(1972, 30, '(31.8692527,-116.6659844)', '2016-07-14', '12:07:09'),
(1973, 30, '(31.8692527,-116.6659844)', '2016-07-14', '12:07:09'),
(1974, 30, '(31.8692527,-116.6659844)', '2016-07-14', '12:07:10'),
(1975, 30, '(31.8692527,-116.6659844)', '2016-07-14', '12:07:13'),
(1976, 30, '(31.8692527,-116.6659844)', '2016-07-14', '12:07:13'),
(1977, 30, '(31.8692527,-116.6659844)', '2016-07-14', '12:07:20'),
(1978, 30, '(31.8692527,-116.6659844)', '2016-07-14', '12:07:20'),
(1979, 30, '(31.8692527,-116.6659844)', '2016-07-14', '12:07:23'),
(1980, 30, '(31.8692527,-116.6659844)', '2016-07-14', '12:07:23'),
(1981, 30, '(31.8692531,-116.6659844)', '2016-07-14', '12:07:50'),
(1982, 30, '(31.8692531,-116.6659844)', '2016-07-14', '12:07:51'),
(1983, 30, '(31.8692531,-116.6659844)', '2016-07-14', '12:07:54'),
(1984, 30, '(31.8692531,-116.6659844)', '2016-07-14', '12:07:54'),
(1985, 30, '(31.8710239,-116.6669514)', '2016-07-14', '13:07:15'),
(1986, 30, '(0,0)', '2016-07-14', '13:07:22'),
(1987, 30, '(0,0)', '2016-07-14', '13:07:24'),
(1988, 30, '(31.869253,-116.6659843)', '2016-07-14', '14:07:13'),
(1989, 30, '(31.869253,-116.6659843)', '2016-07-14', '14:07:13'),
(1990, 30, '(31.869253,-116.6659843)', '2016-07-14', '14:07:14'),
(1991, 30, '(31.869253,-116.6659843)', '2016-07-14', '14:07:23'),
(1992, 30, '(31.869253,-116.6659843)', '2016-07-14', '14:07:23'),
(1993, 30, '(31.869253,-116.6659843)', '2016-07-14', '14:07:33'),
(1994, 30, '(31.869253,-116.6659843)', '2016-07-14', '14:07:34'),
(1995, 30, '(31.869253,-116.6659843)', '2016-07-14', '14:07:35'),
(1996, 30, '(31.869253,-116.6659843)', '2016-07-14', '14:07:35'),
(1997, 30, '(31.8710616,-116.6669521)', '2016-07-14', '14:07:44'),
(1998, 30, '(31.8710616,-116.6669521)', '2016-07-14', '14:07:44'),
(1999, 30, '(31.8710616,-116.6669521)', '2016-07-14', '14:07:45'),
(2000, 30, '(31.8710616,-116.6669521)', '2016-07-14', '14:07:45'),
(2001, 30, '(31.8710616,-116.6669521)', '2016-07-14', '14:07:54'),
(2002, 30, '(31.8710616,-116.6669521)', '2016-07-14', '14:07:54'),
(2003, 30, '(31.8710616,-116.6669521)', '2016-07-14', '14:07:55'),
(2004, 30, '(31.8710616,-116.6669521)', '2016-07-14', '14:07:55'),
(2005, 30, '(31.8711088,-116.6669713)', '2016-07-14', '15:07:56'),
(2006, 30, '(31.8711088,-116.6669713)', '2016-07-14', '15:07:56'),
(2007, 30, '(31.8707277,-116.6667912)', '2016-07-14', '15:07:55'),
(2008, 30, '(31.8707277,-116.6667912)', '2016-07-14', '15:07:55'),
(2009, 30, '(31.8707277,-116.6667912)', '2016-07-14', '15:07:55'),
(2010, 30, '(31.8707277,-116.6667912)', '2016-07-14', '15:07:55'),
(2011, 30, '(31.8711108,-116.6669717)', '2016-07-14', '15:07:11'),
(2012, 30, '(31.8711108,-116.6669717)', '2016-07-14', '15:07:11'),
(2013, 30, '(31.8711108,-116.6669717)', '2016-07-14', '15:07:12'),
(2014, 30, '(31.8711108,-116.6669717)', '2016-07-14', '15:07:12'),
(2015, 30, '(31.8711108,-116.6669717)', '2016-07-14', '15:07:12'),
(2016, 30, '(31.8711108,-116.6669717)', '2016-07-14', '15:07:12'),
(2017, 30, '(31.8711108,-116.6669717)', '2016-07-14', '15:07:22'),
(2018, 30, '(31.8711108,-116.6669717)', '2016-07-14', '15:07:22'),
(2019, 30, '(31.8711108,-116.6669717)', '2016-07-14', '15:07:23'),
(2020, 30, '(31.8711108,-116.6669717)', '2016-07-14', '15:07:23'),
(2021, 30, '(31.8710492,-116.6669458)', '2016-07-14', '15:07:32'),
(2022, 30, '(31.8710492,-116.6669458)', '2016-07-14', '15:07:32'),
(2023, 30, '(31.8710492,-116.6669458)', '2016-07-14', '15:07:33'),
(2024, 30, '(31.8710492,-116.6669458)', '2016-07-14', '15:07:33'),
(2025, 30, '(31.8710492,-116.6669458)', '2016-07-14', '15:07:42'),
(2026, 30, '(31.8710492,-116.6669458)', '2016-07-14', '15:07:43'),
(2027, 30, '(31.8710492,-116.6669458)', '2016-07-14', '15:07:43'),
(2028, 30, '(31.8710492,-116.6669458)', '2016-07-14', '15:07:43'),
(2029, 30, '(31.8711127,-116.6669696)', '2016-07-14', '15:07:02'),
(2030, 30, '(31.8711127,-116.6669696)', '2016-07-14', '15:07:03'),
(2031, 30, '(0,0)', '2016-07-14', '15:07:03'),
(2032, 30, '(0,0)', '2016-07-14', '15:07:03'),
(2033, 30, '(31.8710437,-116.6669595)', '2016-07-14', '15:07:38'),
(2034, 30, '(31.8710437,-116.6669595)', '2016-07-14', '15:07:39'),
(2035, 30, '(31.8710437,-116.6669595)', '2016-07-14', '15:07:39'),
(2036, 30, '(31.8710437,-116.6669595)', '2016-07-14', '15:07:40'),
(2037, 30, '(31.8710437,-116.6669595)', '2016-07-14', '15:07:40'),
(2038, 30, '(31.8710437,-116.6669595)', '2016-07-14', '15:07:50'),
(2039, 30, '(31.8710437,-116.6669595)', '2016-07-14', '15:07:50'),
(2040, 30, '(31.8710713,-116.6669881)', '2016-07-14', '15:07:43'),
(2041, 30, '(31.8710713,-116.6669881)', '2016-07-14', '15:07:43'),
(2042, 30, '(31.8710713,-116.6669881)', '2016-07-14', '15:07:43'),
(2043, 30, '(31.8710713,-116.6669881)', '2016-07-14', '15:07:43'),
(2044, 30, '(31.8710713,-116.6669881)', '2016-07-14', '15:07:53'),
(2045, 30, '(31.8710713,-116.6669881)', '2016-07-14', '15:07:53'),
(2046, 30, '(31.8710713,-116.6669881)', '2016-07-14', '15:07:53'),
(2047, 30, '(31.8710713,-116.6669881)', '2016-07-14', '15:07:53'),
(2048, 30, '(31.8692532,-116.6659842)', '2016-07-14', '16:07:55'),
(2049, 30, '(0,0)', '2016-07-14', '16:07:05'),
(2050, 30, '(0,0)', '2016-07-14', '16:07:05'),
(2051, 30, '(0,0)', '2016-07-14', '16:07:09'),
(2052, 30, '(0,0)', '2016-07-14', '16:07:09'),
(2053, 30, '(31.8711107,-116.666971)', '2016-07-14', '16:07:05'),
(2054, 30, '(31.8711107,-116.666971)', '2016-07-14', '16:07:05'),
(2055, 30, '(31.8711166,-116.6669708)', '2016-07-14', '16:07:43'),
(2056, 30, '(31.8711166,-116.6669708)', '2016-07-14', '16:07:43'),
(2057, 30, '(31.8711166,-116.6669708)', '2016-07-14', '16:07:44'),
(2058, 30, '(31.8711166,-116.6669708)', '2016-07-14', '16:07:44'),
(2059, 30, '(31.8711166,-116.6669708)', '2016-07-14', '16:07:49'),
(2060, 30, '(31.8711166,-116.6669708)', '2016-07-14', '16:07:49'),
(2061, 30, '(31.8711166,-116.6669708)', '2016-07-14', '16:07:53'),
(2062, 30, '(31.8711166,-116.6669708)', '2016-07-14', '16:07:53'),
(2063, 30, '(31.8711166,-116.6669708)', '2016-07-14', '16:07:59'),
(2064, 30, '(31.8711166,-116.6669708)', '2016-07-14', '16:07:59'),
(2065, 30, '(31.8692542,-116.6659824)', '2016-07-14', '16:07:03'),
(2066, 30, '(31.8692542,-116.6659824)', '2016-07-14', '16:07:03'),
(2067, 30, '(31.8692542,-116.6659824)', '2016-07-14', '16:07:22'),
(2068, 30, '(31.8692542,-116.6659824)', '2016-07-14', '16:07:22'),
(2069, 30, '(31.8692542,-116.6659824)', '2016-07-14', '16:07:24'),
(2070, 30, '(31.8692542,-116.6659824)', '2016-07-14', '16:07:24'),
(2071, 30, '(31.8711075,-116.6669703)', '2016-07-14', '16:07:35'),
(2072, 30, '(31.8711075,-116.6669703)', '2016-07-14', '16:07:35'),
(2073, 30, '(31.8711075,-116.6669703)', '2016-07-14', '16:07:36'),
(2074, 30, '(31.8711075,-116.6669703)', '2016-07-14', '16:07:36'),
(2075, 30, '(31.8711075,-116.6669703)', '2016-07-14', '16:07:42'),
(2076, 30, '(31.8711075,-116.6669703)', '2016-07-14', '16:07:42'),
(2077, 30, '(31.8711111,-116.6669699)', '2016-07-14', '16:07:58'),
(2078, 30, '(31.8711111,-116.6669699)', '2016-07-14', '16:07:58'),
(2079, 30, '(31.8711111,-116.6669699)', '2016-07-14', '16:07:04'),
(2080, 30, '(31.8711111,-116.6669699)', '2016-07-14', '16:07:04'),
(2081, 30, '(31.8710653,-116.6669504)', '2016-07-14', '16:07:08'),
(2082, 30, '(31.8710653,-116.6669504)', '2016-07-14', '16:07:08'),
(2083, 30, '(31.8710653,-116.6669504)', '2016-07-14', '16:07:14'),
(2084, 30, '(31.8710653,-116.6669504)', '2016-07-14', '16:07:14'),
(2085, 30, '(31.8710653,-116.6669504)', '2016-07-14', '16:07:18'),
(2086, 30, '(31.8710653,-116.6669504)', '2016-07-14', '16:07:18'),
(2087, 30, '(31.8710653,-116.6669504)', '2016-07-14', '16:07:24'),
(2088, 30, '(31.8710653,-116.6669504)', '2016-07-14', '16:07:24'),
(2089, 30, '(31.8710653,-116.6669504)', '2016-07-14', '16:07:29'),
(2090, 30, '(31.8710653,-116.6669504)', '2016-07-14', '16:07:29'),
(2091, 30, '(31.8710653,-116.6669504)', '2016-07-14', '16:07:35'),
(2092, 30, '(31.8710653,-116.6669504)', '2016-07-14', '16:07:35'),
(2093, 30, '(31.8711101,-116.6669708)', '2016-07-14', '16:07:39'),
(2094, 30, '(31.8711101,-116.6669708)', '2016-07-14', '16:07:39'),
(2095, 30, '(31.8711101,-116.6669708)', '2016-07-14', '16:07:45'),
(2096, 30, '(31.8711101,-116.6669708)', '2016-07-14', '16:07:45'),
(2097, 30, '(31.8711101,-116.6669708)', '2016-07-14', '16:07:49'),
(2098, 30, '(31.8711101,-116.6669708)', '2016-07-14', '16:07:49'),
(2099, 30, '(31.8711101,-116.6669708)', '2016-07-14', '16:07:55'),
(2100, 30, '(31.8711101,-116.6669708)', '2016-07-14', '16:07:55'),
(2101, 30, '(31.8711101,-116.6669708)', '2016-07-14', '16:07:59'),
(2102, 30, '(31.8711101,-116.6669708)', '2016-07-14', '16:07:59'),
(2103, 30, '(31.8711101,-116.6669708)', '2016-07-14', '16:07:05'),
(2104, 30, '(31.8711101,-116.6669708)', '2016-07-14', '16:07:06'),
(2105, 30, '(31.871108,-116.6669715)', '2016-07-14', '16:07:10'),
(2106, 30, '(31.871108,-116.6669715)', '2016-07-14', '16:07:10'),
(2107, 30, '(31.871108,-116.6669715)', '2016-07-14', '16:07:16'),
(2108, 30, '(31.871108,-116.6669715)', '2016-07-14', '16:07:16'),
(2109, 30, '(31.871108,-116.6669715)', '2016-07-14', '16:07:20'),
(2110, 30, '(31.871108,-116.6669715)', '2016-07-14', '16:07:20'),
(2111, 30, '(31.871108,-116.6669715)', '2016-07-14', '16:07:26'),
(2112, 30, '(31.871108,-116.6669715)', '2016-07-14', '16:07:26'),
(2113, 30, '(31.871108,-116.6669715)', '2016-07-14', '16:07:30'),
(2114, 30, '(31.871108,-116.6669715)', '2016-07-14', '16:07:30'),
(2115, 30, '(31.871108,-116.6669715)', '2016-07-14', '16:07:36'),
(2116, 30, '(31.871108,-116.6669715)', '2016-07-14', '16:07:36'),
(2117, 30, '(31.8711179,-116.6669698)', '2016-07-14', '16:07:41'),
(2118, 30, '(31.8711179,-116.6669698)', '2016-07-14', '16:07:41'),
(2119, 30, '(31.8710569,-116.6669491)', '2016-07-14', '16:07:00'),
(2120, 30, '(31.8710569,-116.6669491)', '2016-07-14', '16:07:00'),
(2121, 30, '(31.8710163,-116.6669459)', '2016-07-14', '16:07:36'),
(2122, 30, '(31.8710163,-116.6669459)', '2016-07-14', '16:07:36'),
(2123, 30, '(31.8710163,-116.6669459)', '2016-07-14', '16:07:36'),
(2124, 30, '(31.8710163,-116.6669459)', '2016-07-14', '16:07:36'),
(2125, 30, '(31.8710163,-116.6669459)', '2016-07-14', '16:07:41'),
(2126, 30, '(31.8710163,-116.6669459)', '2016-07-14', '16:07:41'),
(2127, 30, '(31.871059,-116.666948)', '2016-07-14', '17:07:57'),
(2128, 30, '(31.871059,-116.666948)', '2016-07-14', '17:07:57'),
(2129, 30, '(31.871059,-116.666948)', '2016-07-14', '17:07:05'),
(2130, 30, '(31.871059,-116.666948)', '2016-07-14', '17:07:05'),
(2131, 30, '(31.8710552,-116.6669501)', '2016-07-14', '17:07:53'),
(2132, 30, '(31.8710552,-116.6669501)', '2016-07-14', '17:07:53'),
(2133, 30, '(31.8710552,-116.6669501)', '2016-07-14', '17:07:56'),
(2134, 30, '(31.8710552,-116.6669501)', '2016-07-14', '17:07:56'),
(2135, 30, '(31.8710297,-116.6669362)', '2016-07-14', '17:07:28'),
(2136, 30, '(31.8710297,-116.6669362)', '2016-07-14', '17:07:28'),
(2137, 30, '(31.8710297,-116.6669362)', '2016-07-14', '17:07:28'),
(2138, 30, '(31.8710297,-116.6669362)', '2016-07-14', '17:07:28'),
(2139, 30, '(31.8710297,-116.6669362)', '2016-07-14', '17:07:38'),
(2140, 30, '(31.8710297,-116.6669362)', '2016-07-14', '17:07:38'),
(2141, 30, '(31.8710297,-116.6669362)', '2016-07-14', '17:07:43'),
(2142, 30, '(31.8710297,-116.6669362)', '2016-07-14', '17:07:43'),
(2143, 30, '(31.8710297,-116.6669362)', '2016-07-14', '17:07:48'),
(2144, 30, '(31.8710297,-116.6669362)', '2016-07-14', '17:07:48'),
(2145, 30, '(31.8710375,-116.6669577)', '2016-07-14', '17:07:59'),
(2146, 30, '(31.8710375,-116.6669577)', '2016-07-14', '17:07:59'),
(2147, 30, '(31.8711094,-116.666971)', '2016-07-14', '17:07:58'),
(2148, 30, '(31.8711094,-116.666971)', '2016-07-14', '17:07:58'),
(2149, 30, '(31.8711094,-116.666971)', '2016-07-14', '17:07:01'),
(2150, 30, '(31.8711094,-116.666971)', '2016-07-14', '17:07:01'),
(2151, 30, '(31.8711094,-116.666971)', '2016-07-14', '17:07:07'),
(2152, 30, '(31.8711094,-116.666971)', '2016-07-14', '17:07:07'),
(2153, 30, '(31.8711094,-116.666971)', '2016-07-14', '17:07:12'),
(2154, 30, '(31.8711094,-116.666971)', '2016-07-14', '17:07:12'),
(2169, 30, '(31.871061,-116.6669491)', '2016-07-14', '17:07:52'),
(2170, 30, '(31.871061,-116.6669491)', '2016-07-14', '17:07:52'),
(2171, 30, '(31.870695,-116.6667726)', '2016-07-14', '17:07:19'),
(2172, 30, '(31.870695,-116.6667726)', '2016-07-14', '17:07:19'),
(2173, 30, '(31.870695,-116.6667726)', '2016-07-14', '17:07:20'),
(2174, 30, '(31.870695,-116.6667726)', '2016-07-14', '17:07:20'),
(2175, 30, '(31.870695,-116.6667726)', '2016-07-14', '17:07:24'),
(2176, 30, '(31.870695,-116.6667726)', '2016-07-14', '17:07:24');

-- --------------------------------------------------------

--
-- Estructura de tabla para la tabla `especie`
--

CREATE TABLE `especie` (
  `id` int(11) NOT NULL,
  `nombre` varchar(100) CHARACTER SET utf8 COLLATE utf8_spanish2_ci NOT NULL
) ENGINE=InnoDB DEFAULT CHARSET=latin1;

--
-- Volcado de datos para la tabla `especie`
--

INSERT INTO `especie` (`id`, `nombre`) VALUES
(6, 'Carpa'),
(7, 'Esturiones'),
(8, 'Barracuda'),
(9, ' Pez Mariposa de Nariz Alargada'),
(10, 'Muraena Helena'),
(11, ' Pez Trompeta'),
(12, 'Pez Globo'),
(13, ' Pez Halcón Enano');

-- --------------------------------------------------------

--
-- Estructura de tabla para la tabla `estacion`
--

CREATE TABLE `estacion` (
  `id` int(11) NOT NULL,
  `tipo` tinyint(1) NOT NULL,
  `identificador` varchar(50) COLLATE utf8_spanish2_ci NOT NULL,
  `no_personal` int(2) NOT NULL,
  `marca` varchar(50) COLLATE utf8_spanish2_ci NOT NULL,
  `color` varchar(50) COLLATE utf8_spanish2_ci NOT NULL,
  `ubicacion` varchar(50) COLLATE utf8_spanish2_ci NOT NULL,
  `disponible` tinyint(1) NOT NULL,
  `activo` tinyint(1) NOT NULL
) ENGINE=InnoDB DEFAULT CHARSET=utf8 COLLATE=utf8_spanish2_ci;

--
-- Volcado de datos para la tabla `estacion`
--

INSERT INTO `estacion` (`id`, `tipo`, `identificador`, `no_personal`, `marca`, `color`, `ubicacion`, `disponible`, `activo`) VALUES
(1, 1, 'Camion Lorem Ipsum', 5393, 'df566', 'azul', 'sdsxzz', 2, 1),
(2, 2, '14AD-56', 12, '12', '21', '21', 1, 1),
(3, 1, 'IDFG/89-9', 10, 'LOREM', 'Negro', '1', 2, 1),
(4, 1, 'Camion ABC-45-JG', 10, 'Toyota', 'Blanca', 'Lorem Ipsum', 2, 1),
(5, 1, 'Prueba aplicacin movil', 15, 'Toyota', 'Blanco', 'Back', 2, 1),
(6, 1, 'Camion de transporte', 10, 'Toyota', 'Blanco', 'Lorem Ipsum', 1, 1);

-- --------------------------------------------------------

--
-- Estructura de tabla para la tabla `pedidos`
--

CREATE TABLE `pedidos` (
  `id` int(11) NOT NULL,
  `id_solicitud` int(11) NOT NULL,
  `id_especie` int(11) NOT NULL,
  `id_cepa` int(11) NOT NULL,
  `id_direccion` int(11) NOT NULL,
  `tanques` int(1) NOT NULL,
  `cantidad` int(11) NOT NULL
) ENGINE=InnoDB DEFAULT CHARSET=utf8;

--
-- Volcado de datos para la tabla `pedidos`
--

INSERT INTO `pedidos` (`id`, `id_solicitud`, `id_especie`, `id_cepa`, `id_direccion`, `tanques`, `cantidad`) VALUES
(8, 61, 6, 4, 6, 1, 25);

-- --------------------------------------------------------

--
-- Estructura de tabla para la tabla `personal`
--

CREATE TABLE `personal` (
  `id` int(11) NOT NULL,
  `nombre` varchar(50) CHARACTER SET utf8 COLLATE utf8_spanish2_ci NOT NULL,
  `apellido` varchar(50) CHARACTER SET utf8 COLLATE utf8_spanish2_ci NOT NULL,
  `tel` varchar(12) CHARACTER SET utf8 COLLATE utf8_spanish2_ci NOT NULL,
  `rfc` varchar(15) CHARACTER SET utf8 COLLATE utf8_spanish2_ci NOT NULL,
  `domicilio` varchar(150) CHARACTER SET utf8 COLLATE utf8_spanish2_ci NOT NULL,
  `id_rol` int(11) NOT NULL,
  `correo` varchar(100) CHARACTER SET utf8 COLLATE utf8_spanish2_ci NOT NULL,
  `puesto` varchar(100) CHARACTER SET utf8 COLLATE utf8_spanish2_ci NOT NULL
) ENGINE=InnoDB DEFAULT CHARSET=latin1;

--
-- Volcado de datos para la tabla `personal`
--

INSERT INTO `personal` (`id`, `nombre`, `apellido`, `tel`, `rfc`, `domicilio`, `id_rol`, `correo`, `puesto`) VALUES
(1, 'Leonardo', 'Gamboa', '1778787', '65465654', '18 18 18 18 18 17', 1, 'a@a.a', 'Ing'),
(2, 'Rodolfo', 'Robles', '646 123 4567', 'romr123456789', 'CICESE ENSENADA', 3, 'rrobles@cicese.mx', 'Conductor'),
(3, 'Miguel', 'Angelo', '646 1239876', 'AMI098765432', 'Ensenada', 2, 'ma@tecnico.ce', 'Técnico'),
(4, 'Donna', 'Tello', '646 1928374', 'TED210412AV', 'Ensenada', 2, 'donna@tello.bl', 'Bióloga'),
(6, 'Personal', 'Permisos', '12', '12', '21', 15, 'a@a.a', 'Ing'),
(7, 'Usuario', 'Android', '646 123 4567', 'AUSR122334', 'Ensenada', 2, 'user@email.smb', 'Técnico Químico');

-- --------------------------------------------------------

--
-- Estructura de tabla para la tabla `registro`
--

CREATE TABLE `registro` (
  `id` int(11) NOT NULL,
  `id_tanque` int(11) NOT NULL,
  `id_viaje` int(11) NOT NULL,
  `id_estacion` int(11) NOT NULL,
  `fecha` date NOT NULL,
  `hora` time NOT NULL,
  `temp` float(5,2) NOT NULL,
  `ph` float(5,2) NOT NULL,
  `ox` float(5,2) NOT NULL,
  `cond` float(5,2) NOT NULL,
  `orp` float(5,2) NOT NULL
) ENGINE=InnoDB DEFAULT CHARSET=utf8 COLLATE=utf8_spanish2_ci;

-- --------------------------------------------------------

--
-- Estructura de tabla para la tabla `roles`
--

CREATE TABLE `roles` (
  `id` int(11) NOT NULL,
  `nombre_rol` varchar(50) CHARACTER SET utf8 COLLATE utf8_spanish2_ci NOT NULL,
  `activo` tinyint(1) NOT NULL
) ENGINE=InnoDB DEFAULT CHARSET=latin1;

--
-- Volcado de datos para la tabla `roles`
--

INSERT INTO `roles` (`id`, `nombre_rol`, `activo`) VALUES
(1, 'Chofer', 1),
(2, 'Técnico', 1),
(3, 'Bíologo', 1),
(6, 'Tecnico cepas', 1),
(8, 'Todos', 1),
(9, 'Prueba 2', 1),
(10, 'Prueba presentacion', 1),
(11, 'superusuario', 1),
(12, 'Prueba', 1),
(15, 'Rol prueba permisos', 1);

-- --------------------------------------------------------

--
-- Estructura de tabla para la tabla `roles_permisos`
--

CREATE TABLE `roles_permisos` (
  `id` int(11) NOT NULL,
  `id_rol` int(11) NOT NULL,
  `seccion` int(11) NOT NULL,
  `alta` tinyint(1) NOT NULL,
  `baja` tinyint(1) NOT NULL,
  `consulta` tinyint(1) NOT NULL,
  `edicion` tinyint(1) NOT NULL
) ENGINE=InnoDB DEFAULT CHARSET=latin1;

--
-- Volcado de datos para la tabla `roles_permisos`
--

INSERT INTO `roles_permisos` (`id`, `id_rol`, `seccion`, `alta`, `baja`, `consulta`, `edicion`) VALUES
(1, 1, 1, 1, 1, 1, 0),
(2, 1, 2, 0, 1, 0, 0),
(3, 1, 3, 0, 1, 1, 0),
(4, 1, 4, 0, 0, 1, 0),
(5, 1, 5, 0, 0, 0, 1),
(6, 1, 6, 0, 0, 1, 1),
(7, 1, 7, 0, 1, 1, 0),
(8, 1, 8, 0, 1, 0, 1),
(9, 1, 9, 0, 0, 1, 1),
(10, 6, 1, 0, 0, 0, 1),
(11, 6, 2, 1, 0, 1, 0),
(12, 6, 3, 1, 0, 1, 0),
(13, 6, 4, 1, 1, 1, 1),
(14, 6, 5, 0, 0, 1, 0),
(15, 6, 6, 0, 0, 1, 1),
(16, 6, 7, 0, 1, 1, 0),
(17, 6, 8, 0, 0, 1, 0),
(18, 6, 9, 1, 0, 1, 0),
(28, 8, 1, 1, 1, 1, 1),
(29, 8, 2, 1, 1, 1, 1),
(30, 8, 3, 1, 1, 1, 1),
(31, 8, 4, 1, 1, 1, 1),
(32, 8, 5, 1, 1, 1, 1),
(33, 8, 6, 1, 1, 1, 1),
(34, 8, 7, 1, 1, 1, 1),
(35, 8, 8, 1, 1, 1, 1),
(36, 8, 9, 1, 1, 1, 1),
(37, 9, 1, 0, 0, 0, 0),
(38, 9, 2, 0, 0, 0, 0),
(39, 9, 3, 0, 0, 0, 0),
(40, 9, 4, 0, 0, 0, 0),
(41, 9, 5, 0, 0, 0, 0),
(42, 9, 6, 0, 0, 0, 0),
(43, 9, 7, 0, 0, 0, 0),
(44, 9, 8, 0, 0, 0, 0),
(45, 9, 9, 1, 1, 1, 1),
(46, 11, 1, 1, 1, 1, 1),
(47, 11, 2, 1, 1, 1, 1),
(48, 11, 3, 1, 1, 1, 1),
(49, 11, 4, 1, 1, 1, 1),
(50, 11, 5, 1, 1, 1, 1),
(51, 11, 6, 1, 1, 1, 1),
(52, 11, 7, 1, 1, 1, 1),
(53, 11, 8, 1, 1, 1, 1),
(54, 11, 9, 1, 1, 1, 1),
(55, 12, 1, 1, 1, 1, 1),
(56, 12, 2, 0, 0, 0, 0),
(57, 12, 3, 0, 0, 0, 0),
(58, 12, 4, 0, 0, 0, 0),
(59, 12, 5, 0, 0, 0, 0),
(60, 12, 6, 0, 0, 0, 0),
(61, 12, 7, 1, 1, 1, 1),
(62, 12, 8, 0, 0, 0, 0),
(63, 12, 9, 1, 1, 1, 1),
(64, 15, 1, 1, 1, 1, 1),
(65, 15, 2, 0, 0, 0, 0),
(66, 15, 3, 1, 1, 1, 1),
(67, 15, 4, 0, 0, 0, 0),
(68, 15, 5, 1, 1, 1, 1),
(69, 15, 6, 0, 0, 0, 0),
(70, 15, 7, 1, 1, 1, 1),
(71, 15, 8, 0, 0, 0, 0),
(72, 15, 9, 1, 1, 1, 1);

-- --------------------------------------------------------

--
-- Estructura de tabla para la tabla `solicitudes`
--

CREATE TABLE `solicitudes` (
  `id` int(11) NOT NULL,
  `id_clientes` int(11) NOT NULL,
  `codigo` varchar(50) NOT NULL,
  `fecha_alta` date DEFAULT NULL,
  `hora_alta` time DEFAULT NULL,
  `fecha_estimada` date DEFAULT NULL,
  `hora_estimada` time DEFAULT NULL,
  `fecha_entrega` date DEFAULT NULL,
  `hora_entrega` time DEFAULT NULL,
  `notas` varchar(100) CHARACTER SET utf8 COLLATE utf8_spanish2_ci DEFAULT NULL
) ENGINE=InnoDB DEFAULT CHARSET=latin1;

--
-- Volcado de datos para la tabla `solicitudes`
--

INSERT INTO `solicitudes` (`id`, `id_clientes`, `codigo`, `fecha_alta`, `hora_alta`, `fecha_estimada`, `hora_estimada`, `fecha_entrega`, `hora_entrega`, `notas`) VALUES
(25, 1, 'pe201606290236', '2016-06-29', '02:36:00', '2016-06-29', '17:00:00', NULL, NULL, NULL),
(27, 8, 'Em201606290254', '2016-06-29', '02:54:00', '2016-09-08', '12:00:00', NULL, NULL, NULL),
(29, 5, 'Dr201606290309', '2016-06-29', '03:09:00', '2016-06-29', '07:00:00', NULL, NULL, NULL),
(43, 1, 'pe201606301138', '2016-06-30', '11:38:00', '2016-06-29', '17:00:00', NULL, NULL, 'Notas de prueba'),
(44, 8, 'Em201606301200', '2016-06-30', '12:00:00', '2016-06-29', '17:00:00', NULL, NULL, 'Prueba 2'),
(46, 3, 'El201607071227', '2016-07-07', '12:27:00', '2016-09-08', '12:00:00', NULL, NULL, 'Notas'),
(48, 5, 'Dr201607061214', '2016-07-06', '12:14:00', '2016-07-06', '20:00:00', NULL, NULL, 'Nota'),
(49, 7, 'ar201607061215', '2016-07-06', '12:15:00', '2016-07-06', '20:00:00', NULL, NULL, 'Nota'),
(61, 1, 'En proceso', '2016-07-08', '10:29:00', NULL, NULL, NULL, NULL, 'Nota #34');

-- --------------------------------------------------------

--
-- Estructura de tabla para la tabla `solicitudes_viaje`
--

CREATE TABLE `solicitudes_viaje` (
  `id` int(11) NOT NULL,
  `id_personal` int(11) NOT NULL,
  `id_viaje` int(11) NOT NULL,
  `id_solicitud` int(11) NOT NULL
) ENGINE=InnoDB DEFAULT CHARSET=latin1;

--
-- Volcado de datos para la tabla `solicitudes_viaje`
--

INSERT INTO `solicitudes_viaje` (`id`, `id_personal`, `id_viaje`, `id_solicitud`) VALUES
(43, 3, 26, 25),
(44, 1, 26, 25),
(45, 4, 27, 27),
(46, 1, 27, 27),
(49, 3, 29, 29),
(50, 1, 29, 29),
(52, 0, 26, 43),
(53, 0, 26, 44),
(54, 4, 30, 48),
(55, 1, 30, 48),
(56, 0, 30, 49),
(57, 0, 27, 46);

-- --------------------------------------------------------

--
-- Estructura de tabla para la tabla `solicitud_tanques`
--

CREATE TABLE `solicitud_tanques` (
  `id` int(11) NOT NULL,
  `id_solicitud` int(11) NOT NULL,
  `id_tanque` int(11) NOT NULL,
  `id_domicilio` int(11) NOT NULL,
  `id_cepas` int(11) NOT NULL,
  `cantidad_cepas` int(8) NOT NULL
) ENGINE=InnoDB DEFAULT CHARSET=utf8 COLLATE=utf8_spanish2_ci;

--
-- Volcado de datos para la tabla `solicitud_tanques`
--

INSERT INTO `solicitud_tanques` (`id`, `id_solicitud`, `id_tanque`, `id_domicilio`, `id_cepas`, `cantidad_cepas`) VALUES
(24, 25, 16, 6, 6, 50),
(25, 25, 17, 6, 6, 50),
(26, 25, 18, 6, 4, 50),
(27, 25, 19, 6, 4, 50),
(28, 27, 1, 2, 4, 100),
(31, 29, 25, 9, 4, 100),
(34, 43, 20, 6, 4, 50),
(35, 43, 21, 7, 4, 50),
(36, 44, 22, 2, 4, 50),
(37, 48, 28, 9, 4, 50),
(38, 49, 29, 13, 6, 50),
(39, 46, 9, 10, 4, 25),
(40, 46, 2, 10, 4, 25),
(41, 46, 10, 10, 4, 25);

-- --------------------------------------------------------

--
-- Estructura de tabla para la tabla `tanque`
--

CREATE TABLE `tanque` (
  `id` int(11) NOT NULL,
  `id_estacion` int(11) NOT NULL,
  `capacidad` int(11) NOT NULL,
  `nombre` varchar(50) CHARACTER SET utf8 COLLATE utf8_spanish2_ci NOT NULL,
  `status` tinyint(1) NOT NULL,
  `activo` tinyint(1) NOT NULL
) ENGINE=InnoDB DEFAULT CHARSET=latin1;

--
-- Volcado de datos para la tabla `tanque`
--

INSERT INTO `tanque` (`id`, `id_estacion`, `capacidad`, `nombre`, `status`, `activo`) VALUES
(1, 1, 250, 'Tanque #1', 2, 1),
(2, 1, 500, 'LKP-95/A', 2, 1),
(9, 1, 500, 'BD-4', 2, 1),
(10, 1, 1500, 'XW-1', 2, 1),
(15, 1, 2500, '4512/CBJ', 1, 1),
(16, 3, 500, 'Tanque 3-A', 2, 1),
(17, 3, 500, 'Tanque 3-B', 2, 1),
(18, 3, 500, 'Tanque 3-C', 2, 1),
(19, 3, 500, 'Tanque 3-D', 2, 1),
(20, 3, 500, 'Tanque 3-E', 2, 1),
(21, 3, 500, 'Tanque 3-F', 2, 1),
(22, 3, 500, 'Tanque 3-G', 2, 1),
(23, 3, 500, 'Tanque 3-H', 1, 1),
(24, 1, 750, 'HGJ/85', 1, 1),
(25, 4, 1000, 'T#1', 2, 1),
(26, 4, 250, 'T#2', 2, 1),
(27, 4, 500, 'T#3', 2, 1),
(28, 5, 500, 'Tanque No. 1', 2, 1),
(29, 5, 250, 'Tanque No. 2', 2, 1),
(30, 5, 300, 'Tanque No. 3', 1, 1),
(31, 5, 750, 'tanque No. 4', 1, 1),
(32, 6, 500, 'A-1', 1, 1),
(33, 6, 500, 'A-2', 1, 1),
(34, 6, 500, 'A-3', 1, 1),
(35, 6, 500, 'A-4', 1, 1),
(36, 6, 500, 'A-5', 1, 1),
(37, 6, 500, 'A-6', 1, 1),
(38, 6, 500, 'A-7', 1, 1),
(39, 6, 500, 'A-8', 1, 1);

-- --------------------------------------------------------

--
-- Estructura de tabla para la tabla `uploadTemp`
--

CREATE TABLE `uploadTemp` (
  `id` int(11) NOT NULL,
  `id_tanque` int(11) NOT NULL,
  `id_escalon_viaje_ubicacion` int(11) NOT NULL,
  `ct` int(2) NOT NULL DEFAULT '0',
  `ox` float NOT NULL DEFAULT '0',
  `ph` float NOT NULL DEFAULT '0',
  `temp` float NOT NULL DEFAULT '0',
  `cond` float NOT NULL DEFAULT '0',
  `od` float NOT NULL DEFAULT '0',
  `orp` float NOT NULL DEFAULT '0',
  `alerta` int(11) NOT NULL DEFAULT '0'
) ENGINE=InnoDB DEFAULT CHARSET=utf8;

--
-- Volcado de datos para la tabla `uploadTemp`
--

INSERT INTO `uploadTemp` (`id`, `id_tanque`, `id_escalon_viaje_ubicacion`, `ct`, `ox`, `ph`, `temp`, `cond`, `od`, `orp`, `alerta`) VALUES
(1, 16, 1, 2, 257.3, 7, 179.78, 1.25, 17, 0, 3),
(2, 17, 1, 2, 257.5, 7, 193.79, 1.25, 17, 0, 0),
(3, 18, 1, 2, 257.4, 7, 197.48, 1.25, 17, 0, 2),
(4, 19, 1, 2, 257.4, 7, 196.49, 1.25, 17, 0, 0),
(5, 20, 1, 2, 257.4, 7, 176.59, 1.25, 17, 0, 3),
(6, 21, 1, 2, 258.2, 7, 220.33, 1.25, 17, 20, 0),
(7, 22, 1, 2, 258.2, 7, 223.77, 1.25, 17, 20, 0),
(8, 16, 2, 2, 258.2, 6.5, 223.28, 1.25, 15, 5, 2),
(9, 17, 2, 2, 258.5, 6.5, 221.32, 1.25, 15, 8, 2),
(10, 18, 2, 2, 258.6, 6.5, 203.87, 1.25, 15, 4, 2),
(11, 19, 2, 2, 257.2, 6.5, 179.12, 1.2, 15, 1, 0),
(12, 20, 2, 2, 257.2, 6.5, 179.12, 1.2, 15, 1.023, 3),
(13, 21, 2, 2, 257.2, 6.5, 179.12, 1.2, 15, 36.254, 0),
(14, 22, 2, 2, 257.2, 6.5, 179.12, 1.2, 15, 0.0002, 0),
(37, 28, 42, 1, 0, 4.215, 22.5, 0, 115.01, 0, 0),
(38, 28, 43, 1, 0, 4.215, 22.5, 0, 0, 0, 0),
(39, 28, 44, 1, 0, 4.215, 22.5, 0, 0, 0, 0),
(40, 28, 45, 1, 0, 4.213, 22.25, 0, 0, 0, 0),
(41, 28, 46, 1, 0, 4.213, 22.5, 0, 0, 0, 0),
(42, 28, 47, 1, 0, 4.212, 22.5, 0, 0, 0, 0),
(43, 28, 48, 1, 0, 4.219, 22.25, 0, 0, 0, 0),
(44, 28, 49, 1, 0, 4.217, 22.5, 0, 0, 0, 0),
(45, 28, 50, 1, 0, 4.218, 22.5, 0, 0, 0, 0),
(46, 28, 51, 1, 0, 4.219, 22.25, 0, 0, 0, 0),
(47, 28, 52, 1, 0, 4.218, 22.25, 0, 0, 0, 0),
(48, 28, 53, 1, 0, 4.218, 22.25, 0, 0, 0, 0),
(49, 28, 54, 1, 0, 4.216, 22, 0, 0, 0, 0),
(50, 28, 55, 1, 0, 4.216, 22.25, 0, 0, 0, 0),
(51, 28, 56, 1, 0, 4.216, 22.5, 0, 0, 0, 0),
(52, 28, 57, 1, 0, 4.221, 22.25, 0, 0, 0, 0),
(53, 28, 58, 1, 0, 4.218, 22.5, 0, 0, 0, 0),
(54, 28, 59, 1, 0, 4.217, 22.74, 0, 0, 0, 0),
(55, 28, 60, 1, 0, 4.219, 22.5, 0, 0, 0, 0),
(56, 28, 61, 1, 0, 4.219, 22.5, 0, 0, 0, 0),
(57, 29, 62, 2, 260, 0, 22, 1.2, 0, 0, 0),
(58, 28, 63, 1, 0, 4.217, 22.5, 0, 0, 0, 0),
(59, 29, 64, 2, 260, 0, 22, 1.2, 0, 0, 0),
(60, 28, 65, 1, 0, 4.215, 22.5, 0, 0, 0, 0),
(61, 29, 66, 2, 260, 0, 22, 1.2, 0, 0, 0),
(62, 28, 67, 1, 0, 4.215, 22.5, 0, 0, 0, 0),
(63, 29, 68, 2, 260.2, 0, 223.53, 1.2, 0, 0, 0),
(64, 28, 69, 1, 0, 4.215, 22.5, 0, 0, 0, 0),
(65, 29, 70, 2, 259.9, 0, 229.67, 1.2, 0, 0, 0),
(66, 28, 71, 1, 0, 4.215, 22.5, 0, 0, 0, 0),
(67, 29, 72, 2, 260.1, 0, 230.9, 1.2, 0, 0, 0),
(68, 28, 73, 1, 0, 4.215, 22.5, 0, 0, 0, 0),
(69, 29, 74, 2, 126.3, 0, 226.48, 1.2, 0, 0, 0),
(70, 28, 75, 1, 0, 4.215, 22.5, 0, 0, 0, 0),
(71, 29, 76, 2, 149.5, 0, 207.06, 1.2, 0, 0, 0),
(72, 28, 77, 1, 0, 4.215, 22.5, 0, 0, 0, 0),
(73, 29, 78, 2, 149.5, 0, 207.06, 1.2, 0, 0, 0),
(74, 28, 79, 1, 0, 4.215, 22.5, 0, 0, 0, 0),
(75, 29, 80, 2, 172.9, 0, 22.74, 1.2, 0, 0, 0),
(76, 28, 81, 1, 0, 4.215, 22.5, 0, 0, 0, 0),
(77, 29, 82, 2, 180.1, 0, 206.57, 1.2, 0, 0, 0),
(78, 28, 83, 1, 0, 4.215, 22.5, 0, 0, 0, 0),
(79, 29, 84, 2, 186.3, 0, 128.42, 1.2, 0, 0, 0),
(80, 28, 85, 1, 0, 4.215, 22.5, 0, 0, 0, 0),
(81, 29, 86, 2, 192.2, 0, 22, 1.2, 0, 0, 0),
(82, 28, 87, 1, 0, 4.215, 22.5, 0, 0, 0, 0),
(83, 29, 88, 2, 196.5, 0, 227.7, 1.2, 0, 0, 0),
(84, 28, 89, 1, 0, 4.215, 22.5, 0, 0, 0, 0),
(85, 29, 90, 2, 200.1, 0, 161.1, 1.2, 0, 0, 0),
(86, 28, 91, 1, 0, 4.215, 22.5, 0, 0, 0, 0),
(87, 29, 92, 2, 203.5, 0, 142.18, 1.2, 0, 0, 0),
(88, 28, 93, 1, 0, 4.215, 22.5, 0, 0, 0, 0),
(89, 29, 94, 2, 206.5, 0, 207.55, 1.2, 0, 0, 0),
(90, 28, 95, 1, 0, 4.215, 22.5, 0, 0, 0, 0),
(91, 29, 96, 2, 209.4, 0, 229.92, 1.2, 0, 0, 0),
(92, 28, 97, 1, 0, 4.215, 22.5, 0, 0, 0, 0),
(93, 29, 98, 2, 209.4, 0, 229.92, 1.2, 0, 0, 0),
(94, 28, 99, 1, 0, 4.215, 22.5, 0, 0, 0, 0),
(95, 29, 100, 2, 214.2, 0, 22.5, 1.2, 0, 0, 0),
(96, 28, 101, 1, 0, 4.215, 22.5, 0, 0, 0, 0),
(97, 29, 102, 2, 214.2, 0, 22.5, 1.2, 0, 0, 0),
(98, 28, 103, 1, 0, 4.215, 22.5, 0, 0, 0, 0),
(99, 29, 104, 2, 216.3, 0, 206.57, 1.2, 0, 0, 0),
(100, 28, 105, 1, 0, 4.872, 22, 0, 0, 0, 0),
(101, 29, 106, 2, 216.3, 0, 206.57, 1.2, 0, 0, 0),
(102, 28, 107, 1, 0, 4.872, 22, 0, 0, 0, 0),
(103, 29, 108, 2, 218.2, 0, 22.5, 1.2, 0, 0, 0),
(104, 28, 109, 1, 0, 4.872, 22, 0, 0, 0, 0),
(105, 29, 110, 2, 218.2, 0, 22.5, 1.2, 0, 0, 0),
(106, 28, 111, 1, 0, 4.647, 22.25, 0, 0, 0, 0),
(107, 29, 112, 2, 220, 0, 228.44, 1.2, 0, 0, 0),
(108, 28, 113, 1, 0, 4.647, 22.25, 0, 0, 0, 0),
(109, 29, 114, 2, 220, 0, 228.44, 1.2, 0, 0, 0),
(110, 28, 115, 1, 0, 4.523, 22.5, 0, 0, 0, 0),
(111, 29, 116, 2, 221.7, 0, 158.15, 1.2, 0, 0, 0),
(112, 28, 117, 1, 0, 4.523, 22.5, 0, 0, 0, 0),
(113, 29, 118, 2, 224.5, 0, 229.92, 1.2, 0, 0, 0),
(114, 28, 119, 1, 0, 4.523, 22.5, 0, 0, 0, 0),
(115, 29, 120, 2, 225.9, 0, 194.28, 1.2, 0, 0, 0),
(116, 28, 121, 1, 0, 4.332, 22.25, 0, 0, 0, 0),
(117, 29, 122, 2, 225.9, 0, 194.28, 1.2, 0, 0, 0),
(118, 28, 123, 1, 0, 4.332, 22.25, 0, 0, 0, 0),
(119, 29, 124, 2, 227.3, 0, 22.25, 1.2, 0, 0, 0),
(120, 28, 125, 1, 0, 4.332, 22.25, 0, 0, 0, 0),
(121, 29, 126, 2, 227.3, 0, 22.25, 1.2, 0, 0, 0),
(122, 28, 127, 1, 0, 4.3, 22.5, 0, 0, 0, 0),
(123, 29, 128, 2, 228.4, 0, 203.87, 1.2, 0, 0, 0),
(124, 28, 129, 1, 0, 4.3, 22.5, 0, 0, 0, 0),
(125, 29, 130, 2, 229.8, 0, 19.55, 1.2, 0, 0, 0),
(126, 28, 131, 1, 0, 4.284, 22.25, 0, 0, 0, 0),
(127, 29, 132, 2, 229.8, 0, 19.55, 1.2, 0, 0, 0),
(128, 28, 133, 1, 0, 4.284, 22.25, 0, 0, 0, 0),
(129, 29, 134, 2, 230.7, 0, 200.92, 1.2, 0, 0, 0),
(130, 28, 135, 1, 0, 4.276, 22.25, 0, 0, 0, 0),
(131, 29, 136, 2, 230.7, 0, 200.92, 1.2, 0, 0, 0),
(132, 28, 137, 1, 0, 4.276, 22.25, 0, 0, 0, 0),
(133, 29, 138, 2, 231.8, 0, 23.97, 1.2, 0, 0, 0),
(134, 28, 139, 1, 0, 4.276, 22.25, 0, 0, 0, 0),
(135, 29, 140, 2, 232.9, 0, 224.26, 1.2, 0, 0, 0),
(136, 28, 141, 1, 0, 4.276, 22.25, 0, 0, 0, 0),
(137, 29, 142, 2, 232.9, 0, 224.26, 1.2, 0, 0, 0),
(138, 28, 143, 1, 0, 4.276, 22.25, 0, 0, 0, 0),
(139, 29, 144, 2, 234, 0, 207.06, 1.2, 0, 0, 0),
(140, 28, 145, 1, 0, 4.276, 22.25, 0, 0, 0, 0),
(141, 29, 146, 2, 235.6, 0, 228.93, 1.2, 0, 0, 0),
(142, 28, 147, 1, 0, 4.276, 22.25, 0, 0, 0, 0),
(143, 29, 148, 2, 235.6, 0, 228.93, 1.2, 0, 0, 0),
(144, 29, 149, 2, 235.6, 0, 228.93, 1.2, 0, 0, 0),
(145, 29, 150, 2, 235.6, 0, 228.93, 1.2, 0, 0, 0),
(146, 28, 151, 1, 0, 4.276, 22.25, 0, 0, 0, 0),
(147, 29, 152, 2, 260.1, 0, 203.37, 1.21, 0, 0, 0),
(148, 28, 153, 1, 0, 4.224, 22.74, 0, 0, 0, 0),
(149, 29, 154, 2, 260.1, 0, 203.37, 1.21, 0, 0, 0),
(150, 28, 155, 1, 0, 4.224, 22.74, 0, 0, 0, 0),
(151, 29, 156, 2, 260.2, 0, 20.77, 1.21, 0, 0, 0),
(152, 28, 157, 1, 0, 4.225, 22.74, 0, 0, 0, 0),
(153, 29, 158, 2, 260.2, 0, 20.77, 1.21, 0, 0, 0),
(154, 28, 159, 1, 0, 4.225, 22.74, 0, 0, 0, 0),
(155, 29, 160, 2, 260, 0, 202.64, 1.21, 0, 0, 0),
(156, 28, 161, 1, 0, 4.225, 22.74, 0, 0, 0, 0),
(157, 29, 162, 2, 260.1, 0, 48.79, 1.21, 0, 0, 0),
(158, 28, 163, 1, 0, 4.228, 22.5, 0, 0, 0, 0),
(159, 29, 164, 2, 260.1, 0, 48.79, 1.21, 0, 0, 0),
(160, 28, 165, 1, 0, 4.228, 22.5, 0, 0, 0, 0),
(161, 29, 166, 2, 259.7, 0, 218.37, 1.21, 0, 0, 0),
(162, 28, 167, 1, 0, 4.223, 22.74, 0, 0, 0, 0),
(163, 29, 168, 2, 259.7, 0, 218.37, 1.21, 0, 0, 0),
(164, 28, 169, 1, 0, 4.223, 22.74, 0, 0, 0, 0),
(165, 29, 170, 2, 260, 0, 202.64, 1.21, 0, 0, 0),
(166, 28, 171, 1, 0, 4.223, 22.74, 0, 0, 0, 0),
(167, 29, 172, 2, 260, 0, 21.76, 1.21, 0, 0, 0),
(168, 28, 173, 1, 0, 4.222, 22.74, 0, 0, 0, 0),
(169, 29, 174, 2, 260, 0, 21.76, 1.21, 0, 0, 0),
(170, 28, 175, 1, 0, 4.223, 22.5, 0, 0, 0, 0),
(171, 29, 176, 2, 260, 0, 21.76, 1.21, 0, 0, 0),
(172, 29, 177, 2, 235.6, 0, 228.93, 1.2, 0, 0, 0),
(173, 28, 178, 1, 0, 4.202, 23.72, 0, 0, 0, 0),
(174, 29, 179, 2, 259.9, 0, 219.1, 1.24, 0, 0, 0),
(175, 28, 180, 1, 0, 4.202, 23.72, 0, 0, 0, 0),
(176, 29, 181, 2, 260, 0, 205.09, 1.23, 0, 0, 0),
(177, 28, 182, 1, 0, 4.202, 23.72, 0, 0, 0, 0),
(178, 29, 183, 2, 260, 0, 196.25, 1.23, 0, 0, 0),
(179, 28, 184, 1, 0, 4.199, 23.48, 0, 0, 0, 0),
(180, 29, 185, 2, 260, 0, 196.25, 1.23, 0, 0, 0),
(181, 28, 186, 1, 0, 4.201, 23.48, 0, 0, 0, 0),
(182, 29, 187, 2, 260, 0, 196.25, 1.23, 0, 0, 0),
(183, 28, 188, 1, 0, 4.201, 23.48, 0, 0, 0, 0),
(184, 29, 189, 2, 260.2, 0, 207.31, 1.23, 0, 0, 0),
(185, 28, 190, 1, 0, 4.202, 23.48, 0, 0, 0, 0),
(186, 29, 191, 2, 260.2, 0, 207.31, 1.23, 0, 0, 0),
(187, 28, 192, 1, 0, 4.202, 23.48, 0, 0, 0, 0),
(188, 29, 193, 2, 260.2, 0, 214.43, 1.23, 0, 0, 0),
(189, 28, 194, 1, 0, 4.202, 23.48, 0, 0, 0, 0),
(190, 29, 195, 2, 260.2, 0, 218.86, 1.23, 0, 0, 0),
(191, 28, 196, 1, 0, 4.2, 23.48, 0, 0, 0, 0),
(192, 29, 197, 2, 260.2, 0, 218.86, 1.23, 0, 0, 0),
(193, 28, 198, 1, 0, 4.2, 23.48, 0, 0, 0, 0),
(194, 29, 199, 2, 260.2, 0, 213.2, 1.23, 0, 0, 0),
(195, 28, 200, 1, 0, 4.2, 23.48, 0, 0, 0, 0),
(196, 29, 201, 2, 260, 0, 212.22, 1.23, 0, 0, 0),
(197, 28, 202, 1, 0, 4.2, 23.23, 0, 0, 0, 0),
(198, 29, 203, 2, 260, 0, 212.22, 1.23, 0, 0, 0),
(199, 28, 204, 1, 0, 4.2, 23.23, 0, 0, 0, 0),
(200, 29, 205, 2, 260, 0, 210.99, 1.23, 0, 0, 0),
(201, 28, 206, 1, 0, 4.2, 23.23, 0, 0, 0, 0),
(202, 29, 207, 2, 260.2, 0, 210.01, 1.23, 0, 0, 0),
(203, 28, 208, 1, 0, 4.201, 23.23, 0, 0, 0, 0),
(204, 29, 209, 2, 260.2, 0, 210.01, 1.23, 0, 0, 0),
(205, 28, 210, 1, 0, 4.201, 23.23, 0, 0, 0, 0),
(206, 29, 211, 2, 260.1, 0, 205.34, 1.23, 0, 0, 0),
(207, 28, 212, 1, 0, 4.2, 23.72, 0, 0, 0, 0),
(208, 29, 213, 2, 260.2, 0, 187.65, 1.23, 0, 0, 0),
(209, 28, 214, 1, 0, 4.2, 23.72, 0, 0, 0, 0),
(210, 29, 215, 2, 260.2, 0, 187.65, 1.23, 0, 0, 0),
(211, 28, 216, 1, 0, 4.2, 23.72, 0, 0, 0, 0),
(212, 29, 217, 2, 260.2, 0, 187.65, 1.23, 0, 0, 0),
(213, 28, 218, 1, 0, 4.2, 23.72, 0, 0, 0, 0),
(214, 29, 219, 2, 260.2, 0, 187.65, 1.23, 0, 0, 0),
(215, 28, 220, 1, 0, 4.2, 23.72, 0, 0, 0, 0),
(216, 29, 221, 2, 260.2, 0, 187.65, 1.23, 0, 0, 0),
(217, 28, 222, 1, 0, 4.203, 22.99, 0, 0, 0, 0),
(218, 29, 223, 2, 260.2, 0, 187.65, 1.23, 0, 0, 0),
(219, 28, 224, 1, 0, 4.2, 23.23, 0, 0, 0, 0),
(220, 29, 225, 2, 260.2, 0, 187.65, 1.23, 0, 0, 0),
(221, 28, 226, 1, 0, 4.199, 23.23, 0, 0, 0, 0),
(222, 29, 227, 2, 260.2, 0, 187.65, 1.23, 0, 0, 0),
(223, 28, 228, 1, 0, 4.199, 23.23, 0, 0, 0, 0),
(224, 29, 229, 2, 260.4, 0, 108.76, 1.23, 0, 0, 0),
(225, 28, 230, 1, 0, 4.199, 23.23, 0, 0, 0, 0),
(226, 29, 231, 2, 260.4, 0, 108.76, 1.23, 0, 0, 0),
(227, 28, 232, 1, 0, 4.199, 23.23, 0, 0, 0, 0),
(228, 29, 233, 2, 260.4, 0, 108.76, 1.23, 0, 0, 0),
(229, 28, 234, 1, 0, 4.199, 23.23, 0, 0, 0, 0),
(230, 29, 235, 2, 260.4, 0, 204.11, 1.23, 0, 0, 0),
(231, 28, 236, 1, 0, 4.199, 22.99, 0, 0, 0, 0),
(232, 29, 237, 2, 260.4, 0, 204.11, 1.23, 0, 0, 0),
(233, 28, 238, 1, 0, 4.199, 22.99, 0, 0, 0, 0),
(234, 29, 239, 2, 260.6, 0, 190.84, 1.23, 0, 0, 0),
(235, 28, 240, 1, 0, 4.202, 22.99, 0, 0, 0, 0),
(236, 29, 241, 2, 260.6, 0, 190.84, 1.23, 0, 0, 0),
(237, 28, 242, 1, 0, 4.202, 22.99, 0, 0, 0, 0),
(238, 29, 243, 2, 260.4, 0, 185.93, 1.23, 0, 0, 0),
(239, 28, 244, 1, 0, 4.203, 23.23, 0, 0, 0, 0),
(240, 29, 245, 2, 260.4, 0, 185.93, 1.23, 0, 0, 0),
(241, 28, 246, 1, 0, 4.203, 23.23, 0, 0, 0, 0),
(242, 29, 247, 2, 260.5, 0, 177.08, 1.23, 0, 0, 0),
(243, 28, 248, 1, 0, 4.205, 23.48, 0, 0, 0, 0),
(244, 29, 249, 2, 260.5, 0, 177.08, 1.23, 0, 0, 0),
(245, 28, 250, 1, 0, 4.205, 23.48, 0, 0, 0, 0),
(246, 29, 251, 2, 260.4, 0, 24.22, 1.23, 0, 0, 0),
(247, 28, 252, 1, 0, 4.202, 23.23, 0, 0, 0, 0),
(248, 29, 253, 2, 260.4, 0, 24.22, 1.23, 0, 0, 0),
(249, 28, 254, 1, 0, 4.202, 23.23, 0, 0, 0, 0),
(250, 29, 255, 2, 260.5, 0, 181.99, 1.23, 0, 0, 0),
(251, 28, 256, 1, 0, 4.203, 23.23, 0, 0, 0, 0),
(252, 29, 257, 2, 260.5, 0, 181.99, 1.23, 0, 0, 0),
(253, 28, 258, 1, 0, 4.202, 23.23, 0, 0, 0, 0),
(254, 29, 259, 2, 260.5, 0, 181.99, 1.23, 0, 0, 0),
(255, 28, 260, 1, 0, 4.202, 23.23, 0, 0, 0, 0),
(256, 29, 261, 2, 260.2, 0, 182.73, 1.23, 0, 0, 0),
(257, 28, 262, 1, 0, 4.202, 22.99, 0, 0, 0, 0),
(258, 29, 263, 2, 260.2, 0, 182.73, 1.23, 0, 0, 0),
(259, 28, 264, 1, 0, 4.202, 22.99, 0, 0, 0, 0),
(260, 29, 265, 2, 260.4, 0, 179.29, 1.23, 0, 0, 0),
(261, 28, 266, 1, 0, 4.2, 23.23, 0, 0, 0, 0),
(262, 29, 267, 2, 260.4, 0, 179.29, 1.23, 0, 0, 0),
(263, 28, 268, 1, 0, 4.2, 23.23, 0, 0, 0, 0),
(264, 29, 269, 2, 260.4, 0, 175.11, 1.23, 0, 0, 0),
(265, 28, 270, 1, 0, 4.201, 23.23, 0, 0, 0, 0),
(266, 29, 271, 2, 260.4, 0, 175.11, 1.23, 0, 0, 0),
(267, 28, 272, 1, 0, 4.203, 22.99, 0, 0, 0, 0),
(268, 29, 273, 2, 260.4, 0, 175.11, 1.23, 0, 0, 0),
(269, 28, 274, 1, 0, 4.203, 22.99, 0, 0, 0, 0),
(270, 29, 275, 2, 260.3, 0, 178.31, 1.23, 0, 0, 0),
(271, 28, 276, 1, 0, 4.203, 23.23, 0, 0, 0, 0),
(272, 29, 277, 2, 260.3, 0, 178.31, 1.23, 0, 0, 0),
(273, 28, 278, 1, 0, 4.203, 23.23, 0, 0, 0, 0),
(274, 29, 279, 2, 260.5, 0, 34.29, 1.23, 0, 0, 0),
(275, 28, 280, 1, 0, 4.205, 23.23, 0, 0, 0, 0),
(276, 29, 281, 2, 260.5, 0, 34.29, 1.23, 0, 0, 0),
(277, 28, 282, 1, 0, 4.205, 23.23, 0, 0, 0, 0),
(278, 29, 283, 2, 260.3, 0, 207.8, 1.23, 0, 0, 0),
(279, 28, 284, 1, 0, 4.205, 22.99, 0, 0, 0, 0),
(280, 29, 285, 2, 260.3, 0, 207.8, 1.23, 0, 0, 0),
(281, 28, 286, 1, 0, 4.205, 22.99, 0, 0, 0, 0),
(282, 29, 287, 2, 260.3, 0, 187.4, 1.23, 0, 0, 0),
(283, 28, 288, 1, 0, 4.205, 22.99, 0, 0, 0, 0),
(284, 29, 289, 2, 260.3, 0, 82.71, 1.23, 0, 0, 0),
(285, 28, 290, 1, 0, 4.204, 23.72, 0, 0, 0, 0),
(286, 29, 291, 2, 260.3, 0, 82.71, 1.23, 0, 0, 0),
(287, 28, 292, 1, 0, 4.204, 23.72, 0, 0, 0, 0),
(288, 29, 293, 2, 260.4, 0, 188.14, 1.23, 0, 0, 0),
(289, 28, 294, 1, 0, 4.206, 23.72, 0, 0, 0, 0),
(290, 29, 295, 2, 260.4, 0, 188.14, 1.23, 0, 0, 0),
(291, 28, 296, 1, 0, 4.206, 23.72, 0, 0, 0, 0),
(292, 29, 297, 2, 260.3, 0, 102.37, 1.23, 0, 0, 0),
(293, 28, 298, 1, 0, 4.204, 22.99, 0, 0, 0, 0),
(294, 29, 299, 2, 260.8, 0, 208.04, 1.23, 0, 0, 0),
(295, 28, 300, 1, 0, 4.203, 23.23, 0, 0, 0, 0),
(296, 29, 301, 2, 260.8, 0, 208.04, 1.23, 0, 0, 0),
(297, 28, 302, 1, 0, 4.203, 23.23, 0, 0, 0, 0),
(298, 29, 303, 2, 260.8, 0, 212.96, 1.23, 0, 0, 0),
(299, 28, 304, 1, 0, 4.204, 23.23, 0, 0, 0, 0),
(300, 29, 305, 2, 260.8, 0, 212.96, 1.23, 0, 0, 0),
(301, 28, 306, 1, 0, 4.204, 23.23, 0, 0, 0, 0),
(302, 29, 307, 2, 260.7, 0, 219.59, 1.23, 0, 0, 0),
(303, 28, 308, 1, 0, 4.203, 23.23, 0, 0, 0, 0),
(304, 29, 309, 2, 260.7, 0, 219.59, 1.23, 0, 0, 0),
(305, 28, 310, 1, 0, 4.203, 23.23, 0, 0, 0, 0),
(306, 29, 311, 2, 260.7, 0, 198.71, 1.23, 0, 0, 0),
(307, 28, 312, 1, 0, 4.202, 23.23, 0, 0, 0, 0),
(308, 29, 313, 2, 260.7, 0, 198.71, 1.23, 0, 0, 0),
(309, 28, 314, 1, 0, 4.202, 23.23, 0, 0, 0, 0),
(310, 29, 315, 2, 260.7, 0, 219.1, 1.23, 0, 0, 0),
(311, 28, 316, 1, 0, 4.2, 23.23, 0, 0, 0, 0),
(312, 29, 317, 2, 260.7, 0, 219.1, 1.23, 0, 0, 0),
(313, 28, 318, 1, 0, 4.2, 23.23, 0, 0, 0, 0),
(314, 29, 319, 2, 260.7, 0, 220.09, 1.23, 0, 0, 0),
(315, 28, 320, 1, 0, 4.2, 23.23, 0, 0, 0, 0),
(316, 29, 321, 2, 260.7, 0, 220.09, 1.23, 0, 0, 0),
(317, 28, 322, 1, 0, 4.2, 23.23, 0, 0, 0, 0),
(318, 29, 323, 2, 260.6, 0, 210.75, 1.23, 0, 0, 0),
(319, 28, 324, 1, 0, 4.205, 22.74, 0, 0, 0, 0),
(320, 29, 325, 2, 260.6, 0, 210.75, 1.23, 0, 0, 0),
(321, 28, 326, 1, 0, 4.205, 22.74, 0, 0, 0, 0),
(322, 29, 327, 2, 260.8, 0, 198.71, 1.23, 0, 0, 0),
(323, 28, 328, 1, 0, 4.206, 23.23, 0, 0, 0, 0),
(324, 29, 329, 2, 260.8, 0, 198.71, 1.23, 0, 0, 0),
(325, 28, 330, 1, 0, 4.206, 23.23, 0, 0, 0, 0),
(326, 29, 331, 2, 260.6, 0, 181.5, 1.23, 0, 0, 0),
(327, 28, 332, 1, 0, 4.202, 23.48, 0, 0, 0, 0),
(328, 29, 333, 2, 260.6, 0, 181.5, 1.23, 0, 0, 0),
(329, 28, 334, 1, 0, 4.202, 23.23, 0, 0, 0, 0),
(330, 29, 335, 2, 260.6, 0, 181.5, 1.23, 0, 0, 0),
(331, 28, 336, 1, 0, 4.202, 23.23, 0, 0, 0, 0),
(332, 29, 337, 2, 260.5, 0, 60.59, 1.23, 0, 0, 0),
(333, 28, 338, 1, 0, 4.203, 22.99, 0, 0, 0, 0),
(334, 29, 339, 2, 260.5, 0, 60.59, 1.23, 0, 0, 0),
(335, 28, 340, 1, 0, 4.203, 22.99, 0, 0, 0, 0),
(336, 29, 341, 2, 260.5, 0, 199.44, 1.23, 0, 0, 0),
(337, 28, 342, 1, 0, 4.203, 22.99, 0, 0, 0, 0),
(338, 29, 343, 2, 260.7, 0, 193.3, 1.22, 0, 0, 0),
(339, 28, 344, 1, 0, 4.202, 22.99, 0, 0, 0, 0),
(340, 29, 345, 2, 260.7, 0, 193.3, 1.22, 0, 0, 0),
(341, 28, 346, 1, 0, 4.203, 23.23, 0, 0, 0, 0),
(342, 29, 347, 2, 260.7, 0, 193.3, 1.22, 0, 0, 0),
(343, 28, 348, 1, 0, 4.203, 23.23, 0, 0, 0, 0),
(344, 29, 349, 2, 260.7, 0, 209.52, 1.23, 0, 0, 0),
(345, 28, 350, 1, 0, 4.199, 23.23, 0, 0, 0, 0),
(346, 29, 351, 2, 260.7, 0, 209.52, 1.23, 0, 0, 0),
(347, 28, 352, 1, 0, 4.199, 23.23, 0, 0, 0, 0),
(348, 29, 353, 2, 260.6, 0, 218.12, 1.23, 0, 0, 0),
(349, 28, 354, 1, 0, 4.198, 22.99, 0, 0, 0, 0),
(350, 29, 355, 2, 260.6, 0, 218.12, 1.23, 0, 0, 0),
(351, 28, 356, 1, 0, 4.198, 22.99, 0, 0, 0, 0),
(352, 29, 357, 2, 260.7, 0, 219.84, 1.23, 0, 0, 0),
(353, 28, 358, 1, 0, 4.198, 23.23, 0, 0, 0, 0),
(354, 29, 359, 2, 260.7, 0, 219.84, 1.23, 0, 0, 0),
(355, 28, 360, 1, 0, 4.198, 23.23, 0, 0, 0, 0),
(356, 29, 361, 2, 260.5, 0, 219.35, 1.22, 0, 0, 0),
(357, 28, 362, 1, 0, 4.199, 22.99, 0, 0, 0, 0),
(358, 29, 363, 2, 260.5, 0, 219.35, 1.22, 0, 0, 0),
(359, 28, 364, 1, 0, 4.199, 22.99, 0, 0, 0, 0),
(360, 29, 365, 2, 260.7, 0, 208.54, 1.23, 0, 0, 0),
(361, 28, 366, 1, 0, 4.199, 23.23, 0, 0, 0, 0),
(362, 29, 367, 2, 260.7, 0, 208.54, 1.23, 0, 0, 0),
(363, 28, 368, 1, 0, 4.199, 23.23, 0, 0, 0, 0),
(364, 29, 369, 2, 260.7, 0, 197.23, 1.22, 0, 0, 0),
(365, 28, 370, 1, 0, 4.199, 23.23, 0, 0, 0, 0),
(366, 29, 371, 2, 260.6, 0, 205.09, 1.22, 0, 0, 0),
(367, 28, 372, 1, 0, 4.203, 22.99, 0, 0, 0, 0),
(368, 29, 373, 2, 260.6, 0, 205.09, 1.22, 0, 0, 0),
(369, 28, 374, 1, 0, 4.203, 22.99, 0, 0, 0, 0),
(370, 29, 375, 2, 260.6, 0, 215.91, 1.23, 0, 0, 0),
(371, 28, 376, 1, 0, 4.203, 23.23, 0, 0, 0, 0),
(372, 29, 377, 2, 260.6, 0, 215.91, 1.23, 0, 0, 0),
(373, 28, 378, 1, 0, 4.203, 23.23, 0, 0, 0, 0),
(374, 29, 379, 2, 260.8, 0, 214.68, 1.22, 0, 0, 0),
(375, 28, 380, 1, 0, 4.205, 23.23, 0, 0, 0, 0),
(376, 28, 381, 1, 0, 4.205, 23.23, 0, 0, 0, 0),
(377, 29, 382, 2, 260.5, 0, 194.77, 1.22, 0, 0, 0),
(378, 28, 383, 1, 0, 4.203, 22.99, 0, 0, 0, 0),
(379, 29, 384, 2, 260.5, 0, 194.77, 1.22, 0, 0, 0),
(380, 28, 385, 1, 0, 4.203, 22.99, 0, 0, 0, 0),
(381, 29, 386, 2, 260.8, 0, 154.96, 1.22, 0, 0, 0),
(382, 28, 387, 1, 0, 4.202, 22.99, 0, 0, 0, 0),
(383, 29, 388, 2, 260.8, 0, 154.96, 1.22, 0, 0, 0),
(384, 28, 389, 1, 0, 4.202, 22.99, 0, 0, 0, 0),
(385, 29, 390, 2, 260.7, 0, 22.99, 1.22, 0, 0, 0),
(386, 28, 391, 1, 0, 4.205, 22.99, 0, 0, 0, 0),
(387, 29, 392, 2, 260.7, 0, 22.99, 1.22, 0, 0, 0),
(388, 28, 393, 1, 0, 4.205, 22.99, 0, 0, 0, 0),
(389, 29, 394, 2, 260.7, 0, 219.1, 1.22, 0, 0, 0),
(390, 28, 395, 1, 0, 4.205, 22.99, 0, 0, 0, 0),
(391, 29, 396, 2, 260.5, 0, 218.61, 1.22, 0, 0, 0),
(392, 28, 397, 1, 0, 4.205, 22.99, 0, 0, 0, 0),
(393, 29, 398, 2, 260.5, 0, 193.3, 1.22, 0, 0, 0),
(394, 28, 399, 1, 0, 4.201, 23.23, 0, 0, 0, 0),
(395, 29, 400, 2, 260.5, 0, 193.3, 1.22, 0, 0, 0),
(396, 28, 401, 1, 0, 4.201, 23.23, 0, 0, 0, 0),
(397, 29, 402, 2, 260.5, 0, 149.8, 1.22, 0, 0, 0),
(398, 28, 403, 1, 0, 4.208, 22.99, 0, 0, 0, 0),
(399, 29, 404, 2, 260.5, 0, 149.8, 1.22, 0, 0, 0),
(400, 28, 405, 1, 0, 4.208, 22.99, 0, 0, 0, 0),
(401, 29, 406, 2, 260.4, 0, 23.48, 1.22, 0, 0, 0),
(402, 28, 407, 1, 0, 4.204, 22.99, 0, 0, 0, 0),
(403, 29, 408, 2, 260.4, 0, 23.48, 1.22, 0, 0, 0),
(404, 28, 409, 1, 0, 4.204, 22.99, 0, 0, 0, 0),
(405, 29, 410, 2, 260.8, 0, 103.35, 1.22, 0, 0, 0),
(406, 28, 411, 1, 0, 4.205, 22.99, 0, 0, 0, 0),
(407, 29, 412, 2, 260.8, 0, 103.35, 1.22, 0, 0, 0),
(408, 28, 413, 1, 0, 4.202, 22.99, 0, 0, 0, 0),
(409, 29, 414, 2, 260.8, 0, 103.35, 1.22, 0, 0, 0),
(410, 28, 415, 1, 0, 4.202, 22.99, 0, 0, 0, 0),
(411, 29, 416, 2, 260.9, 0, 208.29, 1.22, 0, 0, 0),
(412, 28, 417, 1, 0, 4.206, 22.99, 0, 0, 0, 0),
(413, 29, 418, 2, 260.9, 0, 208.29, 1.22, 0, 0, 0),
(414, 28, 419, 1, 0, 4.206, 22.99, 0, 0, 0, 0),
(415, 29, 420, 2, 260.8, 0, 219.1, 1.22, 0, 0, 0),
(416, 28, 421, 1, 0, 4.204, 23.23, 0, 0, 0, 0),
(417, 29, 422, 2, 260.8, 0, 219.1, 1.22, 0, 0, 0),
(418, 28, 423, 1, 0, 4.204, 23.23, 0, 0, 0, 0),
(419, 29, 424, 2, 260.8, 0, 218.86, 1.22, 0, 0, 0),
(420, 28, 425, 1, 0, 4.206, 22.99, 0, 0, 0, 0),
(421, 29, 426, 2, 260.7, 0, 177.32, 1.22, 0, 0, 0),
(422, 28, 427, 1, 0, 4.208, 22.99, 0, 0, 0, 0),
(423, 28, 428, 1, 0, 4.207, 22.74, 0, 0, 0, 0),
(424, 28, 429, 1, 0, 4.207, 22.74, 0, 0, 0, 0),
(425, 29, 430, 2, 260.5, 0, 219.59, 1.22, 0, 0, 0),
(426, 28, 431, 1, 0, 4.207, 22.74, 0, 0, 0, 0),
(427, 29, 432, 2, 260.5, 0, 219.35, 1.22, 0, 0, 0),
(428, 28, 433, 1, 0, 4.209, 23.23, 0, 0, 0, 0),
(429, 29, 434, 2, 260.5, 0, 219.35, 1.22, 0, 0, 0),
(430, 28, 435, 1, 0, 4.209, 23.23, 0, 0, 0, 0),
(431, 29, 436, 2, 260.4, 0, 217.38, 1.22, 0, 0, 0),
(432, 28, 437, 1, 0, 4.209, 22.74, 0, 0, 0, 0),
(433, 29, 438, 2, 260.4, 0, 217.38, 1.22, 0, 0, 0),
(434, 28, 439, 1, 0, 4.209, 22.74, 0, 0, 0, 0),
(435, 29, 440, 2, 260.6, 0, 206.08, 1.22, 0, 0, 0),
(436, 28, 441, 1, 0, 4.21, 23.23, 0, 0, 0, 0),
(437, 29, 442, 2, 260.6, 0, 206.08, 1.22, 0, 0, 0),
(438, 28, 443, 1, 0, 4.21, 23.23, 0, 0, 0, 0),
(439, 29, 444, 2, 260.5, 0, 194.77, 1.22, 0, 0, 0),
(440, 28, 445, 1, 0, 4.212, 22.99, 0, 0, 0, 0),
(441, 29, 446, 2, 260.5, 0, 194.77, 1.22, 0, 0, 0),
(442, 28, 447, 1, 0, 4.212, 22.99, 0, 0, 0, 0),
(443, 29, 448, 2, 260.6, 0, 184.7, 1.22, 0, 0, 0),
(444, 28, 449, 1, 0, 4.212, 22.99, 0, 0, 0, 0),
(445, 29, 450, 2, 260.4, 0, 176.1, 1.22, 0, 0, 0),
(446, 28, 451, 1, 0, 4.211, 22.74, 0, 0, 0, 0),
(447, 29, 452, 2, 260.4, 0, 176.1, 1.22, 0, 0, 0),
(448, 28, 453, 1, 0, 4.204, 22.74, 0, 0, 0, 0),
(449, 29, 454, 2, 260.8, 0, 23.72, 1.22, 0, 0, 0),
(450, 28, 455, 1, 0, 4.204, 22.74, 0, 0, 0, 0),
(451, 29, 456, 2, 260.8, 0, 23.72, 1.22, 0, 0, 0),
(452, 28, 457, 1, 0, 4.204, 22.74, 0, 0, 0, 0),
(453, 29, 458, 2, 260.8, 0, 23.72, 1.22, 0, 0, 0),
(454, 28, 459, 1, 0, 4.204, 22.74, 0, 0, 0, 0),
(455, 29, 460, 2, 260.8, 0, 23.72, 1.22, 0, 0, 0),
(456, 28, 461, 1, 0, 4.204, 22.74, 0, 0, 0, 0),
(457, 29, 462, 2, 260.8, 0, 23.72, 1.22, 0, 0, 0),
(458, 28, 463, 1, 0, 4.212, 22.74, 0, 0, 0, 0),
(459, 28, 464, 1, 0, 4.212, 22.74, 0, 0, 0, 0),
(460, 29, 465, 2, 260.8, 0, 172.65, 1.22, 0, 0, 0),
(461, 28, 466, 1, 0, 4.21, 22.5, 0, 0, 0, 0),
(462, 29, 467, 2, 260.8, 0, 172.65, 1.22, 0, 0, 0),
(463, 28, 468, 1, 0, 4.21, 22.5, 0, 0, 0, 0),
(464, 29, 469, 2, 260.8, 0, 207.8, 1.22, 0, 0, 0),
(465, 28, 470, 1, 0, 4.207, 22.5, 0, 0, 0, 0),
(466, 29, 471, 2, 260.8, 0, 207.8, 1.22, 0, 0, 0),
(467, 28, 472, 1, 0, 4.207, 22.5, 0, 0, 0, 0),
(468, 29, 473, 2, 260.8, 0, 218.86, 1.22, 0, 0, 0),
(469, 28, 474, 1, 0, 4.207, 22.5, 0, 0, 0, 0),
(470, 29, 475, 2, 260.9, 0, 195.76, 1.22, 0, 0, 0),
(471, 28, 476, 1, 0, 4.209, 22.74, 0, 0, 0, 0),
(472, 29, 477, 2, 260.9, 0, 195.76, 1.22, 0, 0, 0),
(473, 28, 478, 1, 0, 4.209, 22.74, 0, 0, 0, 0),
(474, 29, 479, 2, 260.8, 0, 178.31, 1.22, 0, 0, 0),
(475, 28, 480, 1, 0, 4.207, 22.99, 0, 0, 0, 0),
(476, 29, 481, 2, 260.8, 0, 178.31, 1.22, 0, 0, 0),
(477, 28, 482, 1, 0, 4.207, 22.99, 0, 0, 0, 0),
(478, 29, 483, 2, 260.8, 0, 21.51, 1.22, 0, 0, 0),
(479, 28, 484, 1, 0, 4.208, 22.5, 0, 0, 0, 0),
(480, 29, 485, 2, 260.8, 0, 21.51, 1.22, 0, 0, 0),
(481, 28, 486, 1, 0, 4.208, 22.5, 0, 0, 0, 0),
(482, 29, 487, 2, 260.7, 0, 199.44, 1.22, 0, 0, 0),
(483, 28, 488, 1, 0, 4.208, 22.74, 0, 0, 0, 0),
(484, 29, 489, 2, 260.7, 0, 199.44, 1.22, 0, 0, 0),
(485, 28, 490, 1, 0, 4.208, 22.74, 0, 0, 0, 0),
(486, 29, 491, 2, 260.9, 0, 180.03, 1.22, 0, 0, 0),
(487, 28, 492, 1, 0, 4.209, 22.74, 0, 0, 0, 0),
(488, 29, 493, 2, 260.9, 0, 180.03, 1.22, 0, 0, 0),
(489, 28, 494, 1, 0, 4.209, 22.74, 0, 0, 0, 0),
(490, 29, 495, 2, 261.2, 0, 218.61, 1.22, 0, 0, 0),
(491, 28, 496, 1, 0, 4.209, 22.74, 0, 0, 0, 0),
(492, 29, 497, 2, 261.2, 0, 218.61, 1.22, 0, 0, 0),
(493, 28, 498, 1, 0, 4.209, 22.74, 0, 0, 0, 0),
(494, 29, 499, 2, 261.1, 0, 218.86, 1.22, 0, 0, 0),
(495, 28, 500, 1, 0, 4.209, 22.74, 0, 0, 0, 0),
(496, 29, 501, 2, 261.1, 0, 218.86, 1.22, 0, 0, 0),
(497, 28, 502, 1, 0, 4.209, 22.74, 0, 0, 0, 0),
(498, 29, 503, 2, 261.1, 0, 218.86, 1.22, 0, 0, 0),
(499, 28, 504, 1, 0, 4.21, 22.5, 0, 0, 0, 0),
(500, 29, 505, 2, 261.1, 0, 218.86, 1.22, 0, 0, 0),
(501, 28, 506, 1, 0, 4.21, 22.5, 0, 0, 0, 0),
(502, 29, 507, 2, 261.1, 0, 218.61, 1.22, 0, 0, 0),
(503, 28, 508, 1, 0, 4.21, 22.99, 0, 0, 0, 0),
(504, 29, 509, 2, 261.1, 0, 218.61, 1.22, 0, 0, 0),
(505, 28, 510, 1, 0, 4.21, 22.99, 0, 0, 0, 0),
(506, 29, 511, 2, 261.1, 0, 219.59, 1.22, 0, 0, 0),
(507, 28, 512, 1, 0, 4.209, 22.99, 0, 0, 0, 0),
(508, 29, 513, 2, 261.1, 0, 219.59, 1.22, 0, 0, 0),
(509, 28, 514, 1, 0, 4.209, 22.99, 0, 0, 0, 0),
(510, 29, 515, 2, 261.2, 0, 218.37, 1.22, 0, 0, 0),
(511, 28, 516, 1, 0, 4.212, 22.99, 0, 0, 0, 0),
(512, 29, 517, 2, 261.2, 0, 218.37, 1.22, 0, 0, 0),
(513, 28, 518, 1, 0, 4.21, 22.5, 0, 0, 0, 0),
(514, 29, 519, 2, 261.2, 0, 218.37, 1.22, 0, 0, 0),
(515, 28, 520, 1, 0, 4.21, 22.5, 0, 0, 0, 0),
(516, 29, 521, 2, 261, 0, 193.3, 1.22, 0, 0, 0),
(517, 28, 522, 1, 0, 4.209, 22.99, 0, 0, 0, 0),
(518, 29, 523, 2, 261, 0, 193.3, 1.22, 0, 0, 0),
(519, 28, 524, 1, 0, 4.209, 22.99, 0, 0, 0, 0),
(520, 29, 525, 2, 261, 0, 193.3, 1.22, 0, 0, 0),
(521, 28, 526, 1, 0, 4.209, 22.5, 0, 0, 0, 0),
(522, 29, 527, 2, 261, 0, 193.3, 1.22, 0, 0, 0),
(523, 28, 528, 1, 0, 4.209, 22.5, 0, 0, 0, 0),
(524, 29, 529, 2, 261, 0, 193.3, 1.22, 0, 0, 0),
(525, 28, 530, 1, 0, 4.209, 22.5, 0, 0, 0, 0),
(526, 29, 531, 2, 261.1, 0, 187.15, 1.22, 0, 0, 0),
(527, 28, 532, 1, 0, 4.209, 22.74, 0, 0, 0, 0),
(528, 29, 533, 2, 261.1, 0, 187.15, 1.22, 0, 0, 0),
(529, 28, 534, 1, 0, 4.209, 22.74, 0, 0, 0, 0),
(530, 29, 535, 2, 261, 0, 178.31, 1.22, 0, 0, 0),
(531, 28, 536, 1, 0, 4.209, 22.74, 0, 0, 0, 0),
(532, 29, 537, 2, 261, 0, 178.31, 1.22, 0, 0, 0),
(533, 28, 538, 1, 0, 4.209, 22.74, 0, 0, 0, 0),
(534, 29, 539, 2, 261, 0, 178.31, 1.22, 0, 0, 0),
(535, 28, 540, 1, 0, 4.212, 22.5, 0, 0, 0, 0),
(536, 29, 541, 2, 261, 0, 178.31, 1.22, 0, 0, 0),
(537, 28, 542, 1, 0, 4.212, 22.5, 0, 0, 0, 0),
(538, 29, 543, 2, 261, 0, 187.65, 1.22, 0, 0, 0),
(539, 28, 544, 1, 0, 4.213, 22.74, 0, 0, 0, 0),
(540, 29, 545, 2, 261, 0, 187.65, 1.22, 0, 0, 0),
(541, 28, 546, 1, 0, 4.213, 22.74, 0, 0, 0, 0),
(542, 29, 547, 2, 261.2, 0, 179.78, 1.22, 0, 0, 0),
(543, 28, 548, 1, 0, 4.21, 22.74, 0, 0, 0, 0),
(544, 29, 549, 2, 261.2, 0, 179.78, 1.22, 0, 0, 0),
(545, 28, 550, 1, 0, 4.21, 22.74, 0, 0, 0, 0),
(546, 29, 551, 2, 261.2, 0, 179.54, 1.22, 0, 0, 0),
(547, 28, 552, 1, 0, 4.211, 22.74, 0, 0, 0, 0),
(548, 29, 553, 2, 261.2, 0, 179.54, 1.22, 0, 0, 0),
(549, 28, 554, 1, 0, 4.211, 22.74, 0, 0, 0, 0),
(550, 29, 555, 2, 261.2, 0, 178.06, 1.22, 0, 0, 0),
(551, 28, 556, 1, 0, 4.209, 22.74, 0, 0, 0, 0),
(552, 29, 557, 2, 261.2, 0, 178.06, 1.22, 0, 0, 0),
(553, 28, 558, 1, 0, 4.209, 22.74, 0, 0, 0, 0),
(554, 29, 559, 2, 261, 0, 185.19, 1.22, 0, 0, 0),
(555, 28, 560, 1, 0, 4.208, 22.5, 0, 0, 0, 0),
(556, 29, 561, 2, 261, 0, 185.19, 1.22, 0, 0, 0),
(557, 28, 562, 1, 0, 4.211, 22.74, 0, 0, 0, 0),
(558, 29, 563, 2, 261, 0, 185.19, 1.22, 0, 0, 0),
(559, 28, 564, 1, 0, 4.211, 22.74, 0, 0, 0, 0),
(560, 29, 565, 2, 261.2, 0, 189.61, 1.22, 0, 0, 0),
(561, 28, 566, 1, 0, 4.208, 22.5, 0, 0, 0, 0),
(562, 29, 567, 2, 261.2, 0, 189.61, 1.22, 0, 0, 0),
(563, 28, 568, 1, 0, 4.208, 22.5, 0, 0, 0, 0),
(564, 29, 569, 2, 261.1, 0, 170.2, 1.22, 0, 0, 0),
(565, 28, 570, 1, 0, 4.209, 22.5, 0, 0, 0, 0),
(566, 29, 571, 2, 261.1, 0, 170.2, 1.22, 0, 0, 0),
(567, 28, 572, 1, 0, 4.209, 22.5, 0, 0, 0, 0),
(568, 29, 573, 2, 261.4, 0, 21.76, 1.22, 0, 0, 0),
(569, 28, 574, 1, 0, 4.206, 22.5, 0, 0, 0, 0),
(570, 29, 575, 2, 261.4, 0, 21.76, 1.22, 0, 0, 0),
(571, 28, 576, 1, 0, 4.205, 22.74, 0, 0, 0, 0),
(572, 29, 577, 2, 261.4, 0, 21.76, 1.22, 0, 0, 0),
(573, 28, 578, 1, 0, 4.205, 22.74, 0, 0, 0, 0),
(574, 29, 579, 2, 261.1, 0, 197.97, 1.22, 0, 0, 0),
(575, 28, 580, 1, 0, 4.207, 22.5, 0, 0, 0, 0),
(576, 29, 581, 2, 261.1, 0, 197.97, 1.22, 0, 0, 0),
(577, 28, 582, 1, 0, 4.207, 22.5, 0, 0, 0, 0),
(578, 29, 583, 2, 261.1, 0, 197.72, 1.22, 0, 0, 0),
(579, 28, 584, 1, 0, 4.205, 22.74, 0, 0, 0, 0),
(580, 29, 585, 2, 261.1, 0, 197.72, 1.22, 0, 0, 0),
(581, 28, 586, 1, 0, 4.205, 22.74, 0, 0, 0, 0),
(582, 29, 587, 2, 261, 0, 183.22, 1.22, 0, 0, 0),
(583, 28, 588, 1, 0, 4.208, 22.74, 0, 0, 0, 0),
(584, 29, 589, 2, 261, 0, 183.22, 1.22, 0, 0, 0),
(585, 28, 590, 1, 0, 4.208, 22.74, 0, 0, 0, 0),
(586, 29, 591, 2, 261, 0, 134.07, 1.22, 0, 0, 0),
(587, 28, 592, 1, 0, 4.207, 22.74, 0, 0, 0, 0),
(588, 29, 593, 2, 261, 0, 134.07, 1.22, 0, 0, 0),
(589, 28, 594, 1, 0, 4.207, 22.74, 0, 0, 0, 0),
(590, 29, 595, 2, 261.1, 0, 23.48, 1.22, 0, 0, 0),
(591, 28, 596, 1, 0, 4.206, 22.74, 0, 0, 0, 0),
(592, 29, 597, 2, 261.1, 0, 23.48, 1.22, 0, 0, 0),
(593, 28, 598, 1, 0, 4.207, 22.5, 0, 0, 0, 0),
(594, 29, 599, 2, 261.1, 0, 23.48, 1.22, 0, 0, 0),
(595, 28, 600, 1, 0, 4.207, 22.5, 0, 0, 0, 0),
(596, 29, 601, 2, 261.2, 0, 194.28, 1.22, 0, 0, 0),
(597, 28, 602, 1, 0, 4.207, 22.99, 0, 0, 0, 0),
(598, 29, 603, 2, 261.1, 0, 211.98, 1.22, 0, 0, 0),
(599, 28, 604, 1, 0, 4.207, 22.99, 0, 0, 0, 0),
(600, 29, 605, 2, 261.1, 0, 211.98, 1.22, 0, 0, 0),
(601, 28, 606, 1, 0, 4.206, 22.74, 0, 0, 0, 0),
(602, 29, 607, 2, 261.1, 0, 211.98, 1.22, 0, 0, 0),
(603, 28, 608, 1, 0, 4.206, 22.74, 0, 0, 0, 0),
(604, 29, 609, 2, 261.4, 0, 22.5, 1.22, 0, 0, 0),
(605, 28, 610, 1, 0, 4.21, 22.74, 0, 0, 0, 0),
(606, 29, 611, 2, 261.4, 0, 22.5, 1.22, 0, 0, 0),
(607, 28, 612, 1, 0, 4.21, 22.74, 0, 0, 0, 0),
(608, 29, 613, 2, 261.3, 0, 70.42, 1.21, 0, 0, 0),
(609, 28, 614, 1, 0, 4.209, 22.74, 0, 0, 0, 0),
(610, 29, 615, 2, 261.3, 0, 70.42, 1.21, 0, 0, 0),
(611, 28, 616, 1, 0, 4.21, 22.5, 0, 0, 0, 0),
(612, 29, 617, 2, 261.3, 0, 70.42, 1.21, 0, 0, 0),
(613, 28, 618, 1, 0, 4.21, 22.5, 0, 0, 0, 0),
(614, 29, 619, 2, 261.3, 0, 178.06, 1.22, 0, 0, 0),
(615, 28, 620, 1, 0, 4.21, 22.5, 0, 0, 0, 0),
(616, 29, 621, 2, 261.3, 0, 178.06, 1.22, 0, 0, 0),
(617, 28, 622, 1, 0, 4.213, 22.5, 0, 0, 0, 0),
(618, 29, 623, 2, 261.1, 0, 148.32, 1.21, 0, 0, 0),
(619, 28, 624, 1, 0, 4.213, 22.5, 0, 0, 0, 0),
(620, 29, 625, 2, 261.1, 0, 148.32, 1.21, 0, 0, 0),
(621, 28, 626, 1, 0, 4.213, 22.5, 0, 0, 0, 0),
(622, 29, 627, 2, 261.1, 0, 148.32, 1.21, 0, 0, 0),
(623, 28, 628, 1, 0, 4.213, 22.5, 0, 0, 0, 0),
(624, 29, 629, 2, 261.1, 0, 148.32, 1.21, 0, 0, 0),
(625, 28, 630, 1, 0, 4.213, 22.5, 0, 0, 0, 0),
(626, 29, 631, 2, 261.1, 0, 148.32, 1.21, 0, 0, 0),
(627, 28, 632, 1, 0, 4.213, 22.5, 0, 0, 0, 0),
(628, 29, 633, 2, 261.1, 0, 148.32, 1.21, 0, 0, 0),
(629, 28, 634, 1, 0, 4.213, 22.5, 0, 0, 0, 0),
(630, 28, 635, 1, 0, 4.209, 22.74, 0, 0, 0, 0),
(631, 29, 636, 2, 261.1, 0, 148.32, 1.21, 0, 0, 0),
(632, 28, 637, 1, 0, 4.209, 22.74, 0, 0, 0, 0),
(633, 29, 638, 2, 261.1, 0, 194.77, 1.21, 0, 0, 0),
(634, 28, 639, 1, 0, 4.21, 22.5, 0, 0, 0, 0),
(635, 29, 640, 2, 261.1, 0, 210.01, 1.21, 0, 0, 0),
(636, 28, 641, 1, 0, 4.212, 22.5, 0, 0, 0, 0),
(637, 29, 642, 2, 261.1, 0, 210.01, 1.21, 0, 0, 0),
(638, 28, 643, 1, 0, 4.212, 22.5, 0, 0, 0, 0),
(639, 29, 644, 2, 261.2, 0, 218.37, 1.21, 0, 0, 0),
(640, 28, 645, 1, 0, 4.211, 22.5, 0, 0, 0, 0),
(641, 29, 646, 2, 261.2, 0, 218.37, 1.21, 0, 0, 0),
(642, 28, 647, 1, 0, 4.211, 22.5, 0, 0, 0, 0),
(643, 29, 648, 2, 261.3, 0, 190.1, 1.21, 0, 0, 0),
(644, 28, 649, 1, 0, 4.215, 22.74, 0, 0, 0, 0),
(645, 29, 650, 2, 261.3, 0, 190.1, 1.21, 0, 0, 0),
(646, 28, 651, 1, 0, 4.215, 22.74, 0, 0, 0, 0),
(647, 29, 652, 2, 261.5, 0, 121.78, 1.21, 0, 0, 0),
(648, 28, 653, 1, 0, 4.211, 22.74, 0, 0, 0, 0),
(649, 29, 654, 2, 261.5, 0, 121.78, 1.21, 0, 0, 0),
(650, 28, 655, 1, 0, 4.213, 22.74, 0, 0, 0, 0),
(651, 29, 656, 2, 261.5, 0, 121.78, 1.21, 0, 0, 0),
(652, 28, 657, 1, 0, 4.213, 22.74, 0, 0, 0, 0),
(653, 29, 658, 2, 261.3, 0, 149.31, 1.21, 0, 0, 0),
(654, 28, 659, 1, 0, 4.212, 22.74, 0, 0, 0, 0),
(655, 29, 660, 2, 261.3, 0, 149.31, 1.21, 0, 0, 0),
(656, 28, 661, 1, 0, 4.212, 22.74, 0, 0, 0, 0),
(657, 29, 662, 2, 261.3, 0, 24.46, 1.21, 0, 0, 0),
(658, 28, 663, 1, 0, 4.21, 22.74, 0, 0, 0, 0),
(659, 29, 664, 2, 261.3, 0, 24.46, 1.21, 0, 0, 0),
(660, 28, 665, 1, 0, 4.21, 22.74, 0, 0, 0, 0),
(661, 29, 666, 2, 261.3, 0, 219.1, 1.21, 0, 0, 0),
(662, 28, 667, 1, 0, 4.213, 22.25, 0, 0, 0, 0),
(663, 29, 668, 2, 261.3, 0, 219.1, 1.21, 0, 0, 0),
(664, 28, 669, 1, 0, 4.213, 22.25, 0, 0, 0, 0),
(665, 29, 670, 2, 261.4, 0, 150.29, 1.21, 0, 0, 0),
(666, 28, 671, 1, 0, 4.213, 22.25, 0, 0, 0, 0),
(667, 29, 672, 2, 261.3, 0, 185.43, 1.21, 0, 0, 0),
(668, 28, 673, 1, 0, 4.211, 22.5, 0, 0, 0, 0),
(669, 29, 674, 2, 261.3, 0, 185.43, 1.21, 0, 0, 0),
(670, 28, 675, 1, 0, 4.211, 22.5, 0, 0, 0, 0),
(671, 29, 676, 2, 261.4, 0, 193.54, 1.21, 0, 0, 0),
(672, 28, 677, 1, 0, 4.209, 22.5, 0, 0, 0, 0),
(673, 29, 678, 2, 261.4, 0, 193.54, 1.21, 0, 0, 0),
(674, 28, 679, 1, 0, 4.215, 22.5, 0, 0, 0, 0),
(675, 29, 680, 2, 261.1, 0, 95.73, 1.21, 0, 0, 0),
(676, 28, 681, 1, 0, 4.215, 22.5, 0, 0, 0, 0),
(677, 29, 682, 2, 261.1, 0, 95.73, 1.21, 0, 0, 0),
(678, 28, 683, 1, 0, 4.215, 22.5, 0, 0, 0, 0),
(679, 29, 684, 2, 261.1, 0, 95.73, 1.21, 0, 0, 0),
(680, 28, 685, 1, 0, 4.215, 22.5, 0, 0, 0, 0),
(681, 29, 686, 2, 261.1, 0, 95.73, 1.21, 0, 0, 0),
(682, 28, 687, 1, 0, 4.215, 22.5, 0, 0, 0, 0),
(683, 29, 688, 2, 261.1, 0, 95.73, 1.21, 0, 0, 0),
(684, 28, 689, 1, 0, 4.215, 22.5, 0, 0, 0, 0),
(685, 29, 690, 2, 261.1, 0, 95.73, 1.21, 0, 0, 0),
(686, 28, 691, 1, 0, 4.215, 22.5, 0, 0, 0, 0),
(687, 29, 692, 2, 261.2, 0, 208.04, 1.21, 0, 0, 0),
(688, 28, 693, 1, 0, 4.214, 22.25, 0, 0, 0, 0),
(689, 29, 694, 2, 261.2, 0, 208.04, 1.21, 0, 0, 0),
(690, 28, 695, 1, 0, 4.214, 22.25, 0, 0, 0, 0),
(691, 29, 696, 2, 261.2, 0, 165.28, 1.21, 0, 0, 0),
(692, 28, 697, 1, 0, 4.214, 22.25, 0, 0, 0, 0),
(693, 29, 698, 2, 261.2, 0, 165.28, 1.21, 0, 0, 0),
(694, 28, 699, 1, 0, 4.214, 22.25, 0, 0, 0, 0),
(695, 29, 700, 2, 261.1, 0, 22.25, 1.21, 0, 0, 0),
(696, 28, 701, 1, 0, 4.213, 22.25, 0, 0, 0, 0),
(697, 29, 702, 2, 261.1, 0, 22.25, 1.21, 0, 0, 0),
(698, 28, 703, 1, 0, 4.213, 22.25, 0, 0, 0, 0),
(699, 29, 704, 2, 260.9, 0, 214.19, 1.21, 0, 0, 0),
(700, 28, 705, 1, 0, 4.219, 22.5, 0, 0, 0, 0),
(701, 29, 706, 2, 260.9, 0, 214.19, 1.21, 0, 0, 0),
(702, 28, 707, 1, 0, 4.219, 22.5, 0, 0, 0, 0),
(703, 29, 708, 2, 261, 0, 38.96, 1.21, 0, 0, 0),
(704, 28, 709, 1, 0, 4.215, 22.5, 0, 0, 0, 0),
(705, 29, 710, 2, 261, 0, 38.96, 1.21, 0, 0, 0),
(706, 28, 711, 1, 0, 4.215, 22.5, 0, 0, 0, 0),
(707, 29, 712, 2, 260.9, 0, 217.87, 1.21, 0, 0, 0),
(708, 28, 713, 1, 0, 4.214, 22.25, 0, 0, 0, 0),
(709, 29, 714, 2, 260.9, 0, 217.87, 1.21, 0, 0, 0),
(710, 28, 715, 1, 0, 4.214, 22.25, 0, 0, 0, 0),
(711, 29, 716, 2, 261, 0, 177.82, 1.21, 0, 0, 0),
(712, 29, 717, 2, 261.5, 0, 208.29, 1.21, 0, 0, 0),
(713, 29, 718, 2, 261.5, 0, 208.29, 1.21, 0, 0, 0),
(714, 28, 719, 1, 0, 4.216, 22.25, 0, 0, 0, 0),
(715, 29, 720, 2, 261.1, 0, 216.65, 1.21, 0, 0, 0),
(716, 28, 721, 1, 0, 4.216, 22.25, 0, 0, 0, 0),
(717, 29, 722, 2, 261.2, 0, 193.05, 1.21, 0, 0, 0),
(718, 28, 723, 1, 0, 4.216, 22.25, 0, 0, 0, 0),
(719, 29, 724, 2, 261.2, 0, 193.05, 1.21, 0, 0, 0),
(720, 28, 725, 1, 0, 4.215, 22.25, 0, 0, 0, 0),
(721, 29, 726, 2, 261.3, 0, 22, 1.21, 0, 0, 0),
(722, 28, 727, 1, 0, 4.215, 22.5, 0, 0, 0, 0),
(723, 29, 728, 2, 261.6, 0, 166.02, 1.21, 0, 0, 0),
(724, 28, 729, 1, 0, 4.215, 22.5, 0, 0, 0, 0),
(725, 29, 730, 2, 261.9, 0, 23.72, 1.21, 0, 0, 0),
(726, 28, 731, 1, 0, 4.217, 22.25, 0, 0, 0, 0),
(727, 29, 732, 2, 261.9, 0, 23.72, 1.21, 0, 0, 0),
(728, 28, 733, 1, 0, 4.459, 22.5, 0, 0, 0, 0),
(729, 29, 734, 2, 164.9, 0, 137.51, 1.23, 0, 0, 0),
(730, 28, 735, 1, 0, 4.459, 22.5, 0, 0, 0, 0),
(731, 29, 736, 2, 164.9, 0, 137.51, 1.23, 0, 0, 0),
(732, 28, 737, 1, 0, 4.389, 22.74, 0, 0, 0, 0),
(733, 29, 738, 2, 164.9, 0, 137.51, 1.23, 0, 0, 0),
(734, 28, 739, 1, 0, 4.345, 22.74, 0, 0, 0, 0),
(735, 29, 740, 2, 164.9, 0, 137.51, 1.23, 0, 0, 0),
(736, 28, 741, 1, 0, 4.317, 22.5, 0, 0, 0, 0),
(737, 29, 742, 2, 183.1, 0, 34.29, 1.23, 0, 0, 0),
(738, 28, 743, 1, 0, 4.317, 22.5, 0, 0, 0, 0),
(739, 29, 744, 2, 183.1, 0, 34.29, 1.23, 0, 0, 0),
(740, 28, 745, 1, 0, 4.298, 22.74, 0, 0, 0, 0),
(741, 29, 746, 2, 187.1, 0, 203.37, 1.23, 0, 0, 0),
(742, 28, 747, 1, 0, 4.298, 22.74, 0, 0, 0, 0),
(743, 29, 748, 2, 187.1, 0, 203.37, 1.23, 0, 0, 0),
(744, 28, 749, 1, 0, 4.278, 22.99, 0, 0, 0, 0),
(745, 29, 750, 2, 190.8, 0, 216.65, 1.23, 0, 0, 0),
(746, 28, 751, 1, 0, 4.278, 22.99, 0, 0, 0, 0),
(747, 29, 752, 2, 190.8, 0, 216.65, 1.23, 0, 0, 0),
(748, 28, 753, 1, 0, 4.267, 22.74, 0, 0, 0, 0),
(749, 29, 754, 2, 190.8, 0, 216.65, 1.23, 0, 0, 0),
(750, 28, 755, 1, 0, 4.257, 22.99, 0, 0, 0, 0),
(751, 29, 756, 2, 196.9, 0, 181.5, 1.23, 0, 0, 0),
(752, 28, 757, 1, 0, 4.257, 22.99, 0, 0, 0, 0),
(753, 29, 758, 2, 196.9, 0, 181.5, 1.23, 0, 0, 0),
(754, 28, 759, 1, 0, 4.249, 22.99, 0, 0, 0, 0),
(755, 29, 760, 2, 196.9, 0, 181.5, 1.23, 0, 0, 0),
(756, 28, 761, 1, 0, 4.249, 22.99, 0, 0, 0, 0),
(757, 29, 762, 2, 196.9, 0, 181.5, 1.23, 0, 0, 0),
(758, 28, 763, 1, 0, 4.239, 22.74, 0, 0, 0, 0),
(759, 29, 764, 2, 204.5, 0, 188.63, 1.23, 0, 0, 0),
(760, 28, 765, 1, 0, 4.239, 22.74, 0, 0, 0, 0),
(761, 29, 766, 2, 204.5, 0, 188.63, 1.23, 0, 0, 0),
(762, 28, 767, 1, 0, 4.234, 22.74, 0, 0, 0, 0),
(763, 29, 768, 2, 204.5, 0, 188.63, 1.23, 0, 0, 0),
(764, 28, 769, 1, 0, 4.238, 22.74, 0, 0, 0, 0),
(765, 29, 770, 2, 209.1, 0, 158.4, 1.23, 0, 0, 0),
(766, 28, 771, 1, 0, 4.238, 22.74, 0, 0, 0, 0),
(767, 29, 772, 2, 209.1, 0, 158.4, 1.23, 0, 0, 0),
(768, 28, 773, 1, 0, 4.233, 22.74, 0, 0, 0, 0),
(769, 29, 774, 2, 211.1, 0, 24.95, 1.23, 0, 0, 0),
(770, 28, 775, 1, 0, 4.233, 22.74, 0, 0, 0, 0),
(771, 29, 776, 2, 211.1, 0, 24.95, 1.23, 0, 0, 0),
(772, 28, 777, 1, 0, 4.231, 22.74, 0, 0, 0, 0),
(773, 29, 778, 2, 213, 0, 212.22, 1.23, 0, 0, 0),
(774, 28, 779, 1, 0, 4.231, 22.74, 0, 0, 0, 0),
(775, 29, 780, 2, 213, 0, 212.22, 1.23, 0, 0, 0),
(776, 28, 781, 1, 0, 4.225, 22.74, 0, 0, 0, 0),
(777, 28, 782, 1, 0, 4.214, 22.74, 0, 0, 0, 0),
(778, 28, 783, 1, 0, 4.214, 22.74, 0, 0, 0, 0),
(779, 29, 784, 2, 257.8, 0, 173.64, 1.23, 0, 0, 0),
(780, 28, 785, 1, 0, 4.214, 22.74, 0, 0, 0, 0),
(781, 29, 786, 2, 258, 0, 217.14, 1.23, 0, 0, 0),
(782, 28, 787, 1, 0, 4.216, 22.74, 0, 0, 0, 0),
(783, 29, 788, 2, 258, 0, 217.14, 1.23, 0, 0, 0),
(784, 28, 789, 1, 0, 4.216, 22.74, 0, 0, 0, 0),
(785, 29, 790, 2, 258, 0, 165.77, 1.23, 0, 0, 0),
(786, 28, 791, 1, 0, 4.216, 22.5, 0, 0, 0, 0),
(787, 29, 792, 2, 258, 0, 165.77, 1.23, 0, 0, 0),
(788, 28, 818, 1, 0, 4.219, 22.25, 0, 0, 0, 2),
(789, 29, 819, 2, 259.6, 0, 23.72, 1.23, 0, 0, 0),
(790, 28, 820, 1, 0, 4.218, 22.74, 0, 0, 0, 2),
(791, 29, 821, 2, 259.6, 0, 24.46, 1.23, 0, 0, 0),
(792, 28, 822, 1, 0, 4.218, 22.74, 0, 0, 0, 2),
(793, 29, 823, 2, 259.6, 0, 214.43, 1.23, 0, 0, 0),
(794, 28, 824, 1, 0, 4.219, 22.5, 0, 0, 0, 2),
(795, 29, 825, 2, 259.6, 0, 214.43, 1.23, 0, 0, 0),
(796, 28, 826, 1, 0, 4.219, 22.5, 0, 0, 0, 2),
(797, 29, 827, 2, 259.6, 0, 214.43, 1.23, 0, 0, 0),
(798, 28, 828, 1, 0, 4.219, 22.5, 0, 0, 0, 2),
(799, 29, 829, 2, 259.6, 0, 214.43, 1.23, 0, 0, 0),
(800, 28, 830, 1, 0, 4.219, 22.5, 0, 0, 0, 2),
(801, 29, 831, 2, 259.6, 0, 214.43, 1.23, 0, 0, 0),
(802, 28, 832, 1, 0, 4.219, 22.5, 0, 0, 0, 2),
(803, 29, 833, 2, 259.6, 0, 214.43, 1.23, 0, 0, 0),
(804, 28, 834, 1, 0, 4.219, 22.5, 0, 0, 0, 2),
(805, 28, 835, 1, 0, 4.213, 22.5, 0, 0, 0, 0),
(806, 28, 836, 1, 0, 4.224, 22.25, 0, 0, 0, 2),
(807, 29, 837, 2, 259.6, 0, 214.43, 1.23, 0, 0, 0),
(808, 28, 838, 1, 0, 4.224, 22.25, 0, 0, 0, 2),
(809, 29, 839, 2, 260.9, 0, 21.51, 1.22, 0, 0, 0),
(810, 28, 840, 1, 0, 4.226, 22.25, 0, 0, 0, 2),
(811, 29, 841, 2, 260.9, 0, 21.51, 1.22, 0, 0, 0),
(812, 28, 842, 1, 0, 4.226, 22.25, 0, 0, 0, 2),
(813, 29, 843, 2, 260.9, 0, 215.17, 1.22, 0, 0, 0),
(814, 28, 844, 1, 0, 4.226, 22, 0, 0, 0, 2),
(815, 29, 845, 2, 260.9, 0, 215.17, 1.22, 0, 0, 0),
(816, 28, 846, 1, 0, 4.226, 22, 0, 0, 0, 2),
(817, 29, 847, 2, 261.1, 0, 184.94, 1.22, 0, 0, 0),
(818, 28, 848, 1, 0, 4.224, 22.25, 0, 0, 0, 2),
(819, 29, 849, 2, 261.1, 0, 184.94, 1.22, 0, 0, 0),
(820, 28, 850, 1, 0, 4.224, 22.25, 0, 0, 0, 2),
(821, 29, 851, 2, 261, 0, 91.8, 1.22, 0, 0, 0),
(822, 28, 852, 1, 0, 4.225, 22.5, 0, 0, 0, 2),
(823, 29, 853, 2, 261, 0, 91.8, 1.22, 0, 0, 0),
(824, 28, 854, 1, 0, 4.225, 22.5, 0, 0, 0, 2),
(825, 29, 855, 2, 261, 0, 204.6, 1.22, 0, 0, 0),
(826, 28, 856, 1, 0, 4.224, 22, 0, 0, 0, 2),
(827, 29, 857, 2, 261, 0, 204.6, 1.22, 0, 0, 0),
(828, 28, 858, 1, 0, 4.224, 22, 0, 0, 0, 2),
(829, 29, 859, 2, 261, 0, 215.42, 1.22, 0, 0, 0),
(830, 28, 860, 1, 0, 4.224, 22, 0, 0, 0, 2),
(831, 29, 861, 2, 261.2, 0, 190.35, 1.22, 0, 0, 0),
(832, 28, 862, 1, 0, 4.226, 22.25, 0, 0, 0, 2),
(833, 29, 863, 2, 261.2, 0, 190.35, 1.22, 0, 0, 0),
(834, 28, 864, 1, 0, 4.222, 22, 0, 0, 0, 2),
(835, 29, 865, 2, 261.2, 0, 190.35, 1.22, 0, 0, 0),
(836, 28, 866, 1, 0, 4.222, 22, 0, 0, 0, 2),
(837, 29, 867, 2, 260.9, 0, 214.68, 1.22, 0, 0, 0),
(838, 28, 868, 1, 0, 4.226, 21.51, 0, 0, 0, 2),
(839, 29, 869, 2, 260.9, 0, 214.68, 1.22, 0, 0, 0),
(840, 28, 870, 1, 0, 4.226, 21.51, 0, 0, 0, 2),
(841, 29, 871, 2, 261.1, 0, 151.52, 1.22, 0, 0, 0),
(842, 28, 872, 1, 0, 4.22, 22, 0, 0, 0, 2),
(843, 29, 873, 2, 261.1, 0, 151.52, 1.22, 0, 0, 0),
(844, 28, 874, 1, 0, 4.22, 22, 0, 0, 0, 2),
(845, 29, 875, 2, 261.1, 0, 21.27, 1.22, 0, 0, 0),
(846, 28, 876, 1, 0, 4.224, 22.25, 0, 0, 0, 2),
(847, 29, 877, 2, 261.1, 0, 21.27, 1.22, 0, 0, 0),
(848, 28, 878, 1, 0, 4.222, 22.25, 0, 0, 0, 2),
(849, 29, 879, 2, 261.1, 0, 21.27, 1.22, 0, 0, 0),
(850, 28, 880, 1, 0, 4.222, 22.25, 0, 0, 0, 2),
(851, 29, 881, 2, 260.9, 0, 192.32, 1.22, 0, 0, 0),
(852, 28, 882, 1, 0, 4.222, 22.25, 0, 0, 0, 2),
(853, 29, 883, 2, 260.9, 0, 192.32, 1.22, 0, 0, 0),
(854, 28, 884, 1, 0, 4.222, 22.25, 0, 0, 0, 2),
(855, 29, 885, 2, 261.2, 0, 151.03, 1.22, 0, 0, 0),
(856, 28, 886, 1, 0, 4.222, 22.25, 0, 0, 0, 2),
(857, 29, 887, 2, 261.1, 0, 23.72, 1.22, 0, 0, 0),
(858, 28, 888, 1, 0, 4.222, 22.25, 0, 0, 0, 2),
(859, 29, 889, 2, 261.1, 0, 23.72, 1.22, 0, 0, 0),
(860, 28, 890, 1, 0, 4.222, 22.25, 0, 0, 0, 2),
(861, 29, 891, 2, 261.1, 0, 187.4, 1.22, 0, 0, 0),
(862, 28, 892, 1, 0, 4.224, 22.25, 0, 0, 0, 2),
(863, 29, 893, 2, 261.1, 0, 187.4, 1.22, 0, 0, 0),
(864, 28, 894, 1, 0, 4.224, 22.25, 0, 0, 0, 2),
(865, 29, 895, 2, 261, 0, 192.32, 1.22, 0, 0, 0),
(866, 28, 896, 1, 0, 4.223, 22, 0, 0, 0, 2),
(867, 29, 897, 2, 261, 0, 192.32, 1.22, 0, 0, 0),
(868, 28, 898, 1, 0, 4.223, 22, 0, 0, 0, 2),
(869, 29, 899, 2, 261.1, 0, 207.8, 1.22, 0, 0, 0),
(870, 28, 900, 1, 0, 4.226, 22.25, 0, 0, 0, 2),
(871, 29, 901, 2, 261.1, 0, 207.8, 1.22, 0, 0, 0),
(872, 28, 902, 1, 0, 4.226, 22.25, 0, 0, 0, 2),
(873, 29, 903, 2, 261.2, 0, 193.05, 1.22, 0, 0, 0),
(874, 28, 904, 1, 0, 4.222, 22, 0, 0, 0, 2),
(875, 29, 905, 2, 261.2, 0, 193.05, 1.22, 0, 0, 0),
(876, 28, 906, 1, 0, 4.22, 22.25, 0, 0, 0, 2),
(877, 29, 907, 2, 261.2, 0, 193.05, 1.22, 0, 0, 0),
(878, 28, 908, 1, 0, 4.22, 22.25, 0, 0, 0, 2),
(879, 29, 909, 2, 261.2, 0, 210.26, 1.22, 0, 0, 0),
(880, 28, 910, 1, 0, 4.227, 22, 0, 0, 0, 2),
(881, 29, 911, 2, 261.2, 0, 210.26, 1.22, 0, 0, 0),
(882, 28, 912, 1, 0, 4.227, 22, 0, 0, 0, 2),
(883, 29, 913, 2, 261.1, 0, 192.81, 1.22, 0, 0, 0),
(884, 28, 914, 1, 0, 4.224, 22.25, 0, 0, 0, 2),
(885, 29, 915, 2, 261.1, 0, 192.81, 1.22, 0, 0, 0),
(886, 28, 916, 1, 0, 4.224, 22.25, 0, 0, 0, 2),
(887, 29, 917, 2, 261.4, 0, 135.54, 1.22, 0, 0, 0),
(888, 28, 918, 1, 0, 4.225, 22.25, 0, 0, 0, 2),
(889, 29, 919, 2, 261.4, 0, 135.54, 1.22, 0, 0, 0),
(890, 28, 920, 1, 0, 4.225, 22.25, 0, 0, 0, 2),
(891, 29, 921, 2, 261.1, 0, 22, 1.22, 0, 0, 0),
(892, 28, 922, 1, 0, 4.223, 22.25, 0, 0, 0, 2),
(893, 29, 923, 2, 261.1, 0, 22, 1.22, 0, 0, 0),
(894, 28, 924, 1, 0, 4.223, 22.25, 0, 0, 0, 2),
(895, 29, 925, 2, 261.2, 0, 213.2, 1.22, 0, 0, 0),
(896, 28, 926, 1, 0, 4.222, 22.25, 0, 0, 0, 2),
(897, 29, 927, 2, 261.2, 0, 213.2, 1.22, 0, 0, 0),
(898, 28, 928, 1, 0, 4.224, 22, 0, 0, 0, 2),
(899, 29, 929, 2, 261.2, 0, 213.2, 1.22, 0, 0, 0),
(900, 28, 930, 1, 0, 4.224, 22, 0, 0, 0, 2),
(901, 29, 931, 2, 261.2, 0, 72.88, 1.22, 0, 0, 0),
(902, 28, 932, 1, 0, 4.225, 22.25, 0, 0, 0, 2),
(903, 29, 933, 2, 261.2, 0, 72.88, 1.22, 0, 0, 0),
(904, 28, 934, 1, 0, 4.225, 22.25, 0, 0, 0, 2),
(905, 29, 935, 2, 261.3, 0, 206.08, 1.22, 0, 0, 0),
(906, 28, 936, 1, 0, 4.222, 22.25, 0, 0, 0, 2),
(907, 29, 937, 2, 261.3, 0, 206.08, 1.22, 0, 0, 0),
(908, 28, 938, 1, 0, 4.222, 22.25, 0, 0, 0, 2),
(909, 29, 939, 2, 261.4, 0, 179.54, 1.22, 0, 0, 0),
(910, 28, 940, 1, 0, 4.222, 22.25, 0, 0, 0, 2),
(911, 29, 941, 2, 261.3, 0, 24.22, 1.22, 0, 0, 0),
(912, 28, 942, 1, 0, 4.224, 22, 0, 0, 0, 2),
(913, 29, 943, 2, 261.3, 0, 24.22, 1.22, 0, 0, 0),
(914, 28, 944, 1, 0, 4.224, 22, 0, 0, 0, 2),
(915, 29, 945, 2, 261.4, 0, 215.66, 1.22, 0, 0, 0),
(916, 28, 946, 1, 0, 4.224, 21.76, 0, 0, 0, 2),
(917, 29, 947, 2, 261.4, 0, 215.66, 1.22, 0, 0, 0),
(918, 28, 948, 1, 0, 4.224, 21.76, 0, 0, 0, 2),
(919, 29, 949, 2, 261.3, 0, 163.56, 1.22, 0, 0, 0),
(920, 28, 950, 1, 0, 4.227, 22.5, 0, 0, 0, 2),
(921, 29, 951, 2, 261.3, 0, 163.56, 1.22, 0, 0, 0),
(922, 28, 952, 1, 0, 4.227, 22.5, 0, 0, 0, 2),
(923, 29, 953, 2, 261.2, 0, 165.04, 1.22, 0, 0, 0),
(924, 28, 954, 1, 0, 4.227, 22.5, 0, 0, 0, 2),
(925, 29, 955, 2, 261.5, 0, 214.43, 1.22, 0, 0, 0),
(926, 28, 956, 1, 0, 4.227, 22.5, 0, 0, 0, 2),
(927, 29, 957, 2, 261.5, 0, 163.32, 1.22, 0, 0, 0),
(928, 28, 958, 1, 0, 4.227, 22.5, 0, 0, 0, 2),
(929, 29, 959, 2, 261.4, 0, 21.27, 1.22, 0, 0, 0),
(930, 28, 960, 1, 0, 4.222, 22.25, 0, 0, 0, 2),
(931, 29, 961, 2, 261.4, 0, 21.27, 1.22, 0, 0, 0),
(932, 28, 962, 1, 0, 4.222, 22.25, 0, 0, 0, 2),
(933, 29, 963, 2, 261.4, 0, 213.45, 1.22, 0, 0, 0),
(934, 28, 964, 1, 0, 4.224, 22.25, 0, 0, 0, 2),
(935, 29, 965, 2, 261.4, 0, 213.45, 1.22, 0, 0, 0),
(936, 28, 966, 1, 0, 4.217, 22.5, 0, 0, 0, 2),
(937, 29, 967, 2, 261.4, 0, 213.45, 1.22, 0, 0, 0),
(938, 28, 968, 1, 0, 4.217, 22.5, 0, 0, 0, 2),
(939, 29, 969, 2, 261.4, 0, 168.97, 1.22, 0, 0, 0),
(940, 28, 970, 1, 0, 4.222, 22, 0, 0, 0, 2),
(941, 29, 971, 2, 261.4, 0, 168.97, 1.22, 0, 0, 0),
(942, 28, 972, 1, 0, 4.222, 22, 0, 0, 0, 2),
(943, 29, 973, 2, 261.4, 0, 215.17, 1.22, 0, 0, 0),
(944, 28, 974, 1, 0, 4.219, 22, 0, 0, 0, 2),
(945, 29, 975, 2, 261.4, 0, 215.17, 1.22, 0, 0, 0),
(946, 28, 976, 1, 0, 4.219, 22, 0, 0, 0, 2),
(947, 29, 977, 2, 261.3, 0, 156.93, 1.22, 0, 0, 0),
(948, 28, 978, 1, 0, 4.219, 22, 0, 0, 0, 2),
(949, 29, 979, 2, 261.2, 0, 60.83, 1.22, 0, 0, 0),
(950, 28, 980, 1, 0, 4.222, 22, 0, 0, 0, 2),
(951, 29, 981, 2, 261.2, 0, 60.83, 1.22, 0, 0, 0),
(952, 28, 982, 1, 0, 4.222, 22, 0, 0, 0, 2),
(953, 29, 983, 2, 261.4, 0, 188.63, 1.22, 0, 0, 0),
(954, 28, 984, 1, 0, 4.225, 22, 0, 0, 0, 2),
(955, 29, 985, 2, 261.4, 0, 188.63, 1.22, 0, 0, 0),
(956, 28, 986, 1, 0, 4.223, 22.25, 0, 0, 0, 2),
(957, 29, 987, 2, 261.4, 0, 188.63, 1.22, 0, 0, 0),
(958, 28, 988, 1, 0, 4.223, 22.25, 0, 0, 0, 2),
(959, 29, 989, 2, 261.4, 0, 214.68, 1.22, 0, 0, 0),
(960, 28, 990, 1, 0, 4.221, 22, 0, 0, 0, 2),
(961, 29, 991, 2, 261.4, 0, 214.68, 1.22, 0, 0, 0),
(962, 28, 992, 1, 0, 4.221, 22, 0, 0, 0, 2),
(963, 29, 993, 2, 261.4, 0, 80.99, 1.22, 0, 0, 0),
(964, 28, 994, 1, 0, 4.221, 22, 0, 0, 0, 2),
(965, 29, 995, 2, 261.4, 0, 215.42, 1.22, 0, 0, 0),
(966, 28, 996, 1, 0, 4.223, 22.25, 0, 0, 0, 2),
(967, 29, 997, 2, 261.4, 0, 215.42, 1.22, 0, 0, 0),
(968, 28, 998, 1, 0, 4.223, 22.25, 0, 0, 0, 2),
(969, 29, 999, 2, 261.4, 0, 71.65, 1.22, 0, 0, 0),
(970, 28, 1000, 1, 0, 4.22, 22.25, 0, 0, 0, 2),
(971, 29, 1001, 2, 261.4, 0, 71.65, 1.22, 0, 0, 0),
(972, 28, 1002, 1, 0, 4.22, 22.25, 0, 0, 0, 2),
(973, 29, 1003, 2, 261.4, 0, 158.89, 1.22, 0, 0, 0),
(974, 28, 1004, 1, 0, 4.222, 22.25, 0, 0, 0, 2),
(975, 29, 1005, 2, 261.4, 0, 158.89, 1.22, 0, 0, 0),
(976, 28, 1006, 1, 0, 4.222, 22.25, 0, 0, 0, 2),
(977, 29, 1007, 2, 261.3, 0, 22.5, 1.22, 0, 0, 0),
(978, 28, 1008, 1, 0, 4.222, 22.25, 0, 0, 0, 2),
(979, 29, 1009, 2, 261.5, 0, 192.32, 1.22, 0, 0, 0),
(980, 28, 1010, 1, 0, 4.222, 22.25, 0, 0, 0, 2),
(981, 29, 1011, 2, 261.4, 0, 22.99, 1.22, 0, 0, 0),
(982, 28, 1012, 1, 0, 4.219, 22.25, 0, 0, 0, 2),
(983, 29, 1013, 2, 261.4, 0, 22.99, 1.22, 0, 0, 0),
(984, 28, 1014, 1, 0, 4.219, 22.25, 0, 0, 0, 2),
(985, 29, 1015, 2, 261.3, 0, 216.15, 1.22, 0, 0, 0),
(986, 28, 1016, 1, 0, 4.219, 22.25, 0, 0, 0, 2),
(987, 29, 1017, 2, 261.2, 0, 188.63, 1.22, 0, 0, 0),
(988, 28, 1018, 1, 0, 4.219, 22.25, 0, 0, 0, 2),
(989, 29, 1019, 2, 261.3, 0, 23.23, 1.22, 0, 0, 0),
(990, 28, 1020, 1, 0, 4.219, 22.25, 0, 0, 0, 2),
(991, 29, 1021, 2, 261.3, 0, 23.23, 1.22, 0, 0, 0),
(992, 28, 1022, 1, 0, 4.219, 22.25, 0, 0, 0, 2),
(993, 29, 1023, 2, 261.3, 0, 213.94, 1.22, 0, 0, 0),
(994, 28, 1024, 1, 0, 4.22, 22, 0, 0, 0, 2),
(995, 29, 1025, 2, 261.3, 0, 213.94, 1.22, 0, 0, 0),
(996, 28, 1026, 1, 0, 4.22, 22, 0, 0, 0, 2),
(997, 29, 1027, 2, 261.3, 0, 119.57, 1.22, 0, 0, 0),
(998, 28, 1028, 1, 0, 4.216, 22, 0, 0, 0, 2),
(999, 29, 1029, 2, 261.3, 0, 119.57, 1.22, 0, 0, 0),
(1000, 28, 1030, 1, 0, 4.216, 22, 0, 0, 0, 2),
(1001, 29, 1031, 2, 261.3, 0, 127.19, 1.22, 0, 0, 0),
(1002, 28, 1032, 1, 0, 4.219, 22.5, 0, 0, 0, 2),
(1003, 29, 1033, 2, 261.3, 0, 127.19, 1.22, 0, 0, 0),
(1004, 28, 1034, 1, 0, 4.219, 22.5, 0, 0, 0, 2),
(1005, 29, 1035, 2, 261.3, 0, 200.43, 1.22, 0, 0, 0),
(1006, 28, 1036, 1, 0, 4.218, 22.25, 0, 0, 0, 2),
(1007, 29, 1037, 2, 261.3, 0, 200.43, 1.22, 0, 0, 0),
(1008, 28, 1038, 1, 0, 4.222, 22.25, 0, 0, 0, 2),
(1009, 29, 1039, 2, 261.3, 0, 200.43, 1.22, 0, 0, 0),
(1010, 28, 1040, 1, 0, 4.222, 22.25, 0, 0, 0, 2),
(1011, 29, 1041, 2, 261.3, 0, 114.9, 1.22, 0, 0, 0),
(1012, 28, 1042, 1, 0, 4.221, 22, 0, 0, 0, 2),
(1013, 29, 1043, 2, 261.3, 0, 114.9, 1.22, 0, 0, 0),
(1014, 28, 1044, 1, 0, 4.221, 22, 0, 0, 0, 2),
(1015, 29, 1045, 2, 261.5, 0, 174.13, 1.22, 0, 0, 0),
(1016, 28, 1046, 1, 0, 4.221, 22, 0, 0, 0, 2),
(1017, 29, 1047, 2, 261.5, 0, 174.13, 1.22, 0, 0, 0),
(1018, 28, 1048, 1, 0, 4.221, 22, 0, 0, 0, 2),
(1019, 29, 1049, 2, 261.5, 0, 192.56, 1.22, 0, 0, 0),
(1020, 28, 1050, 1, 0, 4.221, 22, 0, 0, 0, 2),
(1021, 29, 1051, 2, 261.3, 0, 48.3, 1.22, 0, 0, 0),
(1022, 28, 1052, 1, 0, 4.221, 22.25, 0, 0, 0, 2),
(1023, 29, 1053, 2, 261.3, 0, 48.3, 1.22, 0, 0, 0),
(1024, 28, 1054, 1, 0, 4.221, 22.25, 0, 0, 0, 2),
(1025, 29, 1055, 2, 261.2, 0, 172.16, 1.22, 0, 0, 0),
(1026, 28, 1056, 1, 0, 4.222, 22.25, 0, 0, 0, 2),
(1027, 29, 1057, 2, 261.2, 0, 172.16, 1.22, 0, 0, 0),
(1028, 28, 1058, 1, 0, 4.222, 22.25, 0, 0, 0, 2),
(1029, 29, 1059, 2, 261.4, 0, 106.79, 1.22, 0, 0, 0),
(1030, 28, 1060, 1, 0, 4.222, 22.5, 0, 0, 0, 2),
(1031, 29, 1061, 2, 261.4, 0, 106.79, 1.22, 0, 0, 0),
(1032, 28, 1062, 1, 0, 4.222, 22.5, 0, 0, 0, 2),
(1033, 29, 1063, 2, 261.2, 0, 210.99, 1.22, 0, 0, 0),
(1034, 28, 1064, 1, 0, 4.222, 22.5, 0, 0, 0, 2),
(1035, 29, 1065, 2, 261.2, 0, 210.99, 1.22, 0, 0, 0),
(1036, 28, 1066, 1, 0, 4.222, 22.5, 0, 0, 0, 2),
(1037, 29, 1067, 2, 261.4, 0, 107.77, 1.22, 0, 0, 0),
(1038, 28, 1068, 1, 0, 4.222, 22.5, 0, 0, 0, 2),
(1039, 29, 1069, 2, 261.4, 0, 107.77, 1.22, 0, 0, 0),
(1040, 28, 1070, 1, 0, 4.222, 22.5, 0, 0, 0, 2),
(1041, 29, 1071, 2, 261.3, 0, 178.8, 1.22, 0, 0, 0),
(1042, 28, 1072, 1, 0, 4.223, 22, 0, 0, 0, 2),
(1043, 29, 1073, 2, 261.3, 0, 178.8, 1.22, 0, 0, 0),
(1044, 28, 1074, 1, 0, 4.223, 22, 0, 0, 0, 2),
(1045, 29, 1075, 2, 261.3, 0, 214.19, 1.22, 0, 0, 0),
(1046, 28, 1076, 1, 0, 4.223, 22.5, 0, 0, 0, 2),
(1047, 29, 1077, 2, 261.3, 0, 214.19, 1.22, 0, 0, 0),
(1048, 28, 1078, 1, 0, 4.223, 22.5, 0, 0, 0, 2),
(1049, 29, 1079, 2, 261.3, 0, 100.89, 1.22, 0, 0, 0),
(1050, 28, 1080, 1, 0, 4.224, 22, 0, 0, 0, 2),
(1051, 29, 1081, 2, 261.3, 0, 100.89, 1.22, 0, 0, 0),
(1052, 28, 1082, 1, 0, 4.224, 22, 0, 0, 0, 2),
(1053, 29, 1083, 2, 261.3, 0, 167.49, 1.22, 0, 0, 0),
(1054, 28, 1084, 1, 0, 4.226, 22.25, 0, 0, 0, 2),
(1055, 29, 1085, 2, 261.3, 0, 167.49, 1.22, 0, 0, 0),
(1056, 28, 1086, 1, 0, 4.226, 22.25, 0, 0, 0, 2),
(1057, 29, 1087, 2, 261.3, 0, 210.99, 1.22, 0, 0, 0),
(1058, 28, 1088, 1, 0, 4.221, 22.25, 0, 0, 0, 2),
(1059, 29, 1089, 2, 261.3, 0, 210.99, 1.22, 0, 0, 0),
(1060, 28, 1090, 1, 0, 4.221, 22.25, 0, 0, 0, 2),
(1061, 29, 1091, 2, 261.3, 0, 23.23, 1.22, 0, 0, 0),
(1062, 28, 1092, 1, 0, 4.226, 22.25, 0, 0, 0, 2),
(1063, 29, 1093, 2, 261.3, 0, 23.23, 1.22, 0, 0, 0),
(1064, 28, 1094, 1, 0, 4.226, 22.25, 0, 0, 0, 2),
(1065, 29, 1095, 2, 261.3, 0, 177.57, 1.22, 0, 0, 0),
(1066, 28, 1096, 1, 0, 4.226, 22.25, 0, 0, 0, 2),
(1067, 29, 1097, 2, 261.2, 0, 115.88, 1.22, 0, 0, 0),
(1068, 28, 1098, 1, 0, 4.226, 22.25, 0, 0, 0, 2),
(1069, 29, 1099, 2, 261.3, 0, 207.55, 1.22, 0, 0, 0),
(1070, 28, 1100, 1, 0, 4.226, 22.25, 0, 0, 0, 2),
(1071, 29, 1101, 2, 261.3, 0, 183.47, 1.22, 0, 0, 0),
(1072, 28, 1102, 1, 0, 4.224, 22.25, 0, 0, 0, 2),
(1073, 29, 1103, 2, 261.3, 0, 183.47, 1.22, 0, 0, 0),
(1074, 28, 1104, 1, 0, 4.224, 22.25, 0, 0, 0, 2);
INSERT INTO `uploadTemp` (`id`, `id_tanque`, `id_escalon_viaje_ubicacion`, `ct`, `ox`, `ph`, `temp`, `cond`, `od`, `orp`, `alerta`) VALUES
(1075, 29, 1105, 2, 261.2, 0, 50.51, 1.22, 0, 0, 0),
(1076, 28, 1106, 1, 0, 4.224, 22.25, 0, 0, 0, 2),
(1077, 29, 1107, 2, 261.4, 0, 181.26, 1.22, 0, 0, 0),
(1078, 28, 1108, 1, 0, 4.224, 22.25, 0, 0, 0, 2),
(1079, 29, 1109, 2, 261.4, 0, 181.26, 1.22, 0, 0, 0),
(1080, 28, 1110, 1, 0, 4.224, 22.25, 0, 0, 0, 2),
(1081, 29, 1111, 2, 261.4, 0, 62.06, 1.22, 0, 0, 0),
(1082, 28, 1112, 1, 0, 4.222, 22.25, 0, 0, 0, 2),
(1083, 29, 1113, 2, 261.4, 0, 62.06, 1.22, 0, 0, 0),
(1084, 28, 1114, 1, 0, 4.222, 22.25, 0, 0, 0, 2),
(1085, 29, 1115, 2, 261.4, 0, 183.71, 1.22, 0, 0, 0),
(1086, 28, 1116, 1, 0, 4.223, 22.5, 0, 0, 0, 2),
(1087, 29, 1117, 2, 261.4, 0, 183.71, 1.22, 0, 0, 0),
(1088, 28, 1118, 1, 0, 4.223, 22.5, 0, 0, 0, 2),
(1089, 29, 1119, 2, 261.3, 0, 23.97, 1.22, 0, 0, 0),
(1090, 28, 1120, 1, 0, 4.222, 22.25, 0, 0, 0, 2),
(1091, 29, 1121, 2, 261.3, 0, 23.97, 1.22, 0, 0, 0),
(1092, 28, 1122, 1, 0, 4.222, 22.25, 0, 0, 0, 2),
(1093, 29, 1123, 2, 261.3, 0, 193.05, 1.22, 0, 0, 0),
(1094, 28, 1124, 1, 0, 4.223, 22.25, 0, 0, 0, 2),
(1095, 29, 1125, 2, 261.3, 0, 193.05, 1.22, 0, 0, 0),
(1096, 28, 1126, 1, 0, 4.223, 22.25, 0, 0, 0, 2),
(1097, 29, 1127, 2, 261.3, 0, 22.5, 1.22, 0, 0, 0),
(1098, 28, 1128, 1, 0, 4.22, 22, 0, 0, 0, 2),
(1099, 29, 1129, 2, 261.3, 0, 22.5, 1.22, 0, 0, 0),
(1100, 28, 1130, 1, 0, 4.22, 22, 0, 0, 0, 2),
(1101, 29, 1131, 2, 261.3, 0, 193.05, 1.22, 0, 0, 0),
(1102, 28, 1132, 1, 0, 4.219, 22.25, 0, 0, 0, 2),
(1103, 29, 1133, 2, 261.3, 0, 193.05, 1.22, 0, 0, 0),
(1104, 28, 1134, 1, 0, 4.219, 22.25, 0, 0, 0, 2),
(1105, 29, 1135, 2, 261.3, 0, 193.3, 1.22, 0, 0, 0),
(1106, 28, 1136, 1, 0, 4.222, 22.25, 0, 0, 0, 2),
(1107, 29, 1137, 2, 261.3, 0, 193.3, 1.22, 0, 0, 0),
(1108, 28, 1138, 1, 0, 4.222, 22.25, 0, 0, 0, 2),
(1109, 29, 1139, 2, 261.2, 0, 87.62, 1.22, 0, 0, 0),
(1110, 28, 1140, 1, 0, 4.221, 22, 0, 0, 0, 2),
(1111, 29, 1141, 2, 261.2, 0, 87.62, 1.22, 0, 0, 0),
(1112, 28, 1142, 1, 0, 4.221, 22, 0, 0, 0, 2),
(1113, 29, 1143, 2, 261.2, 0, 209.03, 1.22, 0, 0, 0),
(1114, 28, 1144, 1, 0, 4.222, 22, 0, 0, 0, 2),
(1115, 29, 1145, 2, 261.2, 0, 209.03, 1.22, 0, 0, 0),
(1116, 28, 1146, 1, 0, 4.222, 22, 0, 0, 0, 2),
(1117, 29, 1147, 2, 261.2, 0, 177.57, 1.22, 0, 0, 0),
(1118, 28, 1148, 1, 0, 4.222, 22.5, 0, 0, 0, 2),
(1119, 29, 1149, 2, 261.2, 0, 177.57, 1.22, 0, 0, 0),
(1120, 28, 1150, 1, 0, 4.222, 22.5, 0, 0, 0, 2),
(1121, 29, 1151, 2, 261.3, 0, 23.23, 1.22, 0, 0, 0),
(1122, 28, 1152, 1, 0, 4.219, 22.25, 0, 0, 0, 1),
(1123, 29, 1153, 2, 261.3, 0, 23.23, 1.22, 0, 0, 0),
(1124, 28, 1154, 1, 0, 4.219, 22.25, 0, 0, 0, 1),
(1125, 29, 1155, 2, 261.3, 0, 193.05, 1.22, 0, 0, 0),
(1126, 28, 1156, 1, 0, 4.222, 22.25, 0, 0, 0, 2),
(1127, 29, 1157, 2, 261.3, 0, 193.05, 1.22, 0, 0, 0),
(1128, 28, 1158, 1, 0, 4.222, 22.25, 0, 0, 0, 2),
(1129, 29, 1159, 2, 261.3, 0, 130.63, 1.22, 0, 0, 0),
(1130, 28, 1160, 1, 0, 4.22, 22.25, 0, 0, 0, 2),
(1131, 29, 1161, 2, 261.3, 0, 130.63, 1.22, 0, 0, 0),
(1132, 28, 1162, 1, 0, 4.22, 22.25, 0, 0, 0, 2),
(1133, 29, 1163, 2, 261.3, 0, 116.87, 1.22, 0, 0, 0),
(1134, 28, 1164, 1, 0, 4.222, 22, 0, 0, 0, 2),
(1135, 29, 1165, 2, 261.3, 0, 116.87, 1.22, 0, 0, 0),
(1136, 28, 1166, 1, 0, 4.222, 22, 0, 0, 0, 2),
(1137, 29, 1167, 2, 261.1, 0, 199.2, 1.22, 0, 0, 0),
(1138, 28, 1168, 1, 0, 4.223, 22.5, 0, 0, 0, 2),
(1139, 29, 1169, 2, 261.1, 0, 199.2, 1.22, 0, 0, 0),
(1140, 28, 1170, 1, 0, 4.223, 22.5, 0, 0, 0, 2),
(1141, 29, 1171, 2, 261.1, 0, 215.42, 1.22, 0, 0, 0),
(1142, 28, 1172, 1, 0, 4.221, 22.25, 0, 0, 0, 2),
(1143, 29, 1173, 2, 261.1, 0, 215.42, 1.22, 0, 0, 0),
(1144, 28, 1174, 1, 0, 4.221, 22.25, 0, 0, 0, 2),
(1145, 29, 1175, 2, 261.2, 0, 172.65, 1.22, 0, 0, 0),
(1146, 28, 1176, 1, 0, 4.221, 22.25, 0, 0, 0, 2),
(1147, 29, 1177, 2, 261.2, 0, 172.65, 1.22, 0, 0, 0),
(1148, 28, 1178, 1, 0, 4.221, 22.25, 0, 0, 0, 2),
(1149, 29, 1179, 2, 261.2, 0, 19.55, 1.22, 0, 0, 0),
(1150, 28, 1180, 1, 0, 4.22, 22.25, 0, 0, 0, 2),
(1151, 29, 1181, 2, 261.2, 0, 19.55, 1.22, 0, 0, 0),
(1152, 28, 1182, 1, 0, 4.22, 22.25, 0, 0, 0, 2),
(1153, 29, 1183, 2, 261.2, 0, 174.13, 1.22, 0, 0, 0),
(1154, 28, 1184, 1, 0, 4.221, 22.25, 0, 0, 0, 2),
(1155, 29, 1185, 2, 261.2, 0, 174.13, 1.22, 0, 0, 0),
(1156, 28, 1186, 1, 0, 4.221, 22.25, 0, 0, 0, 2),
(1157, 29, 1187, 2, 261.1, 0, 23.48, 1.22, 0, 0, 0),
(1158, 28, 1188, 1, 0, 4.223, 22.25, 0, 0, 0, 2),
(1159, 29, 1189, 2, 261.1, 0, 23.48, 1.22, 0, 0, 0),
(1160, 28, 1190, 1, 0, 4.223, 22.25, 0, 0, 0, 2),
(1161, 29, 1191, 2, 261.3, 0, 215.66, 1.22, 0, 0, 0),
(1162, 28, 1192, 1, 0, 4.223, 22, 0, 0, 0, 2),
(1163, 29, 1193, 2, 261.3, 0, 215.66, 1.22, 0, 0, 0),
(1164, 28, 1194, 1, 0, 4.223, 22, 0, 0, 0, 2),
(1165, 29, 1195, 2, 261.2, 0, 170.69, 1.22, 0, 0, 0),
(1166, 28, 1196, 1, 0, 4.22, 22.5, 0, 0, 0, 2),
(1167, 29, 1197, 2, 261.2, 0, 170.69, 1.22, 0, 0, 0),
(1168, 28, 1198, 1, 0, 4.223, 22.5, 0, 0, 0, 2),
(1169, 29, 1199, 2, 261.2, 0, 170.69, 1.22, 0, 0, 0),
(1170, 28, 1200, 1, 0, 4.223, 22.5, 0, 0, 0, 2),
(1171, 29, 1201, 2, 261.2, 0, 215.66, 1.22, 0, 0, 0),
(1172, 28, 1202, 1, 0, 4.219, 22.5, 0, 0, 0, 2),
(1173, 29, 1203, 2, 261.2, 0, 215.66, 1.22, 0, 0, 0),
(1174, 28, 1204, 1, 0, 4.219, 22.5, 0, 0, 0, 2),
(1175, 29, 1205, 2, 261.2, 0, 188.63, 1.22, 0, 0, 0),
(1176, 28, 1206, 1, 0, 4.22, 22.5, 0, 0, 0, 2),
(1177, 29, 1207, 2, 261.2, 0, 188.63, 1.22, 0, 0, 0),
(1178, 28, 1208, 1, 0, 4.22, 22.5, 0, 0, 0, 2),
(1179, 29, 1209, 2, 261.3, 0, 109.25, 1.22, 0, 0, 0),
(1180, 28, 1210, 1, 0, 4.221, 22.5, 0, 0, 0, 2),
(1181, 29, 1211, 2, 261.3, 0, 109.25, 1.22, 0, 0, 0),
(1182, 28, 1212, 1, 0, 4.221, 22.5, 0, 0, 0, 2),
(1183, 29, 1213, 2, 261.4, 0, 21.76, 1.22, 0, 0, 0),
(1184, 28, 1214, 1, 0, 4.222, 22.25, 0, 0, 0, 2),
(1185, 29, 1215, 2, 261.4, 0, 21.76, 1.22, 0, 0, 0),
(1186, 28, 1216, 1, 0, 4.222, 22.25, 0, 0, 0, 2),
(1187, 29, 1217, 2, 261.4, 0, 214.43, 1.22, 0, 0, 0),
(1188, 28, 1218, 1, 0, 4.22, 22.25, 0, 0, 0, 2),
(1189, 29, 1219, 2, 261.4, 0, 214.43, 1.22, 0, 0, 0),
(1190, 28, 1220, 1, 0, 4.22, 22.25, 0, 0, 0, 2),
(1191, 29, 1221, 2, 261.2, 0, 23.23, 1.22, 0, 0, 0),
(1192, 28, 1222, 1, 0, 4.222, 22.25, 0, 0, 0, 2),
(1193, 29, 1223, 2, 261.2, 0, 23.23, 1.22, 0, 0, 0),
(1194, 28, 1224, 1, 0, 4.222, 22.25, 0, 0, 0, 2),
(1195, 29, 1225, 2, 261.5, 0, 215.42, 1.22, 0, 0, 0),
(1196, 28, 1226, 1, 0, 4.221, 22.25, 0, 0, 0, 2),
(1197, 29, 1227, 2, 261.5, 0, 215.42, 1.22, 0, 0, 0),
(1198, 28, 1228, 1, 0, 4.221, 22.25, 0, 0, 0, 2),
(1199, 29, 1229, 2, 261.4, 0, 190.6, 1.22, 0, 0, 0),
(1200, 28, 1230, 1, 0, 4.219, 22.25, 0, 0, 0, 2),
(1201, 29, 1231, 2, 261.4, 0, 190.6, 1.22, 0, 0, 0),
(1202, 28, 1232, 1, 0, 4.219, 22.25, 0, 0, 0, 2),
(1203, 29, 1233, 2, 261.5, 0, 72.38, 1.22, 0, 0, 0),
(1204, 28, 1234, 1, 0, 4.222, 22.25, 0, 0, 0, 2),
(1205, 29, 1235, 2, 261.5, 0, 72.38, 1.22, 0, 0, 0),
(1206, 28, 1236, 1, 0, 4.222, 22.25, 0, 0, 0, 2),
(1207, 29, 1237, 2, 261.4, 0, 209.52, 1.22, 0, 0, 0),
(1208, 28, 1238, 1, 0, 4.221, 22.25, 0, 0, 0, 2),
(1209, 29, 1239, 2, 261.4, 0, 209.52, 1.22, 0, 0, 0),
(1210, 28, 1240, 1, 0, 4.219, 22.25, 0, 0, 0, 2),
(1211, 29, 1241, 2, 261.4, 0, 209.52, 1.22, 0, 0, 0),
(1212, 28, 1242, 1, 0, 4.219, 22.25, 0, 0, 0, 2),
(1213, 29, 1243, 2, 261.5, 0, 191.33, 1.22, 0, 0, 0),
(1214, 28, 1244, 1, 0, 4.216, 22.25, 0, 0, 0, 2),
(1215, 29, 1245, 2, 261.5, 0, 191.33, 1.22, 0, 0, 0),
(1216, 28, 1246, 1, 0, 4.216, 22.25, 0, 0, 0, 2),
(1217, 29, 1247, 2, 261.4, 0, 190.35, 1.22, 0, 0, 0),
(1218, 28, 1248, 1, 0, 4.219, 22.25, 0, 0, 0, 2),
(1219, 29, 1249, 2, 261.4, 0, 190.35, 1.22, 0, 0, 0),
(1220, 28, 1250, 1, 0, 4.219, 22.25, 0, 0, 0, 2),
(1221, 29, 1251, 2, 261.4, 0, 186.42, 1.22, 0, 0, 0),
(1222, 28, 1252, 1, 0, 4.218, 22.25, 0, 0, 0, 2),
(1223, 29, 1253, 2, 261.4, 0, 186.42, 1.22, 0, 0, 0),
(1224, 28, 1254, 1, 0, 4.218, 22.25, 0, 0, 0, 2),
(1225, 29, 1255, 2, 261.4, 0, 117.6, 1.22, 0, 0, 0),
(1226, 28, 1256, 1, 0, 4.217, 22, 0, 0, 0, 2),
(1227, 29, 1257, 2, 261.4, 0, 117.6, 1.22, 0, 0, 0),
(1228, 28, 1258, 1, 0, 4.217, 22, 0, 0, 0, 2),
(1229, 29, 1259, 2, 261.4, 0, 22.74, 1.22, 0, 0, 0),
(1230, 28, 1260, 1, 0, 4.222, 22.25, 0, 0, 0, 2),
(1231, 29, 1261, 2, 261.4, 0, 22.74, 1.22, 0, 0, 0),
(1232, 28, 1262, 1, 0, 4.222, 22.25, 0, 0, 0, 2),
(1233, 29, 1263, 2, 261.4, 0, 215.66, 1.22, 0, 0, 0),
(1234, 28, 1264, 1, 0, 4.218, 22.25, 0, 0, 0, 2),
(1235, 29, 1265, 2, 261.4, 0, 215.66, 1.22, 0, 0, 0),
(1236, 28, 1266, 1, 0, 4.218, 22.25, 0, 0, 0, 2),
(1237, 29, 1267, 2, 261.5, 0, 192.56, 1.22, 0, 0, 0),
(1238, 28, 1268, 1, 0, 4.218, 22.25, 0, 0, 0, 2),
(1239, 29, 1269, 2, 261.5, 0, 192.56, 1.22, 0, 0, 0),
(1240, 28, 1270, 1, 0, 4.218, 22.25, 0, 0, 0, 2),
(1241, 29, 1271, 2, 261.5, 0, 172.41, 1.22, 0, 0, 0),
(1242, 28, 1272, 1, 0, 4.217, 22.25, 0, 0, 0, 2),
(1243, 29, 1273, 2, 261.5, 0, 172.41, 1.22, 0, 0, 0),
(1244, 28, 1274, 1, 0, 4.217, 22.25, 0, 0, 0, 2),
(1245, 29, 1275, 2, 261.6, 0, 23.48, 1.22, 0, 0, 0),
(1246, 28, 1276, 1, 0, 4.216, 22.25, 0, 0, 0, 2),
(1247, 29, 1277, 2, 261.6, 0, 23.48, 1.22, 0, 0, 0),
(1248, 28, 1278, 1, 0, 4.216, 22.25, 0, 0, 0, 2),
(1249, 29, 1279, 2, 261.5, 0, 192.32, 1.22, 0, 0, 0),
(1250, 28, 1280, 1, 0, 4.219, 22.25, 0, 0, 0, 2),
(1251, 29, 1281, 2, 261.5, 0, 192.32, 1.22, 0, 0, 0),
(1252, 28, 1282, 1, 0, 4.219, 22.25, 0, 0, 0, 2),
(1253, 29, 1283, 2, 261.5, 0, 21.02, 1.22, 0, 0, 0),
(1254, 28, 1284, 1, 0, 4.216, 22.25, 0, 0, 0, 2),
(1255, 29, 1285, 2, 261.5, 0, 21.02, 1.22, 0, 0, 0),
(1256, 28, 1286, 1, 0, 4.216, 22.25, 0, 0, 0, 2),
(1257, 29, 1287, 2, 261.4, 0, 213.7, 1.22, 0, 0, 0),
(1258, 28, 1288, 1, 0, 4.217, 22.25, 0, 0, 0, 2),
(1259, 29, 1289, 2, 261.4, 0, 213.7, 1.22, 0, 0, 0),
(1260, 28, 1290, 1, 0, 4.217, 22.25, 0, 0, 0, 2),
(1261, 29, 1291, 2, 261.5, 0, 188.14, 1.22, 0, 0, 0),
(1262, 28, 1292, 1, 0, 4.215, 22.25, 0, 0, 0, 2),
(1263, 29, 1293, 2, 261.5, 0, 188.14, 1.22, 0, 0, 0),
(1264, 28, 1294, 1, 0, 4.215, 22.25, 0, 0, 0, 2),
(1265, 29, 1295, 2, 261.6, 0, 24.22, 1.22, 0, 0, 0),
(1266, 28, 1296, 1, 0, 4.217, 22.5, 0, 0, 0, 2),
(1267, 29, 1297, 2, 261.6, 0, 24.22, 1.22, 0, 0, 0),
(1268, 28, 1298, 1, 0, 4.217, 22.5, 0, 0, 0, 2),
(1269, 29, 1299, 2, 261.6, 0, 208.04, 1.22, 0, 0, 0),
(1270, 28, 1300, 1, 0, 4.219, 22.5, 0, 0, 0, 2),
(1271, 29, 1301, 2, 261.6, 0, 208.04, 1.22, 0, 0, 0),
(1272, 28, 1302, 1, 0, 4.219, 22.5, 0, 0, 0, 2),
(1273, 29, 1303, 2, 261.6, 0, 212.22, 1.22, 0, 0, 0),
(1274, 28, 1304, 1, 0, 4.219, 22.25, 0, 0, 0, 2),
(1275, 29, 1305, 2, 261.6, 0, 212.22, 1.22, 0, 0, 0),
(1276, 28, 1306, 1, 0, 4.219, 22.25, 0, 0, 0, 2),
(1277, 29, 1307, 2, 261.6, 0, 119.08, 1.22, 0, 0, 0),
(1278, 28, 1308, 1, 0, 4.22, 22.25, 0, 0, 0, 2),
(1279, 29, 1309, 2, 261.6, 0, 119.08, 1.22, 0, 0, 0),
(1280, 28, 1310, 1, 0, 4.22, 22.25, 0, 0, 0, 2),
(1281, 29, 1311, 2, 261.6, 0, 167.49, 1.22, 0, 0, 0),
(1282, 28, 1312, 1, 0, 4.22, 22.25, 0, 0, 0, 2),
(1283, 29, 1313, 2, 261.5, 0, 198.95, 1.22, 0, 0, 0),
(1284, 28, 1314, 1, 0, 4.22, 22.25, 0, 0, 0, 2),
(1285, 29, 1315, 2, 261.4, 0, 214.68, 1.22, 0, 0, 0),
(1286, 28, 1316, 1, 0, 4.215, 22.5, 0, 0, 0, 2),
(1287, 29, 1317, 2, 261.4, 0, 214.68, 1.22, 0, 0, 0),
(1288, 28, 1318, 1, 0, 4.215, 22.5, 0, 0, 0, 2),
(1289, 29, 1319, 2, 261.6, 0, 192.32, 1.22, 0, 0, 0),
(1290, 28, 1320, 1, 0, 4.217, 22.25, 0, 0, 0, 2),
(1291, 29, 1321, 2, 261.6, 0, 192.32, 1.22, 0, 0, 0),
(1292, 28, 1322, 1, 0, 4.217, 22.25, 0, 0, 0, 2),
(1293, 29, 1323, 2, 261.5, 0, 184.94, 1.22, 0, 0, 0),
(1294, 28, 1324, 1, 0, 4.218, 22.5, 0, 0, 0, 2),
(1295, 29, 1325, 2, 261.5, 0, 184.94, 1.22, 0, 0, 0),
(1296, 28, 1326, 1, 0, 4.218, 22.5, 0, 0, 0, 2),
(1297, 29, 1327, 2, 261.5, 0, 70.91, 1.22, 0, 0, 0),
(1298, 28, 1328, 1, 0, 4.215, 22.25, 0, 0, 0, 2),
(1299, 29, 1329, 2, 261.5, 0, 70.91, 1.22, 0, 0, 0),
(1300, 28, 1330, 1, 0, 4.215, 22.25, 0, 0, 0, 2),
(1301, 29, 1331, 2, 261.5, 0, 207.55, 1.22, 0, 0, 0),
(1302, 28, 1332, 1, 0, 4.22, 22.25, 0, 0, 0, 2),
(1303, 29, 1333, 2, 261.5, 0, 207.55, 1.22, 0, 0, 0),
(1304, 28, 1334, 1, 0, 4.22, 22.25, 0, 0, 0, 2),
(1305, 29, 1335, 2, 261.6, 0, 207.8, 1.22, 0, 0, 0),
(1306, 28, 1336, 1, 0, 4.217, 22, 0, 0, 0, 2),
(1307, 29, 1337, 2, 261.6, 0, 207.8, 1.22, 0, 0, 0),
(1308, 28, 1338, 1, 0, 4.217, 22, 0, 0, 0, 2),
(1309, 29, 1339, 2, 261.7, 0, 178.06, 1.22, 0, 0, 0),
(1310, 28, 1340, 1, 0, 4.218, 22.5, 0, 0, 0, 2),
(1311, 29, 1341, 2, 261.7, 0, 178.06, 1.22, 0, 0, 0),
(1312, 28, 1342, 1, 0, 4.218, 22.5, 0, 0, 0, 2),
(1313, 29, 1343, 2, 261.7, 0, 23.97, 1.22, 0, 0, 0),
(1314, 28, 1344, 1, 0, 4.218, 22.5, 0, 0, 0, 2),
(1315, 29, 1345, 2, 261.7, 0, 23.97, 1.22, 0, 0, 0),
(1316, 28, 1346, 1, 0, 4.218, 22.5, 0, 0, 0, 2),
(1317, 29, 1347, 2, 261.8, 0, 188.14, 1.22, 0, 0, 0),
(1318, 28, 1348, 1, 0, 4.218, 22.5, 0, 0, 0, 2),
(1319, 29, 1349, 2, 261.7, 0, 21.76, 1.22, 0, 0, 0),
(1320, 28, 1350, 1, 0, 4.221, 22.25, 0, 0, 0, 2),
(1321, 29, 1351, 2, 261.7, 0, 21.76, 1.22, 0, 0, 0),
(1322, 28, 1352, 1, 0, 4.221, 22.25, 0, 0, 0, 2),
(1323, 29, 1353, 2, 261.8, 0, 209.52, 1.22, 0, 0, 0),
(1324, 28, 1354, 1, 0, 4.219, 22.5, 0, 0, 0, 2),
(1325, 29, 1355, 2, 261.8, 0, 209.52, 1.22, 0, 0, 0),
(1326, 28, 1356, 1, 0, 4.219, 22.5, 0, 0, 0, 2),
(1327, 29, 1357, 2, 261.9, 0, 216.4, 1.22, 0, 0, 0),
(1328, 28, 1358, 1, 0, 4.218, 22.25, 0, 0, 0, 2),
(1329, 29, 1359, 2, 261.9, 0, 216.4, 1.22, 0, 0, 0),
(1330, 28, 1360, 1, 0, 4.218, 22.25, 0, 0, 0, 2),
(1331, 29, 1361, 2, 261.7, 0, 214.19, 1.22, 0, 0, 0),
(1332, 28, 1362, 1, 0, 4.217, 22, 0, 0, 0, 2),
(1333, 29, 1363, 2, 261.7, 0, 214.19, 1.22, 0, 0, 0),
(1334, 28, 1364, 1, 0, 4.217, 22, 0, 0, 0, 2),
(1335, 29, 1365, 2, 261.7, 0, 213.45, 1.22, 0, 0, 0),
(1336, 28, 1366, 1, 0, 4.221, 22.25, 0, 0, 0, 2),
(1337, 29, 1367, 2, 261.7, 0, 213.45, 1.22, 0, 0, 0),
(1338, 28, 1368, 1, 0, 4.221, 22.25, 0, 0, 0, 2),
(1339, 29, 1369, 2, 261.8, 0, 190.35, 1.22, 0, 0, 0),
(1340, 28, 1370, 1, 0, 4.218, 22.25, 0, 0, 0, 2),
(1341, 29, 1371, 2, 261.8, 0, 190.35, 1.22, 0, 0, 0),
(1342, 28, 1372, 1, 0, 4.218, 22.25, 0, 0, 0, 2),
(1343, 29, 1373, 2, 261.8, 0, 148.82, 1.22, 0, 0, 0),
(1344, 28, 1374, 1, 0, 4.219, 22.25, 0, 0, 0, 2),
(1345, 29, 1375, 2, 261.8, 0, 148.82, 1.22, 0, 0, 0),
(1346, 28, 1376, 1, 0, 4.219, 22.25, 0, 0, 0, 2),
(1347, 29, 1377, 2, 261.9, 0, 22.25, 1.22, 0, 0, 0),
(1348, 28, 1378, 1, 0, 4.22, 22.5, 0, 0, 0, 2),
(1349, 29, 1379, 2, 261.9, 0, 22.25, 1.22, 0, 0, 0),
(1350, 28, 1380, 1, 0, 4.22, 22.5, 0, 0, 0, 2),
(1351, 29, 1381, 2, 261.9, 0, 209.52, 1.22, 0, 0, 0),
(1352, 28, 1382, 1, 0, 4.219, 22.25, 0, 0, 0, 2),
(1353, 29, 1383, 2, 261.9, 0, 209.52, 1.22, 0, 0, 0),
(1354, 28, 1384, 1, 0, 4.219, 22.25, 0, 0, 0, 2),
(1355, 29, 1385, 2, 261.8, 0, 211.48, 1.22, 0, 0, 0),
(1356, 28, 1386, 1, 0, 4.222, 22.25, 0, 0, 0, 2),
(1357, 29, 1387, 2, 261.8, 0, 211.48, 1.22, 0, 0, 0),
(1358, 28, 1388, 1, 0, 4.218, 21.51, 0, 0, 0, 2),
(1359, 29, 1389, 2, 261.8, 0, 211.48, 1.22, 0, 0, 0),
(1360, 28, 1390, 1, 0, 4.218, 21.51, 0, 0, 0, 2),
(1361, 29, 1391, 2, 261.8, 0, 22.25, 1.22, 0, 0, 0),
(1362, 28, 1392, 1, 0, 4.218, 22.5, 0, 0, 0, 2),
(1363, 29, 1393, 2, 261.8, 0, 22.25, 1.22, 0, 0, 0),
(1364, 28, 1394, 1, 0, 4.218, 22.5, 0, 0, 0, 2),
(1365, 29, 1395, 2, 261.7, 0, 209.52, 1.22, 0, 0, 0),
(1366, 28, 1396, 1, 0, 4.219, 22, 0, 0, 0, 2),
(1367, 29, 1397, 2, 261.7, 0, 209.52, 1.22, 0, 0, 0),
(1368, 28, 1398, 1, 0, 4.219, 22, 0, 0, 0, 2),
(1369, 29, 1399, 2, 261.9, 0, 192.32, 1.22, 0, 0, 0),
(1370, 28, 1400, 1, 0, 4.219, 22, 0, 0, 0, 2),
(1371, 29, 1401, 2, 261.9, 0, 39.7, 1.22, 0, 0, 0),
(1372, 28, 1402, 1, 0, 4.219, 22.5, 0, 0, 0, 2),
(1373, 29, 1403, 2, 261.9, 0, 39.7, 1.22, 0, 0, 0),
(1374, 28, 1404, 1, 0, 4.219, 22.5, 0, 0, 0, 2),
(1375, 29, 1405, 2, 261.7, 0, 213.45, 1.22, 0, 0, 0),
(1376, 28, 1406, 1, 0, 4.218, 22.5, 0, 0, 0, 2),
(1377, 29, 1407, 2, 261.7, 0, 213.45, 1.22, 0, 0, 0),
(1378, 28, 1408, 1, 0, 4.218, 22.5, 0, 0, 0, 2),
(1379, 29, 1409, 2, 261.8, 0, 192.32, 1.22, 0, 0, 0),
(1380, 28, 1410, 1, 0, 4.218, 22.5, 0, 0, 0, 2),
(1381, 29, 1411, 2, 261.8, 0, 192.32, 1.22, 0, 0, 0),
(1382, 28, 1412, 1, 0, 4.218, 22.5, 0, 0, 0, 2),
(1383, 29, 1413, 2, 261.7, 0, 149.31, 1.22, 0, 0, 0),
(1384, 28, 1414, 1, 0, 4.216, 22.25, 0, 0, 0, 2),
(1385, 29, 1415, 2, 261.7, 0, 149.31, 1.22, 0, 0, 0),
(1386, 28, 1416, 1, 0, 4.216, 22.25, 0, 0, 0, 2),
(1387, 29, 1417, 2, 262, 0, 20.53, 1.22, 0, 0, 0),
(1388, 28, 1418, 1, 0, 4.216, 22.25, 0, 0, 0, 2),
(1389, 29, 1419, 2, 262, 0, 20.53, 1.22, 0, 0, 0),
(1390, 28, 1420, 1, 0, 4.216, 22.25, 0, 0, 0, 2),
(1391, 29, 1421, 2, 262, 0, 208.04, 1.22, 0, 0, 0),
(1392, 28, 1422, 1, 0, 4.219, 22.5, 0, 0, 0, 2),
(1393, 29, 1423, 2, 262, 0, 208.04, 1.22, 0, 0, 0),
(1394, 28, 1424, 1, 0, 4.219, 22.5, 0, 0, 0, 2),
(1395, 29, 1425, 2, 261.9, 0, 216.4, 1.22, 0, 0, 0),
(1396, 28, 1426, 1, 0, 4.222, 22.5, 0, 0, 0, 2),
(1397, 29, 1427, 2, 261.9, 0, 216.4, 1.22, 0, 0, 0),
(1398, 28, 1428, 1, 0, 4.222, 22.5, 0, 0, 0, 2),
(1399, 29, 1429, 2, 261.9, 0, 190.35, 1.22, 0, 0, 0),
(1400, 28, 1430, 1, 0, 4.219, 22.5, 0, 0, 0, 2),
(1401, 29, 1431, 2, 261.9, 0, 190.35, 1.22, 0, 0, 0),
(1402, 28, 1432, 1, 0, 4.219, 22.5, 0, 0, 0, 2),
(1403, 29, 1433, 2, 262, 0, 70.91, 1.22, 0, 0, 0),
(1404, 28, 1434, 1, 0, 4.22, 22.25, 0, 0, 0, 2),
(1405, 29, 1435, 2, 262, 0, 70.91, 1.22, 0, 0, 0),
(1406, 28, 1436, 1, 0, 4.22, 22.25, 0, 0, 0, 2),
(1407, 29, 1437, 2, 262, 0, 208.54, 1.22, 0, 0, 0),
(1408, 28, 1438, 1, 0, 4.215, 22.25, 0, 0, 0, 2),
(1409, 29, 1439, 2, 262, 0, 208.54, 1.22, 0, 0, 0),
(1410, 28, 1440, 1, 0, 4.215, 22.25, 0, 0, 0, 2),
(1411, 29, 1441, 2, 262, 0, 215.17, 1.22, 0, 0, 0),
(1412, 28, 1442, 1, 0, 4.219, 22, 0, 0, 0, 2),
(1413, 29, 1443, 2, 262, 0, 215.17, 1.22, 0, 0, 0),
(1414, 28, 1444, 1, 0, 4.219, 22, 0, 0, 0, 2),
(1415, 29, 1445, 2, 262, 0, 190.6, 1.22, 0, 0, 0),
(1416, 28, 1446, 1, 0, 4.219, 22, 0, 0, 0, 2),
(1417, 29, 1447, 2, 262, 0, 168.23, 1.22, 0, 0, 0),
(1418, 28, 1448, 1, 0, 4.216, 22.5, 0, 0, 0, 2),
(1419, 29, 1449, 2, 262, 0, 168.23, 1.22, 0, 0, 0),
(1420, 28, 1450, 1, 0, 4.216, 22.5, 0, 0, 0, 2),
(1421, 29, 1451, 2, 262, 0, 22.74, 1.22, 0, 0, 0),
(1422, 28, 1452, 1, 0, 4.216, 22, 0, 0, 0, 2),
(1423, 29, 1453, 2, 262, 0, 22.74, 1.22, 0, 0, 0),
(1424, 28, 1454, 1, 0, 4.216, 22, 0, 0, 0, 2),
(1425, 29, 1455, 2, 262, 0, 208.78, 1.22, 0, 0, 0),
(1426, 28, 1456, 1, 0, 4.217, 22, 0, 0, 0, 2),
(1427, 29, 1457, 2, 262, 0, 208.78, 1.22, 0, 0, 0),
(1428, 28, 1458, 1, 0, 4.217, 22, 0, 0, 0, 2),
(1429, 29, 1459, 2, 261.8, 0, 192.32, 1.22, 0, 0, 0),
(1430, 28, 1460, 1, 0, 4.217, 22.5, 0, 0, 0, 2),
(1431, 29, 1461, 2, 261.8, 0, 192.32, 1.22, 0, 0, 0),
(1432, 28, 1462, 1, 0, 4.217, 22.5, 0, 0, 0, 2),
(1433, 29, 1463, 2, 261.9, 0, 117.36, 1.22, 0, 0, 0),
(1434, 28, 1464, 1, 0, 4.217, 22.5, 0, 0, 0, 2),
(1435, 29, 1465, 2, 261.9, 0, 22, 1.22, 0, 0, 0),
(1436, 28, 1466, 1, 0, 4.217, 22.5, 0, 0, 0, 2),
(1437, 29, 1467, 2, 261.8, 0, 216.65, 1.22, 0, 0, 0),
(1438, 28, 1468, 1, 0, 4.216, 22.25, 0, 0, 0, 2),
(1439, 29, 1469, 2, 261.8, 0, 216.65, 1.22, 0, 0, 0),
(1440, 28, 1470, 1, 0, 4.216, 22.25, 0, 0, 0, 2),
(1441, 29, 1471, 2, 261.8, 0, 187.65, 1.22, 0, 0, 0),
(1442, 28, 1472, 1, 0, 4.215, 22, 0, 0, 0, 2),
(1443, 29, 1473, 2, 261.8, 0, 187.65, 1.22, 0, 0, 0),
(1444, 28, 1474, 1, 0, 4.215, 22, 0, 0, 0, 2),
(1445, 29, 1475, 2, 261.8, 0, 58.87, 1.22, 0, 0, 0),
(1446, 28, 1476, 1, 0, 4.218, 22.25, 0, 0, 0, 2),
(1447, 29, 1477, 2, 261.8, 0, 58.87, 1.22, 0, 0, 0),
(1448, 28, 1478, 1, 0, 4.218, 22.25, 0, 0, 0, 2),
(1449, 29, 1479, 2, 261.9, 0, 213.45, 1.22, 0, 0, 0),
(1450, 28, 1480, 1, 0, 4.215, 22.25, 0, 0, 0, 2),
(1451, 29, 1481, 2, 261.9, 0, 213.45, 1.22, 0, 0, 0),
(1452, 28, 1482, 1, 0, 4.215, 22.25, 0, 0, 0, 2),
(1453, 29, 1483, 2, 261.9, 0, 192.32, 1.22, 0, 0, 0),
(1454, 28, 1484, 1, 0, 4.218, 22.5, 0, 0, 0, 2),
(1455, 29, 1485, 2, 261.9, 0, 192.32, 1.22, 0, 0, 0),
(1456, 28, 1486, 1, 0, 4.218, 22.5, 0, 0, 0, 2),
(1457, 29, 1487, 2, 262, 0, 138.74, 1.22, 0, 0, 0),
(1458, 28, 1488, 1, 0, 4.215, 22.5, 0, 0, 0, 2),
(1459, 29, 1489, 2, 262, 0, 138.74, 1.22, 0, 0, 0),
(1460, 28, 1490, 1, 0, 4.215, 22.5, 0, 0, 0, 2),
(1461, 29, 1491, 2, 262, 0, 19.55, 1.22, 0, 0, 0),
(1462, 28, 1492, 1, 0, 4.215, 22.25, 0, 0, 0, 2),
(1463, 29, 1493, 2, 262, 0, 19.55, 1.22, 0, 0, 0),
(1464, 28, 1494, 1, 0, 4.215, 22.25, 0, 0, 0, 2),
(1465, 29, 1495, 2, 261.9, 0, 202.39, 1.22, 0, 0, 0),
(1466, 28, 1496, 1, 0, 4.215, 22.25, 0, 0, 0, 2),
(1467, 29, 1497, 2, 261.9, 0, 214.68, 1.22, 0, 0, 0),
(1468, 28, 1498, 1, 0, 4.217, 22.74, 0, 0, 0, 2),
(1469, 29, 1499, 2, 261.9, 0, 214.68, 1.22, 0, 0, 0),
(1470, 28, 1500, 1, 0, 4.217, 22.74, 0, 0, 0, 2),
(1471, 29, 1501, 2, 261.8, 0, 191.09, 1.22, 0, 0, 0),
(1472, 28, 1502, 1, 0, 4.217, 22.25, 0, 0, 0, 2),
(1473, 29, 1503, 2, 261.8, 0, 191.09, 1.22, 0, 0, 0),
(1474, 28, 1504, 1, 0, 4.217, 22.25, 0, 0, 0, 2),
(1475, 29, 1505, 2, 261.8, 0, 140.95, 1.22, 0, 0, 0),
(1476, 28, 1506, 1, 0, 4.219, 22.25, 0, 0, 0, 2),
(1477, 29, 1507, 2, 261.8, 0, 140.95, 1.22, 0, 0, 0),
(1478, 28, 1508, 1, 0, 4.219, 22.25, 0, 0, 0, 2),
(1479, 29, 1509, 2, 261.9, 0, 19.3, 1.22, 0, 0, 0),
(1480, 28, 1510, 1, 0, 4.217, 22.5, 0, 0, 0, 2),
(1481, 29, 1511, 2, 261.9, 0, 19.3, 1.22, 0, 0, 0),
(1482, 28, 1512, 1, 0, 4.217, 22.5, 0, 0, 0, 2),
(1483, 29, 1513, 2, 261.9, 0, 214.68, 1.22, 0, 0, 0),
(1484, 28, 1514, 1, 0, 4.215, 22, 0, 0, 0, 2),
(1485, 29, 1515, 2, 261.9, 0, 214.68, 1.22, 0, 0, 0),
(1486, 28, 1516, 1, 0, 4.215, 22, 0, 0, 0, 2),
(1487, 29, 1517, 2, 262, 0, 184.21, 1.22, 0, 0, 0),
(1488, 28, 1518, 1, 0, 4.213, 22.5, 0, 0, 0, 2),
(1489, 29, 1519, 2, 262, 0, 184.21, 1.22, 0, 0, 0),
(1490, 28, 1520, 1, 0, 4.214, 22.25, 0, 0, 0, 2),
(1491, 29, 1521, 2, 262, 0, 184.21, 1.22, 0, 0, 0),
(1492, 28, 1522, 1, 0, 4.214, 22.25, 0, 0, 0, 2),
(1493, 29, 1523, 2, 261.9, 0, 203.87, 1.22, 0, 0, 0),
(1494, 28, 1524, 1, 0, 4.214, 22.25, 0, 0, 0, 2),
(1495, 29, 1525, 2, 261.8, 0, 212.22, 1.22, 0, 0, 0),
(1496, 28, 1526, 1, 0, 4.215, 22.25, 0, 0, 0, 2),
(1497, 29, 1527, 2, 261.8, 0, 212.22, 1.22, 0, 0, 0),
(1498, 28, 1528, 1, 0, 4.215, 22.25, 0, 0, 0, 2),
(1499, 29, 1529, 2, 261.7, 0, 116.38, 1.22, 0, 0, 0),
(1500, 28, 1530, 1, 0, 4.217, 22.5, 0, 0, 0, 2),
(1501, 29, 1531, 2, 261.7, 0, 116.38, 1.22, 0, 0, 0),
(1502, 28, 1532, 1, 0, 4.217, 22.5, 0, 0, 0, 2),
(1503, 29, 1533, 2, 261.8, 0, 112.69, 1.22, 0, 0, 0),
(1504, 28, 1534, 1, 0, 4.213, 22.25, 0, 0, 0, 2),
(1505, 29, 1535, 2, 261.8, 0, 112.69, 1.22, 0, 0, 0),
(1506, 28, 1536, 1, 0, 4.213, 22.25, 0, 0, 0, 2),
(1507, 29, 1537, 2, 262, 0, 184.45, 1.22, 0, 0, 0),
(1508, 28, 1538, 1, 0, 4.214, 22.25, 0, 0, 0, 2),
(1509, 29, 1539, 2, 262, 0, 184.45, 1.22, 0, 0, 0),
(1510, 28, 1540, 1, 0, 4.214, 22.25, 0, 0, 0, 2),
(1511, 29, 1541, 2, 261.8, 0, 206.57, 1.22, 0, 0, 0),
(1512, 28, 1542, 1, 0, 4.214, 22.25, 0, 0, 0, 2),
(1513, 29, 1543, 2, 261.8, 0, 206.57, 1.22, 0, 0, 0),
(1514, 28, 1544, 1, 0, 4.214, 22.25, 0, 0, 0, 2),
(1515, 29, 1545, 2, 261.8, 0, 215.91, 1.22, 0, 0, 0),
(1516, 28, 1546, 1, 0, 4.213, 22.25, 0, 0, 0, 2),
(1517, 29, 1547, 2, 261.8, 0, 215.91, 1.22, 0, 0, 0),
(1518, 28, 1548, 1, 0, 4.213, 22.25, 0, 0, 0, 2),
(1519, 29, 1549, 2, 261.9, 0, 215.42, 1.22, 0, 0, 0),
(1520, 28, 1550, 1, 0, 4.213, 22.25, 0, 0, 0, 2),
(1521, 29, 1551, 2, 261.9, 0, 215.42, 1.22, 0, 0, 0),
(1522, 28, 1552, 1, 0, 4.213, 22.25, 0, 0, 0, 2),
(1523, 29, 1553, 2, 261.9, 0, 215.42, 1.22, 0, 0, 0),
(1524, 28, 1554, 1, 0, 4.213, 22.25, 0, 0, 0, 2),
(1525, 29, 1555, 2, 262, 0, 171.92, 1.22, 0, 0, 0),
(1526, 28, 1556, 1, 0, 4.214, 22.25, 0, 0, 0, 2),
(1527, 29, 1557, 2, 262, 0, 171.92, 1.22, 0, 0, 0),
(1528, 28, 1558, 1, 0, 4.214, 22.25, 0, 0, 0, 2),
(1529, 29, 1559, 2, 262.1, 0, 22.5, 1.22, 0, 0, 0),
(1530, 28, 1560, 1, 0, 4.214, 22.25, 0, 0, 0, 2),
(1531, 29, 1561, 2, 262.1, 0, 22.5, 1.22, 0, 0, 0),
(1532, 28, 1562, 1, 0, 4.214, 22.25, 0, 0, 0, 2),
(1533, 29, 1563, 2, 261.9, 0, 202.64, 1.22, 0, 0, 0),
(1534, 28, 1564, 1, 0, 4.216, 22.5, 0, 0, 0, 2),
(1535, 29, 1565, 2, 261.9, 0, 202.64, 1.22, 0, 0, 0),
(1536, 28, 1566, 1, 0, 4.216, 22.5, 0, 0, 0, 2),
(1537, 29, 1567, 2, 261.8, 0, 214.19, 1.22, 0, 0, 0),
(1538, 28, 1568, 1, 0, 4.216, 22.5, 0, 0, 0, 2),
(1539, 29, 1569, 2, 261.8, 0, 215.42, 1.22, 0, 0, 0),
(1540, 28, 1570, 1, 0, 4.214, 22.25, 0, 0, 0, 2),
(1541, 29, 1571, 2, 261.8, 0, 215.42, 1.22, 0, 0, 0),
(1542, 28, 1572, 1, 0, 4.214, 22.25, 0, 0, 0, 2),
(1543, 29, 1573, 2, 261.9, 0, 214.93, 1.22, 0, 0, 0),
(1544, 28, 1574, 1, 0, 4.217, 22.25, 0, 0, 0, 2),
(1545, 29, 1575, 2, 261.9, 0, 214.93, 1.22, 0, 0, 0),
(1546, 28, 1576, 1, 0, 4.217, 22.25, 0, 0, 0, 2),
(1547, 29, 1577, 2, 261.9, 0, 215.17, 1.22, 0, 0, 0),
(1548, 28, 1578, 1, 0, 4.217, 22.25, 0, 0, 0, 2),
(1549, 29, 1579, 2, 261.8, 0, 215.91, 1.22, 0, 0, 0),
(1550, 28, 1580, 1, 0, 4.216, 22.25, 0, 0, 0, 2),
(1551, 29, 1581, 2, 261.8, 0, 215.91, 1.22, 0, 0, 0),
(1552, 28, 1582, 1, 0, 4.216, 22.25, 0, 0, 0, 2),
(1553, 29, 1583, 2, 261.8, 0, 214.68, 1.22, 0, 0, 0),
(1554, 28, 1584, 1, 0, 4.218, 22.5, 0, 0, 0, 2),
(1555, 29, 1585, 2, 261.8, 0, 214.68, 1.22, 0, 0, 0),
(1556, 28, 1586, 1, 0, 4.218, 22.5, 0, 0, 0, 2),
(1557, 29, 1587, 2, 261.9, 0, 215.42, 1.22, 0, 0, 0),
(1558, 28, 1588, 1, 0, 4.215, 22, 0, 0, 0, 2),
(1559, 29, 1589, 2, 261.9, 0, 215.42, 1.22, 0, 0, 0),
(1560, 28, 1590, 1, 0, 4.215, 22, 0, 0, 0, 2),
(1561, 29, 1591, 2, 261.8, 0, 215.42, 1.22, 0, 0, 0),
(1562, 28, 1592, 1, 0, 4.216, 22.5, 0, 0, 0, 2),
(1563, 29, 1593, 2, 261.8, 0, 215.42, 1.22, 0, 0, 0),
(1564, 28, 1594, 1, 0, 4.216, 22.5, 0, 0, 0, 2),
(1565, 29, 1595, 2, 262.2, 0, 215.17, 1.22, 0, 0, 0),
(1566, 28, 1596, 1, 0, 4.215, 22, 0, 0, 0, 2),
(1567, 29, 1597, 2, 262.2, 0, 215.17, 1.22, 0, 0, 0),
(1568, 28, 1598, 1, 0, 4.215, 22, 0, 0, 0, 2),
(1569, 29, 1599, 2, 262, 0, 215.66, 1.22, 0, 0, 0),
(1570, 28, 1600, 1, 0, 4.211, 22.25, 0, 0, 0, 2),
(1571, 29, 1601, 2, 262, 0, 215.66, 1.22, 0, 0, 0),
(1572, 28, 1602, 1, 0, 4.212, 22.5, 0, 0, 0, 2),
(1573, 29, 1603, 2, 262, 0, 215.66, 1.22, 0, 0, 0),
(1574, 28, 1604, 1, 0, 4.212, 22.5, 0, 0, 0, 2),
(1575, 29, 1605, 2, 262, 0, 202.64, 1.22, 0, 0, 0),
(1576, 28, 1606, 1, 0, 4.214, 22.25, 0, 0, 0, 2),
(1577, 29, 1607, 2, 262, 0, 202.64, 1.22, 0, 0, 0),
(1578, 28, 1608, 1, 0, 4.214, 22.25, 0, 0, 0, 2),
(1579, 29, 1609, 2, 261.9, 0, 183.71, 1.22, 0, 0, 0),
(1580, 28, 1610, 1, 0, 4.213, 22.25, 0, 0, 0, 2),
(1581, 29, 1611, 2, 261.9, 0, 183.71, 1.22, 0, 0, 0),
(1582, 28, 1612, 1, 0, 4.213, 22.25, 0, 0, 0, 2),
(1583, 29, 1613, 2, 262, 0, 179.29, 1.22, 0, 0, 0),
(1584, 28, 1614, 1, 0, 4.215, 22.74, 0, 0, 0, 2),
(1585, 29, 1615, 2, 262, 0, 179.29, 1.22, 0, 0, 0),
(1586, 28, 1616, 1, 0, 4.215, 22.74, 0, 0, 0, 2),
(1587, 29, 1617, 2, 262, 0, 180.27, 1.22, 0, 0, 0),
(1588, 28, 1618, 1, 0, 4.212, 22.25, 0, 0, 0, 2),
(1589, 29, 1619, 2, 262, 0, 180.27, 1.22, 0, 0, 0),
(1590, 28, 1620, 1, 0, 4.212, 22.25, 0, 0, 0, 2),
(1591, 29, 1621, 2, 262, 0, 176.83, 1.22, 0, 0, 0),
(1592, 28, 1622, 1, 0, 4.212, 22, 0, 0, 0, 2),
(1593, 29, 1623, 2, 262, 0, 176.83, 1.22, 0, 0, 0),
(1594, 28, 1624, 1, 0, 4.212, 22, 0, 0, 0, 2),
(1595, 29, 1625, 2, 262.1, 0, 174.87, 1.22, 0, 0, 0),
(1596, 28, 1626, 1, 0, 4.212, 22, 0, 0, 0, 2),
(1597, 29, 1627, 2, 262, 0, 165.77, 1.22, 0, 0, 0),
(1598, 28, 1628, 1, 0, 4.212, 22, 0, 0, 0, 2),
(1599, 29, 1629, 2, 262.2, 0, 23.97, 1.22, 0, 0, 0),
(1600, 28, 1630, 1, 0, 4.214, 22.5, 0, 0, 0, 2),
(1601, 29, 1631, 2, 262.2, 0, 23.97, 1.22, 0, 0, 0),
(1602, 28, 1632, 1, 0, 4.214, 22.5, 0, 0, 0, 2),
(1603, 29, 1633, 2, 262.1, 0, 191.58, 1.22, 0, 0, 0),
(1604, 28, 1634, 1, 0, 4.215, 22.25, 0, 0, 0, 2),
(1605, 29, 1635, 2, 262.1, 0, 191.58, 1.22, 0, 0, 0),
(1606, 28, 1636, 1, 0, 4.215, 22.25, 0, 0, 0, 2),
(1607, 29, 1637, 2, 262, 0, 176.34, 1.22, 0, 0, 0),
(1608, 28, 1638, 1, 0, 4.211, 22.74, 0, 0, 0, 2),
(1609, 29, 1639, 2, 262, 0, 176.34, 1.22, 0, 0, 0),
(1610, 28, 1640, 1, 0, 4.211, 22.74, 0, 0, 0, 2),
(1611, 29, 1641, 2, 262, 0, 167.74, 1.22, 0, 0, 0),
(1612, 28, 1642, 1, 0, 4.214, 21.76, 0, 0, 0, 2),
(1613, 29, 1643, 2, 262, 0, 167.74, 1.22, 0, 0, 0),
(1614, 28, 1644, 1, 0, 4.214, 21.76, 0, 0, 0, 2),
(1615, 29, 1645, 2, 262, 0, 165.77, 1.22, 0, 0, 0),
(1616, 28, 1646, 1, 0, 4.211, 22.25, 0, 0, 0, 2),
(1617, 29, 1647, 2, 262, 0, 165.77, 1.22, 0, 0, 0),
(1618, 28, 1648, 1, 0, 4.211, 22.25, 0, 0, 0, 2),
(1619, 29, 1649, 2, 262, 0, 166.76, 1.22, 0, 0, 0),
(1620, 28, 1650, 1, 0, 4.21, 22.5, 0, 0, 0, 2),
(1621, 29, 1651, 2, 262, 0, 166.76, 1.22, 0, 0, 0),
(1622, 28, 1652, 1, 0, 4.21, 22.5, 0, 0, 0, 2),
(1623, 29, 1653, 2, 262, 0, 172.16, 1.22, 0, 0, 0),
(1624, 28, 1654, 1, 0, 4.214, 22.25, 0, 0, 0, 2),
(1625, 29, 1655, 2, 262, 0, 172.16, 1.22, 0, 0, 0),
(1626, 28, 1656, 1, 0, 4.214, 22.25, 0, 0, 0, 2),
(1627, 29, 1657, 2, 262, 0, 186.17, 1.22, 0, 0, 0),
(1628, 28, 1658, 1, 0, 4.214, 22.25, 0, 0, 0, 2),
(1629, 29, 1659, 2, 261.9, 0, 199.69, 1.22, 0, 0, 0),
(1630, 28, 1660, 1, 0, 4.212, 22.5, 0, 0, 0, 2),
(1631, 29, 1661, 2, 261.9, 0, 199.69, 1.22, 0, 0, 0),
(1632, 28, 1662, 1, 0, 4.212, 22.5, 0, 0, 0, 2),
(1633, 29, 1663, 2, 262, 0, 204.85, 1.22, 0, 0, 0),
(1634, 28, 1664, 1, 0, 4.212, 22.25, 0, 0, 0, 2),
(1635, 29, 1665, 2, 262, 0, 204.85, 1.22, 0, 0, 0),
(1636, 28, 1666, 1, 0, 4.212, 22.25, 0, 0, 0, 2),
(1637, 29, 1667, 2, 262, 0, 214.93, 1.22, 0, 0, 0),
(1638, 28, 1668, 1, 0, 4.212, 22.25, 0, 0, 0, 2),
(1639, 29, 1669, 2, 262.1, 0, 192.81, 1.22, 0, 0, 0),
(1640, 28, 1670, 1, 0, 4.215, 22.25, 0, 0, 0, 2),
(1641, 29, 1671, 2, 262.1, 0, 192.81, 1.22, 0, 0, 0),
(1642, 28, 1672, 1, 0, 4.215, 22.25, 0, 0, 0, 2),
(1643, 29, 1673, 2, 262, 0, 148.32, 1.22, 0, 0, 0),
(1644, 28, 1674, 1, 0, 4.213, 22.25, 0, 0, 0, 2),
(1645, 29, 1675, 2, 262, 0, 148.32, 1.22, 0, 0, 0),
(1646, 28, 1676, 1, 0, 4.213, 22.25, 0, 0, 0, 2),
(1647, 29, 1677, 2, 262.2, 0, 21.02, 1.22, 0, 0, 0),
(1648, 28, 1678, 1, 0, 4.212, 22.25, 0, 0, 0, 2),
(1649, 29, 1679, 2, 262.2, 0, 21.02, 1.22, 0, 0, 0),
(1650, 28, 1680, 1, 0, 4.212, 22.25, 0, 0, 0, 2),
(1651, 29, 1681, 2, 262.1, 0, 214.68, 1.22, 0, 0, 0),
(1652, 28, 1682, 1, 0, 4.211, 22.25, 0, 0, 0, 2),
(1653, 29, 1683, 2, 262.1, 0, 214.68, 1.22, 0, 0, 0),
(1654, 28, 1684, 1, 0, 4.215, 22.5, 0, 0, 0, 2),
(1655, 29, 1685, 2, 262.1, 0, 214.68, 1.22, 0, 0, 0),
(1656, 28, 1686, 1, 0, 4.215, 22.5, 0, 0, 0, 2),
(1657, 29, 1687, 2, 262, 0, 21.76, 1.22, 0, 0, 0),
(1658, 28, 1688, 1, 0, 4.215, 22.25, 0, 0, 0, 2),
(1659, 29, 1689, 2, 262, 0, 21.76, 1.22, 0, 0, 0),
(1660, 28, 1690, 1, 0, 4.213, 22.5, 0, 0, 0, 2),
(1661, 29, 1691, 2, 262, 0, 21.76, 1.22, 0, 0, 0),
(1662, 28, 1692, 1, 0, 4.214, 22.5, 0, 0, 0, 2),
(1663, 29, 1693, 2, 262, 0, 21.76, 1.22, 0, 0, 0),
(1664, 28, 1694, 1, 0, 4.214, 22.5, 0, 0, 0, 2),
(1665, 29, 1695, 2, 262.1, 0, 165.04, 1.22, 0, 0, 0),
(1666, 28, 1696, 1, 0, 4.211, 22.74, 0, 0, 0, 2),
(1667, 28, 1697, 1, 0, 4.209, 22.5, 0, 0, 0, 2),
(1668, 29, 1698, 2, 0, 0, 22.74, 0, 0, 0, 0),
(1669, 28, 1699, 1, 0, 4.209, 22.5, 0, 0, 0, 2),
(1670, 29, 1700, 2, 0, 0, 22.74, 0, 0, 0, 0),
(1671, 28, 1701, 1, 0, 4.206, 22.74, 0, 0, 0, 2),
(1672, 29, 1702, 2, 121.3, 0, 208.54, 1.24, 0, 0, 0),
(1673, 28, 1703, 1, 0, 4.205, 22.74, 0, 0, 0, 2),
(1674, 29, 1704, 2, 121.3, 0, 208.54, 1.24, 0, 0, 0),
(1675, 28, 1705, 1, 0, 4.21, 22.74, 0, 0, 0, 2),
(1676, 29, 1706, 2, 121.3, 0, 208.54, 1.24, 0, 0, 0),
(1677, 28, 1707, 1, 0, 4.21, 22.74, 0, 0, 0, 2),
(1678, 29, 1708, 2, 165.4, 0, 203.87, 1.24, 0, 0, 0),
(1679, 28, 1709, 1, 0, 4.209, 22.74, 0, 0, 0, 2),
(1680, 29, 1710, 2, 165.4, 0, 203.87, 1.24, 0, 0, 0),
(1681, 28, 1711, 1, 0, 4.209, 22.74, 0, 0, 0, 2),
(1682, 29, 1712, 2, 173.1, 0, 191.09, 1.24, 0, 0, 0),
(1683, 28, 1713, 1, 0, 4.21, 22.5, 0, 0, 0, 2),
(1684, 29, 1714, 2, 173.1, 0, 191.09, 1.24, 0, 0, 0),
(1685, 28, 1715, 1, 0, 4.21, 22.5, 0, 0, 0, 2),
(1686, 29, 1716, 2, 179.5, 0, 24.46, 1.24, 0, 0, 0),
(1687, 28, 1717, 1, 0, 4.21, 22.74, 0, 0, 0, 2),
(1688, 29, 1718, 2, 179.5, 0, 24.46, 1.24, 0, 0, 0),
(1689, 28, 1719, 1, 0, 4.21, 22.74, 0, 0, 0, 2),
(1690, 29, 1720, 2, 179.5, 0, 24.46, 1.24, 0, 0, 0),
(1691, 28, 1721, 1, 0, 4.21, 22.74, 0, 0, 0, 2),
(1692, 29, 1722, 2, 189.3, 0, 83.94, 1.24, 0, 0, 0),
(1693, 28, 1723, 1, 0, 4.211, 22.99, 0, 0, 0, 2),
(1694, 29, 1724, 2, 189.3, 0, 83.94, 1.24, 0, 0, 0),
(1695, 28, 1725, 1, 0, 4.211, 22.99, 0, 0, 0, 2),
(1696, 29, 1726, 2, 193.4, 0, 215.42, 1.24, 0, 0, 0),
(1697, 28, 1727, 1, 0, 4.21, 22.74, 0, 0, 0, 2),
(1698, 29, 1728, 2, 193.4, 0, 215.42, 1.24, 0, 0, 0),
(1699, 28, 1729, 1, 0, 4.21, 22.74, 0, 0, 0, 2),
(1700, 29, 1730, 2, 197, 0, 138.74, 1.24, 0, 0, 0),
(1701, 28, 1731, 1, 0, 4.21, 22.99, 0, 0, 0, 2),
(1702, 29, 1732, 2, 197, 0, 138.74, 1.24, 0, 0, 0),
(1703, 28, 1733, 1, 0, 4.21, 22.99, 0, 0, 0, 2),
(1704, 29, 1734, 2, 200.4, 0, 96.96, 1.24, 0, 0, 0),
(1705, 28, 1735, 1, 0, 4.211, 22.5, 0, 0, 0, 2),
(1706, 29, 1736, 2, 200.4, 0, 96.96, 1.24, 0, 0, 0),
(1707, 28, 1737, 1, 0, 4.211, 22.5, 0, 0, 0, 2),
(1708, 29, 1738, 2, 203.7, 0, 185.68, 1.24, 0, 0, 0),
(1709, 28, 1739, 1, 0, 4.213, 22.74, 0, 0, 0, 2),
(1710, 29, 1740, 2, 203.7, 0, 185.68, 1.24, 0, 0, 0),
(1711, 28, 1741, 1, 0, 4.213, 22.74, 0, 0, 0, 2),
(1712, 29, 1742, 2, 206.7, 0, 24.22, 1.24, 0, 0, 0),
(1713, 28, 1743, 1, 0, 4.213, 22.74, 0, 0, 0, 2),
(1714, 29, 1744, 2, 209.6, 0, 203.62, 1.24, 0, 0, 0),
(1715, 28, 1745, 1, 0, 4.21, 23.23, 0, 0, 0, 2),
(1716, 29, 1746, 2, 209.6, 0, 203.62, 1.24, 0, 0, 0),
(1717, 28, 1747, 1, 0, 4.21, 23.23, 0, 0, 0, 2),
(1718, 29, 1748, 2, 212, 0, 212.96, 1.24, 0, 0, 0),
(1719, 28, 1749, 1, 0, 4.209, 22.74, 0, 0, 0, 2),
(1720, 29, 1750, 2, 212, 0, 212.96, 1.24, 0, 0, 0),
(1721, 28, 1751, 1, 0, 4.209, 22.74, 0, 0, 0, 2),
(1722, 29, 1752, 2, 214.3, 0, 214.43, 1.24, 0, 0, 0),
(1723, 28, 1753, 1, 0, 4.213, 22.99, 0, 0, 0, 2),
(1724, 29, 1754, 2, 214.3, 0, 214.43, 1.24, 0, 0, 0),
(1725, 28, 1755, 1, 0, 4.213, 22.99, 0, 0, 0, 2),
(1726, 29, 1756, 2, 216.7, 0, 190.84, 1.24, 0, 0, 0),
(1727, 28, 1757, 1, 0, 4.213, 22.74, 0, 0, 0, 2),
(1728, 29, 1758, 2, 216.7, 0, 190.84, 1.24, 0, 0, 0),
(1729, 28, 1759, 1, 0, 4.213, 22.74, 0, 0, 0, 2),
(1730, 29, 1760, 2, 218.6, 0, 164.05, 1.24, 0, 0, 0),
(1731, 28, 1761, 1, 0, 4.213, 22.74, 0, 0, 0, 2),
(1732, 29, 1762, 2, 218.6, 0, 164.05, 1.24, 0, 0, 0),
(1733, 28, 1763, 1, 0, 4.212, 22.74, 0, 0, 0, 2),
(1734, 29, 1764, 2, 220.4, 0, 111.71, 1.24, 0, 0, 0),
(1735, 28, 1765, 1, 0, 4.213, 22.74, 0, 0, 0, 2),
(1736, 29, 1766, 2, 220.4, 0, 111.71, 1.24, 0, 0, 0),
(1737, 28, 1767, 1, 0, 4.213, 22.74, 0, 0, 0, 2),
(1738, 29, 1768, 2, 222.6, 0, 24.46, 1.24, 0, 0, 0),
(1739, 28, 1769, 1, 0, 4.212, 22.5, 0, 0, 0, 2),
(1740, 29, 1770, 2, 222.6, 0, 24.46, 1.24, 0, 0, 0),
(1741, 28, 1771, 1, 0, 4.212, 22.5, 0, 0, 0, 2),
(1742, 29, 1772, 2, 224.2, 0, 188.63, 1.24, 0, 0, 0),
(1743, 28, 1773, 1, 0, 4.214, 22.99, 0, 0, 0, 2),
(1744, 29, 1774, 2, 224.2, 0, 188.63, 1.24, 0, 0, 0),
(1745, 28, 1775, 1, 0, 4.214, 22.99, 0, 0, 0, 2),
(1746, 29, 1776, 2, 225.9, 0, 195.76, 1.24, 0, 0, 0),
(1747, 28, 1777, 1, 0, 4.211, 22.74, 0, 0, 0, 2),
(1748, 29, 1778, 2, 225.9, 0, 195.76, 1.24, 0, 0, 0),
(1749, 28, 1779, 1, 0, 4.211, 22.74, 0, 0, 0, 2),
(1750, 29, 1780, 2, 227.3, 0, 202.15, 1.24, 0, 0, 0),
(1751, 28, 1781, 1, 0, 4.213, 22.5, 0, 0, 0, 2),
(1752, 29, 1782, 2, 227.3, 0, 202.15, 1.24, 0, 0, 0),
(1753, 28, 1783, 1, 0, 4.213, 22.5, 0, 0, 0, 2),
(1754, 29, 1784, 2, 228.6, 0, 204.6, 1.24, 0, 0, 0),
(1755, 28, 1785, 1, 0, 4.213, 22.5, 0, 0, 0, 2),
(1756, 29, 1786, 2, 228.6, 0, 204.6, 1.24, 0, 0, 0),
(1757, 28, 1787, 1, 0, 4.211, 22.99, 0, 0, 0, 2),
(1758, 29, 1788, 2, 230.1, 0, 206.57, 1.24, 0, 0, 0),
(1759, 28, 1789, 1, 0, 4.212, 22.99, 0, 0, 0, 2),
(1760, 29, 1790, 2, 230.1, 0, 206.57, 1.24, 0, 0, 0),
(1761, 28, 1791, 1, 0, 4.212, 22.99, 0, 0, 0, 2),
(1762, 29, 1792, 2, 231.4, 0, 207.06, 1.24, 0, 0, 0),
(1763, 28, 1793, 1, 0, 4.212, 22.74, 0, 0, 0, 2),
(1764, 29, 1794, 2, 231.4, 0, 207.06, 1.24, 0, 0, 0),
(1765, 28, 1795, 1, 0, 4.212, 22.74, 0, 0, 0, 2),
(1766, 29, 1796, 2, 248.3, 0, 205.34, 1.24, 0, 0, 0),
(1767, 28, 1797, 1, 0, 4.212, 22.74, 0, 0, 0, 2),
(1768, 29, 1798, 2, 258.8, 0, 142.92, 1.24, 0, 0, 0),
(1769, 28, 1799, 1, 0, 4.212, 22.74, 0, 0, 0, 2),
(1770, 29, 1800, 2, 259.1, 0, 188.14, 1.24, 0, 0, 0),
(1771, 28, 1801, 1, 0, 4.214, 22.74, 0, 0, 0, 2),
(1772, 29, 1802, 2, 259.1, 0, 188.14, 1.24, 0, 0, 0),
(1773, 28, 1803, 1, 0, 4.212, 22.74, 0, 0, 0, 2),
(1774, 29, 1804, 2, 259.1, 0, 189.61, 1.24, 0, 0, 0),
(1775, 28, 1805, 1, 0, 4.212, 22.74, 0, 0, 0, 2),
(1776, 29, 1806, 2, 260.6, 0, 157.66, 1.24, 0, 0, 0),
(1777, 28, 1807, 1, 0, 4.213, 22.74, 0, 0, 0, 2),
(1778, 29, 1808, 2, 260.6, 0, 208.29, 1.24, 0, 0, 0),
(1779, 28, 1809, 1, 0, 4.215, 22.99, 0, 0, 0, 2),
(1780, 29, 1810, 2, 260.6, 0, 208.29, 1.24, 0, 0, 0),
(1781, 28, 1811, 1, 0, 4.215, 22.99, 0, 0, 0, 2),
(1782, 29, 1812, 2, 260.8, 0, 23.48, 1.24, 0, 0, 0),
(1783, 28, 1813, 1, 0, 4.215, 22.99, 0, 0, 0, 2),
(1784, 29, 1814, 2, 260.8, 0, 23.48, 1.24, 0, 0, 0),
(1785, 28, 1815, 1, 0, 4.215, 22.99, 0, 0, 0, 2),
(1786, 29, 1816, 2, 260.7, 0, 191.82, 1.24, 0, 0, 0),
(1787, 28, 1817, 1, 0, 4.213, 22.74, 0, 0, 0, 2),
(1788, 29, 1818, 2, 260.7, 0, 191.82, 1.24, 0, 0, 0),
(1789, 28, 1819, 1, 0, 4.213, 22.74, 0, 0, 0, 2),
(1790, 29, 1820, 2, 260.7, 0, 23.72, 1.24, 0, 0, 0),
(1791, 28, 1821, 1, 0, 4.212, 22.5, 0, 0, 0, 2),
(1792, 29, 1822, 2, 260.7, 0, 23.72, 1.24, 0, 0, 0),
(1793, 28, 1823, 1, 0, 4.212, 22.5, 0, 0, 0, 2),
(1794, 29, 1824, 2, 260.9, 0, 163.56, 1.24, 0, 0, 0),
(1795, 28, 1825, 1, 0, 4.213, 22.5, 0, 0, 0, 2),
(1796, 29, 1826, 2, 260.9, 0, 163.56, 1.24, 0, 0, 0),
(1797, 28, 1827, 1, 0, 4.213, 22.5, 0, 0, 0, 2),
(1798, 29, 1828, 2, 260.8, 0, 175.6, 1.24, 0, 0, 0),
(1799, 28, 1829, 1, 0, 4.213, 22.74, 0, 0, 0, 2),
(1800, 29, 1830, 2, 260.8, 0, 175.6, 1.24, 0, 0, 0),
(1801, 28, 1831, 1, 0, 4.213, 22.74, 0, 0, 0, 2),
(1802, 29, 1832, 2, 260.8, 0, 211.98, 1.24, 0, 0, 0),
(1803, 28, 1833, 1, 0, 4.215, 22.99, 0, 0, 0, 2),
(1804, 29, 1834, 2, 260.8, 0, 211.98, 1.24, 0, 0, 0),
(1805, 28, 1835, 1, 0, 4.215, 22.99, 0, 0, 0, 2),
(1806, 29, 1836, 2, 260.8, 0, 23.97, 1.24, 0, 0, 0),
(1807, 28, 1837, 1, 0, 4.215, 22.99, 0, 0, 0, 2),
(1808, 29, 1838, 2, 260.8, 0, 190.84, 1.24, 0, 0, 0),
(1809, 28, 1839, 1, 0, 4.213, 22.74, 0, 0, 0, 2),
(1810, 29, 1840, 2, 260.8, 0, 190.84, 1.24, 0, 0, 0),
(1811, 28, 1841, 1, 0, 4.213, 22.74, 0, 0, 0, 2),
(1812, 29, 1842, 2, 260.8, 0, 107.77, 1.24, 0, 0, 0),
(1813, 28, 1843, 1, 0, 4.214, 22.99, 0, 0, 0, 2),
(1814, 29, 1844, 2, 260.8, 0, 107.77, 1.24, 0, 0, 0),
(1815, 28, 1845, 1, 0, 4.214, 22.99, 0, 0, 0, 2),
(1816, 29, 1846, 2, 260.8, 0, 214.19, 1.24, 0, 0, 0),
(1817, 28, 1847, 1, 0, 4.195, 23.23, 0, 0, 0, 0),
(1818, 28, 1848, 1, 0, 4.195, 23.23, 0, 0, 0, 0),
(1819, 29, 1849, 2, 241.7, 0, 198.71, 1.25, 0, 0, 0),
(1820, 29, 1850, 2, 255.7, 0, 170.69, 1.25, 0, 0, 0),
(1821, 29, 1851, 2, 255.7, 0, 170.69, 1.25, 0, 0, 0),
(1822, 28, 1852, 1, 0, 4.203, 22.99, 0, 0, 0, 2),
(1823, 29, 1853, 2, 256.5, 0, 133.58, 1.25, 0, 0, 0),
(1824, 28, 1854, 1, 0, 4.2, 22.74, 0, 0, 0, 2),
(1825, 29, 1855, 2, 256.7, 0, 164.79, 1.25, 0, 0, 0),
(1826, 28, 1856, 1, 0, 4.2, 22.74, 0, 0, 0, 2),
(1827, 29, 1857, 2, 257, 0, 213.45, 1.25, 0, 0, 0),
(1828, 28, 1858, 1, 0, 4.205, 22.74, 0, 0, 0, 2),
(1829, 29, 1859, 2, 226.9, 0, 30.61, 1.25, 0, 0, 0),
(1830, 28, 1860, 1, 0, 4.205, 22.74, 0, 0, 0, 2),
(1831, 29, 1861, 2, 249.8, 0, 123.5, 1.25, 0, 0, 0),
(1832, 28, 1862, 1, 0, 4.203, 22.74, 0, 0, 0, 2),
(1833, 29, 1863, 2, 249.8, 0, 123.5, 1.25, 0, 0, 0),
(1834, 28, 1864, 1, 0, 4.203, 22.99, 0, 0, 0, 2),
(1835, 29, 1865, 2, 252, 0, 22.74, 1.25, 0, 0, 0),
(1836, 28, 1866, 1, 0, 4.203, 22.99, 0, 0, 0, 2),
(1837, 29, 1867, 2, 254.1, 0, 198.21, 1.25, 0, 0, 0),
(1838, 28, 1868, 1, 0, 4.2, 22.74, 0, 0, 0, 2),
(1839, 29, 1869, 2, 254.4, 0, 101.63, 1.25, 0, 0, 0),
(1840, 28, 1870, 1, 0, 4.204, 22.74, 0, 0, 0, 2),
(1841, 29, 1871, 2, 257.7, 0, 110.23, 1.25, 0, 0, 0),
(1842, 28, 1872, 1, 0, 4.203, 22.74, 0, 0, 0, 2),
(1843, 29, 1873, 2, 259.3, 0, 22, 1.25, 0, 0, 0),
(1844, 28, 1874, 1, 0, 4.199, 22.99, 0, 0, 0, 2),
(1845, 29, 1875, 2, 259.1, 0, 60.34, 1.25, 0, 0, 0),
(1846, 28, 1876, 1, 0, 4.202, 22.99, 0, 0, 0, 2),
(1847, 29, 1877, 2, 259.4, 0, 23.72, 1.25, 0, 0, 0),
(1848, 28, 1878, 1, 0, 4.202, 22.99, 0, 0, 0, 2),
(1849, 29, 1879, 2, 259.4, 0, 23.72, 1.25, 0, 0, 0),
(1850, 28, 1880, 1, 0, 4.207, 23.23, 0, 0, 0, 2),
(1851, 29, 1881, 2, 260.6, 0, 184.21, 1.25, 0, 0, 0),
(1852, 28, 1882, 1, 0, 4.205, 22.5, 0, 0, 0, 2),
(1853, 29, 1883, 2, 261.2, 0, 194.04, 1.24, 0, 0, 0),
(1854, 28, 1884, 1, 0, 4.205, 22.5, 0, 0, 0, 2),
(1855, 29, 1885, 2, 261.2, 0, 194.04, 1.24, 0, 0, 0),
(1856, 28, 1886, 1, 0, 4.206, 22.5, 0, 0, 0, 2),
(1857, 29, 1887, 2, 261.2, 0, 192.56, 1.24, 0, 0, 0),
(1858, 28, 1888, 1, 0, 4.201, 22.74, 0, 0, 0, 2),
(1859, 29, 1889, 2, 261.2, 0, 192.56, 1.24, 0, 0, 0),
(1860, 28, 1890, 1, 0, 4.201, 22.25, 0, 0, 0, 2),
(1861, 29, 1891, 2, 261.4, 0, 129.89, 1.24, 0, 0, 0),
(1862, 28, 1892, 1, 0, 4.202, 22.5, 0, 0, 0, 2),
(1863, 29, 1893, 2, 261.5, 0, 192.81, 1.24, 0, 0, 0),
(1864, 28, 1894, 1, 0, 4.202, 22.5, 0, 0, 0, 2),
(1865, 29, 1895, 2, 261.5, 0, 192.81, 1.24, 0, 0, 0),
(1866, 28, 1896, 1, 0, 4.204, 22.74, 0, 0, 0, 2),
(1867, 29, 1897, 2, 261.7, 0, 215.66, 1.24, 0, 0, 0),
(1868, 29, 1898, 2, 261.7, 0, 215.66, 1.24, 0, 0, 0),
(1869, 28, 1899, 1, 0, 4.202, 22.25, 0, 0, 0, 2),
(1870, 29, 1900, 2, 261.8, 0, 23.72, 1.24, 0, 0, 0),
(1871, 28, 1901, 1, 0, 4.202, 22.5, 0, 0, 0, 2),
(1872, 29, 1902, 2, 261.6, 0, 214.68, 1.24, 0, 0, 0),
(1873, 28, 1903, 1, 0, 4.202, 22.5, 0, 0, 0, 2),
(1874, 29, 1904, 2, 261.9, 0, 23.48, 1.24, 0, 0, 0),
(1875, 28, 1905, 1, 0, 4.205, 22.5, 0, 0, 0, 2),
(1876, 29, 1906, 2, 261.9, 0, 196.25, 1.24, 0, 0, 0),
(1877, 28, 1907, 1, 0, 4.203, 22.5, 0, 0, 0, 2),
(1878, 29, 1908, 2, 262.1, 0, 187.4, 1.24, 0, 0, 0),
(1879, 28, 1909, 1, 0, 4.205, 22.5, 0, 0, 0, 2),
(1880, 29, 1910, 2, 262.1, 0, 187.4, 1.24, 0, 0, 0),
(1881, 28, 1911, 1, 0, 4.207, 22.25, 0, 0, 0, 2),
(1882, 29, 1912, 2, 261.9, 0, 23.97, 1.24, 0, 0, 0),
(1883, 28, 1913, 1, 0, 4.203, 22.5, 0, 0, 0, 2),
(1884, 29, 1914, 2, 261.6, 0, 212.96, 1.24, 0, 0, 0),
(1885, 28, 1915, 1, 0, 4.203, 22.5, 0, 0, 0, 2),
(1886, 29, 1916, 2, 261.6, 0, 212.96, 1.24, 0, 0, 0),
(1887, 28, 1917, 1, 0, 4.203, 22.25, 0, 0, 0, 2),
(1888, 29, 1918, 2, 261.6, 0, 214.93, 1.24, 0, 0, 0),
(1889, 28, 1919, 1, 0, 4.203, 22.5, 0, 0, 0, 2),
(1890, 29, 1920, 2, 261.7, 0, 217.63, 1.24, 0, 0, 0),
(1891, 28, 1921, 1, 0, 4.207, 22.5, 0, 0, 0, 2),
(1892, 29, 1922, 2, 261.8, 0, 211.24, 1.24, 0, 0, 0),
(1893, 28, 1923, 1, 0, 4.205, 22.5, 0, 0, 0, 2),
(1894, 29, 1924, 2, 261.8, 0, 201.9, 1.24, 0, 0, 0),
(1895, 28, 1925, 1, 0, 4.204, 22.25, 0, 0, 0, 2),
(1896, 29, 1926, 2, 261.7, 0, 171.43, 1.24, 0, 0, 0),
(1897, 28, 1927, 1, 0, 4.204, 22.25, 0, 0, 0, 2),
(1898, 29, 1928, 2, 261.8, 0, 22.5, 1.24, 0, 0, 0),
(1899, 28, 1929, 1, 0, 4.205, 22.5, 0, 0, 0, 2),
(1900, 29, 1930, 2, 262, 0, 30.11, 1.24, 0, 0, 0),
(1901, 28, 1931, 1, 0, 4.205, 22.5, 0, 0, 0, 2),
(1902, 29, 1932, 2, 261.9, 0, 54.69, 1.24, 0, 0, 0),
(1903, 28, 1933, 1, 0, 4.204, 22.74, 0, 0, 0, 2),
(1904, 29, 1934, 2, 261.9, 0, 168.48, 1.24, 0, 0, 0),
(1905, 28, 1935, 1, 0, 4.204, 22.5, 0, 0, 0, 2),
(1906, 29, 1936, 2, 261.9, 0, 40.19, 1.24, 0, 0, 0),
(1907, 28, 1937, 1, 0, 4.204, 22.5, 0, 0, 0, 2),
(1908, 29, 1938, 2, 261.9, 0, 40.19, 1.24, 0, 0, 0),
(1909, 28, 1939, 1, 0, 4.204, 22.5, 0, 0, 0, 2),
(1910, 29, 1940, 2, 261.9, 0, 179.78, 1.24, 0, 0, 0),
(1911, 28, 1941, 1, 0, 4.205, 22.25, 0, 0, 0, 2),
(1912, 29, 1942, 2, 261.9, 0, 178.55, 1.24, 0, 0, 0),
(1913, 28, 1943, 1, 0, 4.201, 22.25, 0, 0, 0, 2),
(1914, 29, 1944, 2, 262, 0, 171.18, 1.24, 0, 0, 0),
(1915, 28, 1945, 1, 0, 4.201, 22.25, 0, 0, 0, 2),
(1916, 29, 1946, 2, 262, 0, 171.18, 1.24, 0, 0, 0),
(1917, 28, 1947, 1, 0, 4.204, 22.25, 0, 0, 0, 2),
(1918, 29, 1948, 2, 261.9, 0, 38.96, 1.24, 0, 0, 0),
(1919, 28, 1949, 1, 0, 4.2, 22.25, 0, 0, 0, 2),
(1920, 29, 1950, 2, 261.9, 0, 20.53, 1.24, 0, 0, 0),
(1921, 28, 1951, 1, 0, 4.2, 22.25, 0, 0, 0, 2),
(1922, 29, 1952, 2, 261.9, 0, 20.53, 1.24, 0, 0, 0),
(1923, 28, 1953, 1, 0, 4.202, 22.5, 0, 0, 0, 2),
(1924, 29, 1954, 2, 261.9, 0, 193.05, 1.24, 0, 0, 0),
(1925, 28, 1955, 1, 0, 4.202, 22.5, 0, 0, 0, 2),
(1926, 29, 1956, 2, 261.9, 0, 193.05, 1.24, 0, 0, 0),
(1927, 28, 1957, 1, 0, 4.202, 22.25, 0, 0, 0, 2),
(1928, 29, 1958, 2, 262, 0, 184.7, 1.24, 0, 0, 0),
(1929, 28, 1959, 1, 0, 4.202, 22.25, 0, 0, 0, 2),
(1930, 29, 1960, 2, 262, 0, 184.7, 1.24, 0, 0, 0),
(1931, 28, 1961, 1, 0, 4.203, 22.5, 0, 0, 0, 2),
(1932, 29, 1962, 2, 262, 0, 188.38, 1.24, 0, 0, 0),
(1933, 28, 1963, 1, 0, 4.206, 22.5, 0, 0, 0, 2),
(1934, 29, 1964, 2, 262, 0, 188.38, 1.24, 0, 0, 0),
(1935, 28, 1965, 1, 0, 4.207, 22.25, 0, 0, 0, 2),
(1936, 29, 1966, 2, 261.5, 0, 191.58, 1.24, 0, 0, 0),
(1937, 29, 1967, 2, 261.7, 0, 199.2, 1.24, 0, 0, 0),
(1938, 29, 1968, 2, 261.7, 0, 199.2, 1.24, 0, 0, 0),
(1939, 28, 1969, 1, 0, 4.205, 22, 0, 0, 0, 2),
(1940, 29, 1970, 2, 261.6, 0, 209.52, 1.24, 0, 0, 0),
(1941, 28, 1971, 1, 0, 4.205, 22, 0, 0, 0, 2),
(1942, 28, 1972, 1, 0, 4.203, 22.5, 0, 0, 0, 2),
(1943, 28, 1973, 1, 0, 4.203, 22.5, 0, 0, 0, 2),
(1944, 29, 1974, 2, 261.9, 0, 215.66, 1.24, 0, 0, 0),
(1945, 28, 1975, 1, 0, 4.204, 22.25, 0, 0, 0, 2),
(1946, 29, 1976, 2, 261.9, 0, 215.66, 1.24, 0, 0, 0),
(1947, 28, 1977, 1, 0, 4.204, 22.25, 0, 0, 0, 2),
(1948, 29, 1978, 2, 261.8, 0, 212.22, 1.24, 0, 0, 0),
(1949, 28, 1979, 1, 0, 4.205, 22.5, 0, 0, 0, 2),
(1950, 29, 1980, 2, 261.8, 0, 212.22, 1.24, 0, 0, 0),
(1951, 28, 1981, 1, 0, 4.208, 22.25, 0, 0, 0, 2),
(1952, 29, 1982, 2, 261.9, 0, 210.75, 1.24, 0, 0, 0),
(1953, 28, 1983, 1, 0, 4.204, 22.5, 0, 0, 0, 2),
(1954, 29, 1984, 2, 261.9, 0, 210.75, 1.24, 0, 0, 0),
(1955, 29, 1985, 2, 262.9, 0, 178.55, 1.25, 0, 0, 0),
(1956, 29, 1986, 2, 262.8, 0, 207.8, 1.24, 0, 0, 0),
(1957, 29, 1987, 2, 262.8, 0, 207.8, 1.24, 0, 0, 0),
(1958, 28, 1988, 1, 0, 4.194, 22.5, 0, 0, 0, 2),
(1959, 28, 1989, 1, 0, 4.191, 22.74, 0, 0, 0, 1),
(1960, 28, 1990, 1, 0, 4.193, 22.5, 0, 0, 0, 2),
(1961, 28, 1991, 1, 0, 4.193, 22.5, 0, 0, 0, 2),
(1962, 29, 1992, 2, 262.8, 0, 161.35, 1.25, 0, 0, 0),
(1963, 28, 1993, 1, 0, 4.193, 22.5, 0, 0, 0, 2),
(1964, 29, 1994, 2, 262.7, 0, 57.15, 1.25, 0, 0, 0),
(1965, 28, 1995, 1, 0, 4.194, 22.74, 0, 0, 0, 2),
(1966, 29, 1996, 2, 262.7, 0, 57.15, 1.25, 0, 0, 0),
(1967, 28, 1997, 1, 0, 4.194, 22.74, 0, 0, 0, 2),
(1968, 29, 1998, 2, 262.7, 0, 189.86, 1.25, 0, 0, 0),
(1969, 28, 1999, 1, 0, 4.195, 22.99, 0, 0, 0, 2),
(1970, 29, 2000, 2, 262.7, 0, 189.86, 1.25, 0, 0, 0),
(1971, 28, 2001, 1, 0, 4.195, 22.99, 0, 0, 0, 2),
(1972, 29, 2002, 2, 262.7, 0, 123.75, 1.25, 0, 0, 0),
(1973, 28, 2003, 1, 0, 4.196, 23.23, 0, 0, 0, 2),
(1974, 29, 2004, 2, 262.7, 0, 123.75, 1.25, 0, 0, 0),
(1975, 28, 2005, 1, 0, 4.192, 22.99, 0, 0, 0, 2),
(1976, 29, 2006, 2, 262.7, 0, 123.75, 1.25, 0, 0, 0),
(1977, 28, 2007, 1, 0, 4.191, 23.23, 0, 0, 0, 2),
(1978, 29, 2008, 2, 262.7, 0, 123.75, 1.25, 0, 0, 0),
(1979, 28, 2009, 1, 0, 4.192, 22.99, 0, 0, 0, 2),
(1980, 29, 2010, 2, 262.7, 0, 123.75, 1.25, 0, 0, 0),
(1981, 28, 2011, 1, 0, 4.193, 23.23, 0, 0, 0, 2),
(1982, 29, 2012, 2, 262.7, 0, 123.75, 1.25, 0, 0, 0),
(1983, 28, 2013, 1, 0, 4.193, 23.23, 0, 0, 0, 2),
(1984, 29, 2014, 2, 263.1, 0, 188.87, 1.26, 0, 0, 0),
(1985, 28, 2015, 1, 0, 4.196, 22.74, 0, 0, 0, 2),
(1986, 29, 2016, 2, 263.1, 0, 188.87, 1.26, 0, 0, 0),
(1987, 28, 2017, 1, 0, 4.196, 22.74, 0, 0, 0, 2),
(1988, 29, 2018, 2, 263, 0, 102.86, 1.26, 0, 0, 0),
(1989, 28, 2019, 1, 0, 4.191, 22.74, 0, 0, 0, 2),
(1990, 29, 2020, 2, 263, 0, 102.86, 1.26, 0, 0, 0),
(1991, 28, 2021, 1, 0, 4.191, 22.74, 0, 0, 0, 2),
(1992, 29, 2022, 2, 263.1, 0, 23.72, 1.26, 0, 0, 0),
(1993, 28, 2023, 1, 0, 4.191, 22.99, 0, 0, 0, 2),
(1994, 29, 2024, 2, 263.1, 0, 23.72, 1.26, 0, 0, 0),
(1995, 28, 2025, 1, 0, 4.191, 22.99, 0, 0, 0, 2),
(1996, 29, 2026, 2, 263.2, 0, 212.71, 1.26, 0, 0, 0),
(1997, 28, 2027, 1, 0, 4.189, 22.99, 0, 0, 0, 2),
(1998, 29, 2028, 2, 263.2, 0, 212.71, 1.26, 0, 0, 0),
(1999, 28, 2029, 1, 0, 4.189, 23.23, 0, 0, 0, 2),
(2000, 29, 2030, 2, 263.2, 0, 212.71, 1.26, 0, 0, 0),
(2001, 28, 2031, 1, 0, 4.189, 23.23, 0, 0, 0, 2),
(2002, 29, 2032, 2, 263.2, 0, 212.71, 1.26, 0, 0, 0),
(2003, 28, 2033, 1, 0, 4.193, 22.99, 0, 0, 0, 2),
(2004, 28, 2034, 1, 0, 4.193, 22.99, 0, 0, 0, 2),
(2005, 29, 2035, 2, 263.1, 0, 173.64, 1.26, 0, 0, 0),
(2006, 28, 2036, 1, 0, 4.192, 22.99, 0, 0, 0, 2),
(2007, 29, 2037, 2, 263.1, 0, 173.64, 1.26, 0, 0, 0),
(2008, 28, 2038, 1, 0, 4.193, 22.99, 0, 0, 0, 2),
(2009, 29, 2039, 2, 263.1, 0, 173.64, 1.26, 0, 0, 0),
(2010, 28, 2040, 1, 0, 4.19, 22.74, 0, 0, 0, 2),
(2011, 29, 2041, 2, 263.1, 0, 173.64, 1.26, 0, 0, 0),
(2012, 28, 2042, 1, 0, 4.194, 22.99, 0, 0, 0, 2),
(2013, 29, 2043, 2, 263.1, 0, 173.64, 1.26, 0, 0, 0),
(2014, 28, 2044, 1, 0, 4.194, 22.99, 0, 0, 0, 2),
(2015, 29, 2045, 2, 263.1, 0, 188.63, 1.26, 0, 0, 0),
(2016, 28, 2046, 1, 0, 4.193, 23.48, 0, 0, 0, 2),
(2017, 29, 2047, 2, 263.1, 0, 188.63, 1.26, 0, 0, 0),
(2018, 28, 2048, 1, 0, 4.191, 23.48, 0, 0, 0, 2),
(2019, 28, 2049, 1, 0, 4.187, 22.99, 0, 0, 0, 2),
(2020, 29, 2050, 2, 0, 0, 23.48, 0, 0, 0, 0),
(2021, 28, 2051, 1, 0, 4.187, 22.99, 0, 0, 0, 2),
(2022, 29, 2052, 2, 136.5, 0, 193.54, 1.26, 0, 0, 0),
(2023, 28, 2053, 1, 0, 4.187, 22.99, 0, 0, 0, 2),
(2024, 29, 2054, 2, 213.2, 0, 166.26, 1.26, 0, 0, 0),
(2025, 28, 2055, 1, 0, 4.188, 23.23, 0, 0, 0, 2),
(2026, 29, 2056, 2, 222.1, 0, 146.36, 1.26, 0, 0, 0),
(2027, 28, 2057, 1, 0, 4.188, 23.23, 0, 0, 0, 2),
(2028, 29, 2058, 2, 222.1, 0, 146.36, 1.26, 0, 0, 0),
(2029, 28, 2059, 1, 0, 4.187, 23.23, 0, 0, 0, 2),
(2030, 29, 2060, 2, 222.1, 0, 146.36, 1.26, 0, 0, 0),
(2031, 28, 2061, 1, 0, 4.187, 23.23, 0, 0, 0, 2),
(2032, 29, 2062, 2, 224.2, 0, 22, 1.26, 0, 0, 0),
(2033, 28, 2063, 1, 0, 4.188, 23.23, 0, 0, 0, 2),
(2034, 29, 2064, 2, 224.2, 0, 22, 1.26, 0, 0, 0),
(2035, 28, 2065, 1, 0, 4.188, 23.23, 0, 0, 0, 2),
(2036, 29, 2066, 2, 225.7, 0, 176.34, 1.26, 0, 0, 0),
(2037, 28, 2067, 1, 0, 4.19, 23.23, 0, 0, 0, 2),
(2038, 29, 2068, 2, 225.7, 0, 176.34, 1.26, 0, 0, 0),
(2039, 28, 2069, 1, 0, 4.19, 23.23, 0, 0, 0, 2),
(2040, 29, 2070, 2, 229, 0, 84.43, 1.26, 0, 0, 0),
(2041, 28, 2071, 1, 0, 4.183, 23.23, 0, 0, 0, 1),
(2042, 29, 2072, 2, 234.6, 0, 188.38, 1.26, 0, 0, 0),
(2043, 28, 2073, 1, 0, 4.183, 23.23, 0, 0, 0, 1),
(2044, 29, 2074, 2, 237.9, 0, 158.65, 1.26, 0, 0, 0),
(2045, 28, 2075, 1, 0, 4.186, 22.99, 0, 0, 0, 2),
(2046, 29, 2076, 2, 237.9, 0, 158.65, 1.26, 0, 0, 0),
(2047, 28, 2077, 1, 0, 4.188, 23.23, 0, 0, 0, 2),
(2048, 29, 2078, 2, 244.6, 0, 189.86, 1.26, 0, 0, 0),
(2049, 28, 2079, 1, 0, 4.186, 23.23, 0, 0, 0, 2),
(2050, 29, 2080, 2, 244.6, 0, 189.86, 1.26, 0, 0, 0),
(2051, 28, 2081, 1, 0, 4.186, 23.23, 0, 0, 0, 2),
(2052, 29, 2082, 2, 245.5, 0, 194.04, 1.26, 0, 0, 0),
(2053, 28, 2083, 1, 0, 4.186, 23.23, 0, 0, 0, 2),
(2054, 29, 2084, 2, 245.5, 0, 194.04, 1.26, 0, 0, 0),
(2055, 28, 2085, 1, 0, 4.186, 23.23, 0, 0, 0, 2),
(2056, 29, 2086, 2, 246, 0, 201.41, 1.26, 0, 0, 0),
(2057, 28, 2087, 1, 0, 4.186, 23.23, 0, 0, 0, 1),
(2058, 29, 2088, 2, 246, 0, 201.41, 1.26, 0, 0, 0),
(2059, 28, 2089, 1, 0, 4.186, 23.23, 0, 0, 0, 1),
(2060, 29, 2090, 2, 246.7, 0, 204.36, 1.26, 0, 0, 0),
(2061, 28, 2091, 1, 0, 4.188, 23.23, 0, 0, 0, 2),
(2062, 29, 2092, 2, 246.7, 0, 204.36, 1.26, 0, 0, 0),
(2063, 28, 2093, 1, 0, 4.188, 23.23, 0, 0, 0, 2),
(2064, 29, 2094, 2, 247.3, 0, 201.9, 1.26, 0, 0, 0),
(2065, 28, 2095, 1, 0, 4.191, 22.99, 0, 0, 0, 2),
(2066, 29, 2096, 2, 247.3, 0, 201.9, 1.26, 0, 0, 0),
(2067, 28, 2097, 1, 0, 4.191, 22.99, 0, 0, 0, 2),
(2068, 29, 2098, 2, 247.9, 0, 200.43, 1.26, 0, 0, 0),
(2069, 28, 2099, 1, 0, 4.188, 23.23, 0, 0, 0, 0),
(2070, 29, 2100, 2, 247.9, 0, 200.43, 1.26, 0, 0, 0),
(2071, 28, 2101, 1, 0, 4.188, 23.23, 0, 0, 0, 0),
(2072, 29, 2102, 2, 248.3, 0, 201.41, 1.26, 0, 0, 0),
(2073, 28, 2103, 1, 0, 4.191, 22.99, 0, 0, 0, 0),
(2074, 29, 2104, 2, 248.3, 0, 201.41, 1.26, 0, 0, 0),
(2075, 28, 2105, 1, 0, 4.191, 22.99, 0, 0, 0, 0),
(2076, 29, 2106, 2, 249, 0, 200.92, 1.26, 0, 0, 0),
(2077, 28, 2107, 1, 0, 4.191, 22.99, 0, 0, 0, 1),
(2078, 29, 2108, 2, 249, 0, 200.92, 1.26, 0, 0, 0),
(2079, 28, 2109, 1, 0, 4.191, 22.99, 0, 0, 0, 1),
(2080, 29, 2110, 2, 249.6, 0, 202.39, 1.26, 0, 0, 0),
(2081, 28, 2111, 1, 0, 4.191, 23.23, 0, 0, 0, 2),
(2082, 29, 2112, 2, 249.6, 0, 202.39, 1.26, 0, 0, 0),
(2083, 28, 2113, 1, 0, 4.191, 23.23, 0, 0, 0, 2),
(2084, 29, 2114, 2, 250.1, 0, 204.6, 1.26, 0, 0, 0);
INSERT INTO `uploadTemp` (`id`, `id_tanque`, `id_escalon_viaje_ubicacion`, `ct`, `ox`, `ph`, `temp`, `cond`, `od`, `orp`, `alerta`) VALUES
(2085, 28, 2115, 1, 0, 4.19, 23.23, 0, 0, 0, 2),
(2086, 29, 2116, 2, 250.1, 0, 204.6, 1.26, 0, 0, 0),
(2087, 28, 2117, 1, 0, 4.19, 23.23, 0, 0, 0, 2),
(2088, 29, 2118, 2, 250.4, 0, 200.92, 1.26, 0, 0, 0),
(2089, 28, 2119, 1, 0, 4.185, 23.23, 0, 0, 0, 2),
(2090, 29, 2120, 2, 255, 0, 128.17, 1.26, 0, 0, 0),
(2091, 28, 2121, 1, 0, 4.185, 23.23, 0, 0, 0, 2),
(2092, 29, 2122, 2, 261, 0, 203.62, 1.26, 0, 0, 0),
(2093, 28, 2123, 1, 0, 4.19, 23.48, 0, 0, 0, 2),
(2094, 29, 2124, 2, 261, 0, 203.62, 1.26, 0, 0, 0),
(2095, 28, 2125, 1, 0, 4.19, 23.48, 0, 0, 0, 2),
(2096, 29, 2126, 2, 261.2, 0, 200.43, 1.26, 0, 0, 0),
(2097, 28, 2127, 1, 0, 4.191, 23.23, 0, 0, 0, 2),
(2098, 29, 2128, 2, 261.9, 0, 47.56, 1.26, 0, 0, 0),
(2099, 28, 2129, 1, 0, 4.189, 23.23, 0, 0, 0, 2),
(2100, 29, 2130, 2, 261.9, 0, 47.56, 1.26, 0, 0, 0),
(2101, 28, 2131, 1, 0, 4.189, 23.72, 0, 0, 0, 2),
(2102, 29, 2132, 2, 262, 0, 22.74, 1.26, 0, 0, 0),
(2103, 28, 2133, 1, 0, 4.189, 22.99, 0, 0, 0, 2),
(2104, 29, 2134, 2, 262, 0, 22.74, 1.26, 0, 0, 0),
(2105, 28, 2135, 1, 0, 4.189, 23.23, 0, 0, 0, 2),
(2106, 29, 2136, 2, 262.1, 0, 201.9, 1.26, 0, 0, 0),
(2107, 28, 2137, 1, 0, 4.189, 23.23, 0, 0, 0, 2),
(2108, 29, 2138, 2, 262.1, 0, 201.9, 1.26, 0, 0, 0),
(2109, 28, 2139, 1, 0, 4.189, 23.23, 0, 0, 0, 2),
(2110, 29, 2140, 2, 262.2, 0, 189.61, 1.26, 0, 0, 0),
(2111, 28, 2141, 1, 0, 4.188, 23.23, 0, 0, 0, 2),
(2112, 29, 2142, 2, 262.2, 0, 189.61, 1.26, 0, 0, 0),
(2113, 28, 2143, 1, 0, 4.188, 23.23, 0, 0, 0, 2),
(2114, 29, 2144, 2, 262.1, 0, 171.92, 1.26, 0, 0, 0),
(2115, 28, 2145, 1, 0, 4.188, 23.23, 0, 0, 0, 2),
(2116, 29, 2146, 2, 262.1, 0, 171.92, 1.26, 0, 0, 0),
(2117, 28, 2147, 1, 0, 4.188, 23.48, 0, 0, 0, 2),
(2118, 29, 2148, 2, 262.1, 0, 171.92, 1.26, 0, 0, 0),
(2119, 28, 2149, 1, 0, 4.188, 23.48, 0, 0, 0, 2),
(2120, 29, 2150, 2, 262.4, 0, 191.58, 1.26, 0, 0, 0),
(2121, 28, 2151, 1, 0, 4.188, 23.23, 0, 0, 0, 2),
(2122, 29, 2152, 2, 262.4, 0, 191.58, 1.26, 0, 0, 0),
(2123, 28, 2153, 1, 0, 4.188, 23.23, 0, 0, 0, 2),
(2124, 29, 2154, 2, 262.3, 0, 159.14, 1.26, 0, 0, 0),
(2125, 28, 2169, 1, 0, 4.193, 23.48, 0, 0, 0, 2),
(2126, 29, 2170, 2, 262.4, 0, 189.86, 1.26, 0, 0, 0),
(2127, 28, 2171, 1, 0, 4.193, 23.48, 0, 0, 0, 2),
(2128, 29, 2172, 2, 262.5, 0, 203.37, 1.27, 0, 0, 0),
(2129, 28, 2173, 1, 0, 4.19, 23.48, 0, 0, 0, 2),
(2130, 29, 2174, 2, 262.5, 0, 203.37, 1.27, 0, 0, 0),
(2131, 28, 2175, 1, 0, 4.19, 23.48, 0, 0, 0, 2),
(2132, 29, 2176, 2, 262.6, 0, 204.36, 1.27, 0, 0, 0);

-- --------------------------------------------------------

--
-- Estructura de tabla para la tabla `usuarios`
--

CREATE TABLE `usuarios` (
  `id` int(11) NOT NULL,
  `usuario` varchar(10) CHARACTER SET utf8 COLLATE utf8_spanish2_ci NOT NULL,
  `pwd` varchar(35) NOT NULL,
  `tipo_usr` tinyint(1) NOT NULL,
  `id_usr` int(11) NOT NULL
) ENGINE=InnoDB DEFAULT CHARSET=latin1;

--
-- Volcado de datos para la tabla `usuarios`
--

INSERT INTO `usuarios` (`id`, `usuario`, `pwd`, `tipo_usr`, `id_usr`) VALUES
(2, 'Prueba pec', '1234', 1, 1),
(3, 'Dragon', '1234', 1, 3),
(4, 'Prueba', '1234', 2, 1),
(8, 'Donna', '123456', 2, 4),
(16, 'Permisos', '1234', 2, 6),
(17, 'rodolfo', 'e10adc3949ba59abbe56e057f20f883e', 2, 2),
(18, 'user', '123456', 2, 7);

-- --------------------------------------------------------

--
-- Estructura de tabla para la tabla `viajes`
--

CREATE TABLE `viajes` (
  `id` int(11) NOT NULL,
  `id_solicitudes` int(11) NOT NULL,
  `id_responsable` int(11) NOT NULL,
  `status` int(11) NOT NULL,
  `fecha_salida` date NOT NULL,
  `hora_salida` time NOT NULL,
  `fecha_entrega` date DEFAULT NULL,
  `hora_entrega` time DEFAULT NULL,
  `id_estacion` int(11) NOT NULL
) ENGINE=InnoDB DEFAULT CHARSET=utf8 COLLATE=utf8_spanish2_ci;

--
-- Volcado de datos para la tabla `viajes`
--

INSERT INTO `viajes` (`id`, `id_solicitudes`, `id_responsable`, `status`, `fecha_salida`, `hora_salida`, `fecha_entrega`, `hora_entrega`, `id_estacion`) VALUES
(26, 25, 2, 2, '2016-06-29', '17:00:00', NULL, NULL, 2),
(27, 27, 2, 1, '2016-09-08', '12:00:00', NULL, NULL, 1),
(29, 29, 2, 1, '2016-06-29', '07:00:00', NULL, NULL, 4),
(30, 48, 2, 1, '2016-07-06', '20:00:00', NULL, NULL, 5);

--
-- Índices para tablas volcadas
--

--
-- Indices de la tabla `AuthAssignment`
--
ALTER TABLE `AuthAssignment`
  ADD PRIMARY KEY (`itemname`,`userid`);

--
-- Indices de la tabla `AuthItem`
--
ALTER TABLE `AuthItem`
  ADD PRIMARY KEY (`name`);

--
-- Indices de la tabla `AuthItemChild`
--
ALTER TABLE `AuthItemChild`
  ADD PRIMARY KEY (`parent`,`child`),
  ADD KEY `child` (`child`);

--
-- Indices de la tabla `cepa`
--
ALTER TABLE `cepa`
  ADD PRIMARY KEY (`id`),
  ADD KEY `id_especie` (`id_especie`),
  ADD KEY `id_especie_2` (`id_especie`);

--
-- Indices de la tabla `clientes`
--
ALTER TABLE `clientes`
  ADD PRIMARY KEY (`id`);

--
-- Indices de la tabla `clientes_domicilio`
--
ALTER TABLE `clientes_domicilio`
  ADD PRIMARY KEY (`id`),
  ADD KEY `id_cliente` (`id_cliente`),
  ADD KEY `id_cliente_2` (`id_cliente`);

--
-- Indices de la tabla `escalon_viaje_ubicacion`
--
ALTER TABLE `escalon_viaje_ubicacion`
  ADD PRIMARY KEY (`id`),
  ADD KEY `id_viaje` (`id_viaje`);

--
-- Indices de la tabla `especie`
--
ALTER TABLE `especie`
  ADD PRIMARY KEY (`id`);

--
-- Indices de la tabla `estacion`
--
ALTER TABLE `estacion`
  ADD PRIMARY KEY (`id`);

--
-- Indices de la tabla `pedidos`
--
ALTER TABLE `pedidos`
  ADD PRIMARY KEY (`id`);

--
-- Indices de la tabla `personal`
--
ALTER TABLE `personal`
  ADD PRIMARY KEY (`id`),
  ADD KEY `id_rol` (`id_rol`);

--
-- Indices de la tabla `registro`
--
ALTER TABLE `registro`
  ADD PRIMARY KEY (`id`),
  ADD KEY `id_tanque` (`id_tanque`),
  ADD KEY `id_viaje` (`id_viaje`),
  ADD KEY `id_estacion` (`id_estacion`);

--
-- Indices de la tabla `roles`
--
ALTER TABLE `roles`
  ADD PRIMARY KEY (`id`);

--
-- Indices de la tabla `roles_permisos`
--
ALTER TABLE `roles_permisos`
  ADD PRIMARY KEY (`id`),
  ADD KEY `id_rol` (`id_rol`);

--
-- Indices de la tabla `solicitudes`
--
ALTER TABLE `solicitudes`
  ADD PRIMARY KEY (`id`),
  ADD KEY `id_clientes` (`id_clientes`);

--
-- Indices de la tabla `solicitudes_viaje`
--
ALTER TABLE `solicitudes_viaje`
  ADD PRIMARY KEY (`id`),
  ADD KEY `id_personal` (`id_personal`),
  ADD KEY `id_viaje` (`id_viaje`),
  ADD KEY `id_solicitud` (`id_solicitud`);

--
-- Indices de la tabla `solicitud_tanques`
--
ALTER TABLE `solicitud_tanques`
  ADD PRIMARY KEY (`id`),
  ADD KEY `id_solicitud` (`id_solicitud`),
  ADD KEY `id_tanque` (`id_tanque`),
  ADD KEY `id_domicilio` (`id_domicilio`),
  ADD KEY `id_cepas` (`id_cepas`);

--
-- Indices de la tabla `tanque`
--
ALTER TABLE `tanque`
  ADD PRIMARY KEY (`id`),
  ADD KEY `id_estacion` (`id_estacion`);

--
-- Indices de la tabla `uploadTemp`
--
ALTER TABLE `uploadTemp`
  ADD PRIMARY KEY (`id`),
  ADD KEY `id_tanque` (`id_tanque`),
  ADD KEY `id_escalon_viaje_ubicacion` (`id_escalon_viaje_ubicacion`);

--
-- Indices de la tabla `usuarios`
--
ALTER TABLE `usuarios`
  ADD PRIMARY KEY (`id`),
  ADD KEY `id_usr` (`id_usr`);

--
-- Indices de la tabla `viajes`
--
ALTER TABLE `viajes`
  ADD PRIMARY KEY (`id`),
  ADD KEY `id_clientes` (`id_solicitudes`),
  ADD KEY `id_responsable` (`id_responsable`),
  ADD KEY `id_estacion` (`id_estacion`);

--
-- AUTO_INCREMENT de las tablas volcadas
--

--
-- AUTO_INCREMENT de la tabla `cepa`
--
ALTER TABLE `cepa`
  MODIFY `id` int(11) NOT NULL AUTO_INCREMENT, AUTO_INCREMENT=10;
--
-- AUTO_INCREMENT de la tabla `clientes`
--
ALTER TABLE `clientes`
  MODIFY `id` int(11) NOT NULL AUTO_INCREMENT, AUTO_INCREMENT=9;
--
-- AUTO_INCREMENT de la tabla `clientes_domicilio`
--
ALTER TABLE `clientes_domicilio`
  MODIFY `id` int(11) NOT NULL AUTO_INCREMENT, AUTO_INCREMENT=15;
--
-- AUTO_INCREMENT de la tabla `escalon_viaje_ubicacion`
--
ALTER TABLE `escalon_viaje_ubicacion`
  MODIFY `id` int(11) NOT NULL AUTO_INCREMENT, AUTO_INCREMENT=2177;
--
-- AUTO_INCREMENT de la tabla `especie`
--
ALTER TABLE `especie`
  MODIFY `id` int(11) NOT NULL AUTO_INCREMENT, AUTO_INCREMENT=14;
--
-- AUTO_INCREMENT de la tabla `estacion`
--
ALTER TABLE `estacion`
  MODIFY `id` int(11) NOT NULL AUTO_INCREMENT, AUTO_INCREMENT=7;
--
-- AUTO_INCREMENT de la tabla `pedidos`
--
ALTER TABLE `pedidos`
  MODIFY `id` int(11) NOT NULL AUTO_INCREMENT, AUTO_INCREMENT=9;
--
-- AUTO_INCREMENT de la tabla `personal`
--
ALTER TABLE `personal`
  MODIFY `id` int(11) NOT NULL AUTO_INCREMENT, AUTO_INCREMENT=8;
--
-- AUTO_INCREMENT de la tabla `registro`
--
ALTER TABLE `registro`
  MODIFY `id` int(11) NOT NULL AUTO_INCREMENT;
--
-- AUTO_INCREMENT de la tabla `roles`
--
ALTER TABLE `roles`
  MODIFY `id` int(11) NOT NULL AUTO_INCREMENT, AUTO_INCREMENT=16;
--
-- AUTO_INCREMENT de la tabla `roles_permisos`
--
ALTER TABLE `roles_permisos`
  MODIFY `id` int(11) NOT NULL AUTO_INCREMENT, AUTO_INCREMENT=73;
--
-- AUTO_INCREMENT de la tabla `solicitudes`
--
ALTER TABLE `solicitudes`
  MODIFY `id` int(11) NOT NULL AUTO_INCREMENT, AUTO_INCREMENT=62;
--
-- AUTO_INCREMENT de la tabla `solicitudes_viaje`
--
ALTER TABLE `solicitudes_viaje`
  MODIFY `id` int(11) NOT NULL AUTO_INCREMENT, AUTO_INCREMENT=58;
--
-- AUTO_INCREMENT de la tabla `solicitud_tanques`
--
ALTER TABLE `solicitud_tanques`
  MODIFY `id` int(11) NOT NULL AUTO_INCREMENT, AUTO_INCREMENT=42;
--
-- AUTO_INCREMENT de la tabla `tanque`
--
ALTER TABLE `tanque`
  MODIFY `id` int(11) NOT NULL AUTO_INCREMENT, AUTO_INCREMENT=40;
--
-- AUTO_INCREMENT de la tabla `uploadTemp`
--
ALTER TABLE `uploadTemp`
  MODIFY `id` int(11) NOT NULL AUTO_INCREMENT, AUTO_INCREMENT=2133;
--
-- AUTO_INCREMENT de la tabla `usuarios`
--
ALTER TABLE `usuarios`
  MODIFY `id` int(11) NOT NULL AUTO_INCREMENT, AUTO_INCREMENT=19;
--
-- AUTO_INCREMENT de la tabla `viajes`
--
ALTER TABLE `viajes`
  MODIFY `id` int(11) NOT NULL AUTO_INCREMENT, AUTO_INCREMENT=31;
--
-- Restricciones para tablas volcadas
--

--
-- Filtros para la tabla `AuthAssignment`
--
ALTER TABLE `AuthAssignment`
  ADD CONSTRAINT `authassignment_ibfk_1` FOREIGN KEY (`itemname`) REFERENCES `AuthItem` (`name`) ON DELETE CASCADE;

--
-- Filtros para la tabla `AuthItemChild`
--
ALTER TABLE `AuthItemChild`
  ADD CONSTRAINT `authitemchild_ibfk_1` FOREIGN KEY (`parent`) REFERENCES `AuthItem` (`name`) ON DELETE CASCADE,
  ADD CONSTRAINT `authitemchild_ibfk_2` FOREIGN KEY (`child`) REFERENCES `AuthItem` (`name`) ON DELETE CASCADE;

--
-- Filtros para la tabla `cepa`
--
ALTER TABLE `cepa`
  ADD CONSTRAINT `cepa_ibfk_1` FOREIGN KEY (`id_especie`) REFERENCES `especie` (`id`) ON DELETE CASCADE ON UPDATE CASCADE;

--
-- Filtros para la tabla `clientes_domicilio`
--
ALTER TABLE `clientes_domicilio`
  ADD CONSTRAINT `clientes_domicilio_ibfk_1` FOREIGN KEY (`id_cliente`) REFERENCES `clientes` (`id`) ON DELETE CASCADE ON UPDATE CASCADE;

--
-- Filtros para la tabla `escalon_viaje_ubicacion`
--
ALTER TABLE `escalon_viaje_ubicacion`
  ADD CONSTRAINT `escalon_viaje_ubicacion_ibfk_2` FOREIGN KEY (`id_viaje`) REFERENCES `viajes` (`id`) ON DELETE CASCADE ON UPDATE CASCADE;

--
-- Filtros para la tabla `personal`
--
ALTER TABLE `personal`
  ADD CONSTRAINT `personal_ibfk_1` FOREIGN KEY (`id_rol`) REFERENCES `roles` (`id`) ON DELETE CASCADE ON UPDATE CASCADE;

--
-- Filtros para la tabla `registro`
--
ALTER TABLE `registro`
  ADD CONSTRAINT `registro_ibfk_1` FOREIGN KEY (`id_tanque`) REFERENCES `tanque` (`id`) ON DELETE CASCADE ON UPDATE CASCADE;

--
-- Filtros para la tabla `roles_permisos`
--
ALTER TABLE `roles_permisos`
  ADD CONSTRAINT `roles_permisos_ibfk_1` FOREIGN KEY (`id_rol`) REFERENCES `roles` (`id`) ON DELETE CASCADE ON UPDATE CASCADE;

--
-- Filtros para la tabla `solicitudes`
--
ALTER TABLE `solicitudes`
  ADD CONSTRAINT `solicitudes_ibfk_1` FOREIGN KEY (`id_clientes`) REFERENCES `clientes` (`id`) ON DELETE CASCADE ON UPDATE CASCADE;

--
-- Filtros para la tabla `solicitudes_viaje`
--
ALTER TABLE `solicitudes_viaje`
  ADD CONSTRAINT `solicitudes_viaje_ibfk_2` FOREIGN KEY (`id_viaje`) REFERENCES `viajes` (`id`) ON DELETE NO ACTION ON UPDATE NO ACTION,
  ADD CONSTRAINT `solicitudes_viaje_ibfk_3` FOREIGN KEY (`id_solicitud`) REFERENCES `solicitudes` (`id`) ON DELETE NO ACTION ON UPDATE NO ACTION;

--
-- Filtros para la tabla `solicitud_tanques`
--
ALTER TABLE `solicitud_tanques`
  ADD CONSTRAINT `solicitud_tanques_ibfk_1` FOREIGN KEY (`id_solicitud`) REFERENCES `solicitudes` (`id`) ON DELETE CASCADE ON UPDATE CASCADE,
  ADD CONSTRAINT `solicitud_tanques_ibfk_2` FOREIGN KEY (`id_tanque`) REFERENCES `tanque` (`id`) ON DELETE CASCADE ON UPDATE CASCADE,
  ADD CONSTRAINT `solicitud_tanques_ibfk_3` FOREIGN KEY (`id_domicilio`) REFERENCES `clientes_domicilio` (`id`) ON DELETE CASCADE ON UPDATE CASCADE,
  ADD CONSTRAINT `solicitud_tanques_ibfk_4` FOREIGN KEY (`id_cepas`) REFERENCES `cepa` (`id`) ON DELETE CASCADE ON UPDATE CASCADE;

--
-- Filtros para la tabla `tanque`
--
ALTER TABLE `tanque`
  ADD CONSTRAINT `tanque_ibfk_1` FOREIGN KEY (`id_estacion`) REFERENCES `estacion` (`id`) ON DELETE CASCADE ON UPDATE CASCADE;

--
-- Filtros para la tabla `uploadTemp`
--
ALTER TABLE `uploadTemp`
  ADD CONSTRAINT `uploadtemp_ibfk_1` FOREIGN KEY (`id_tanque`) REFERENCES `tanque` (`id`) ON DELETE CASCADE ON UPDATE CASCADE,
  ADD CONSTRAINT `uploadtemp_ibfk_2` FOREIGN KEY (`id_escalon_viaje_ubicacion`) REFERENCES `escalon_viaje_ubicacion` (`id`) ON DELETE CASCADE ON UPDATE CASCADE;

--
-- Filtros para la tabla `viajes`
--
ALTER TABLE `viajes`
  ADD CONSTRAINT `viajes_ibfk_1` FOREIGN KEY (`id_solicitudes`) REFERENCES `solicitudes` (`id`) ON DELETE CASCADE ON UPDATE CASCADE,
  ADD CONSTRAINT `viajes_ibfk_2` FOREIGN KEY (`id_responsable`) REFERENCES `personal` (`id`) ON DELETE CASCADE ON UPDATE CASCADE;

/*!40101 SET CHARACTER_SET_CLIENT=@OLD_CHARACTER_SET_CLIENT */;
/*!40101 SET CHARACTER_SET_RESULTS=@OLD_CHARACTER_SET_RESULTS */;
/*!40101 SET COLLATION_CONNECTION=@OLD_COLLATION_CONNECTION */;
